"Date","Time","Type","Reference No","Discription","Cash IN","Cash Out","UPI IN","UPI OUT","Running Cash Balance","Running UPI Balance","Total Available (Cash+UPI)","","","","","","","","","","","","","",""
"","","","","","10,170.00","","","","","","","","","","","","","","","","","","","",""
"05.02.2026","0","Opening Balance","","","10,170.00","","0.00","","10,170.00","0.00","10,170.00","","","","","","","","","","","","","",""
"05.02.2026","0","Vendor Payment-Cash","2493","N. BISWAS & CHOWDHURY","","4,434.00","","","5,736.00","0.00","5,736.00","","","","","","","","","","","","","",""
"05.02.2026","0","Sale-Cash","","","3,413.00","","","","9,149.00","0.00","9,149.00","","","","","","","","","","","","","",""
"05.02.2026","0","Sale-UPI","","","","","1,597.00","","9,149.00","1,597.00","10,746.00","","","","","","","","","","","","","",""
"06.02.2026","0","Opening Balance","","","","","","","9,149.00","1,597.00","10,746.00","","","","","","","","","","","","","",""
"06.02.2026","0","Sale-Cash","","","1,959.00","","","","11,108.00","1,597.00","12,705.00","","","","","","","","","","","","","",""
"06.02.2026","0","Vendor Payment-Cash","","MURI","","640.00","","","10,468.00","1,597.00","12,065.00","","","","","","","","","","","","","",""
"06.02.2026","0","Vendor Payment-Cash","","IMAMI","","1,585.00","","","8,883.00","1,597.00","10,480.00","","","","","","","","","","","","","",""
"06.02.2026","0","Sale-UPI","","","","","2,600.00","","8,883.00","4,197.00","13,080.00","","","","","","","","","","","","","",""
"07.02.2026","0","Opening Balance","","","","","","","8,883.00","4,197.00","13,080.00","","","","","","","","","","","","","",""
"07.02.2026","0","Sale-Cash","","","2,357.00","","","","11,240.00","4,197.00","15,437.00","","","","","","","","","","","","","",""
"07.02.2026","0","Sale-UPI","","","","","2,859.00","","11,240.00","7,056.00","18,296.00","","","","","","","","","","","","","",""
"07.02.2026","0","Vendor Payment-Cash","","SUNFEAST","","1,747.00","","","9,493.00","7,056.00","16,549.00","","","","","","","","","","","","","",""
"07.02.2026","0","Vendor Payment-Cash","","SABITRA","","1,193.00","","","8,300.00","7,056.00","15,356.00","","","","","","","","","","","","","",""
"08.02.2026","0","Sale-Cash","","","2,250.00","","","","10,550.00","7,056.00","17,606.00","","","","","","","","","","","","","",""
"08.02.2026","0","Sale-UPI","","","","","1,650.00","","10,550.00","8,706.00","19,256.00","","","","","","","","","","","","","",""
"09.02.2026","0","Opening Balance","","","","","","","10,550.00","8,706.00","19,256.00","","","","","","","","","","","","","",""
"09.02.2026","0","Sale-Cash","","","3,046.00","","","","13,596.00","8,706.00","22,302.00","","","","","","","","","","","","","",""
"09.02.2026","0","Sale-UPI","","","","","3,881.00","","13,596.00","12,587.00","26,183.00","","","","","","","","","","","","","",""
"09.02.2026","0","Vendor Payment-Cash","","FORTUNE","","8,190.00","","","5,406.00","12,587.00","17,993.00","","","","","","","","","","","","","",""
"09.02.2026","0","Vendor Payment-Cash","","BRITANNIYA","","2,358.00","","","3,048.00","12,587.00","15,635.00","","","","","","","","","","","","","",""
"09.02.2026","0","Expense","","TOTO+PRINTER PAGE","","170.00","","","2,878.00","12,587.00","15,465.00","","","","","","","","","","","","","",""
"10.02.2026","0","Opening Balance","","","","","","","2,878.00","12,587.00","15,465.00","","","","","","","","","","","","","",""
"10.02.2026","0","Sale-Cash","","","3,088.00","","","","5,966.00","12,587.00","18,553.00","","","","","","","","","","","","","",""
"10.02.2026","0","Sale-UPI","","","","","1,282.00","","5,966.00","13,869.00","19,835.00","","","","","","","","","","","","","",""
"10.02.2026","0","Vendor Payment-Cash","","PROVUJI","","1,362.00","","","4,604.00","13,869.00","18,473.00","","","","","","","","","","","","","",""
"10.02.2026","0","Vendor Payment-Cash","","HINDUSTAN","","1,346.00","","","3,258.00","13,869.00","17,127.00","","","","","","","","","","","","","",""
"11.02.2026","0","Opening Balance","","","","","","","3,258.00","13,869.00","17,127.00","","","","","","","","","","","","","",""
"11.02.2026","0","Sale-Cash","","","3,012.00","","","","6,270.00","13,869.00","20,139.00","","","","","","","","","","","","","",""
"11.02.2026","0","Sale-UPI","","","","","1,649.00","","6,270.00","15,518.00","21,788.00","","","","","","","","","","","","","",""
"11.02.2026","0","Vendor Payment-Cash","","BIKAJI","","1,256.00","","","5,014.00","15,518.00","20,532.00","","","","","","","","","","","","","",""
"11.02.2026","0","Vendor Payment-Cash","","CADBURY","","947.00","","","4,067.00","15,518.00","19,585.00","","","","","","","","","","","","","",""
"12.02.2026","0","Opening Balance","","","","","","","4,067.00","15,518.00","19,585.00","","","","","","","","","","","","","",""
"12.02.2026","0","Sale-Cash","","","3,495.00","","","","7,562.00","15,518.00","23,080.00","","","","","","","","","","","","","",""
"12.02.2026","0","Sale-UPI","","","","","1,563.00","","7,562.00","17,081.00","24,643.00","","","","","","","","","","","","","",""
"12.02.2026","0","Expense","","","","40.00","","","7,522.00","17,081.00","24,603.00","","","","","","","","","","","","","",""
"13.02.2026","0","Opening Balance","","","","","","","7,522.00","17,081.00","24,603.00","","","","","","","","","","","","","",""
"13.02.2026","0","Sale-Cash","","","3,215.00","","","","10,737.00","17,081.00","27,818.00","","","","","","","","","","","","","",""
"13.02.2026","0","Sale-UPI","","","","","2,597.00","","10,737.00","19,678.00","30,415.00","","","","","","","","","","","","","",""
"13.02.2026","0","Vendor Payment-Cash","","ITC","","3,313.00","","","7,424.00","19,678.00","27,102.00","","","","","","","","","","","","","",""
"14.02.2026","0","Opening Balance","","","","","","","7,424.00","19,678.00","27,102.00","","","","","","","","","","","","","",""
"14.02.2026","0","Sale-Cash","","","1,659.00","","","","9,083.00","19,678.00","28,761.00","","","","","","","","","","","","","",""
"14.02.2026","0","Sale-UPI","","","","","1,429.00","","9,083.00","21,107.00","30,190.00","","","","","","","","","","","","","",""
"14.02.2026","0","Vendor Payment-Cash","","GOURI SANKAR AGENCY","","6,248.00","","","2,835.00","21,107.00","23,942.00","","","","","","","","","","","","","",""
"14.02.202","0","Vendor Payment-Cash","","BARNWAL AGENCY (AMUL)","","902.00","","","1,933.00","21,107.00","23,040.00","","","","","","","","","","","","","",""
"15.02.2026","0","Opening Balance","","","","","","","1,933.00","21,107.00","23,040.00","","","","","","","","","","","","","",""
"15.02.2026","0","Sale-Cash","","","3,506.00","","","","5,439.00","21,107.00","26,546.00","","","","","","","","","","","","","",""
"15.02.2026","0","Sale-UPI","","","","","1,181.00","","5,439.00","22,288.00","27,727.00","","","","","","","","","","","","","",""
"15.02.2026","0","Expense","","","","50.00","","","5,389.00","22,288.00","27,677.00","","","","","","","","","","","","","",""
"16.02.2026","0","Opening Balance","","","","","","","5,389.00","22,288.00","27,677.00","","","","","","","","","","","","","",""
"16.02.2026","0","Sale-Cash","","","6,159.00","","","","11,548.00","22,288.00","33,836.00","","","","","","","","","","","","","",""
"16.02.2026","0","Sale-UPI","","","","","1,092.00","","11,548.00","23,380.00","34,928.00","","","","","","","","","","","","","",""
"16.02.2026","0","Vendor Payment-Cash","","PEPSI","","5,010.00","","","6,538.00","23,380.00","29,918.00","","","","","","","","","","","","","",""
"16.02.2026","0","Vendor Payment-Cash","","BARNWAL AGENCY (AMUL)","","2,316.00","","","4,222.00","23,380.00","27,602.00","","","","","","","","","","","","","",""
"16.02.2026","0","Vendor Payment-Cash","","GOURI SANKAR","","393.00","","","3,829.00","23,380.00","27,209.00","","","","","","","","","","","","","",""
"16.02.2026","0","Vendor Payment-Cash","","BARNWAL AGENCY (AMUL)","","1,060.00","","","2,769.00","23,380.00","26,149.00","","","","","","","","","","","","","",""
"16.02.2026","0","Expense","","TOTO+ CHARITY","","30.00","","","2,739.00","23,380.00","26,119.00","","","","","","","","","","","","","",""
"17.02.2026","0","Opening Balance","","","","","","","7,763.00","23,380.00","31,143.00","","","","","","","","","","","","","",""
"17.02.2026","0","Sale-Cash","","","5,024.00","","","","7,763.00","23,995.00","31,758.00","","","","","","","","","","","","","",""
"17.02.2026","0","Sale-UPI","","","","","615.00","","7,763.00","23,995.00","31,758.00","","","","","","","","","","","","","",""
"17.02.2026","0","Vendor Payment-Cash","","SOYETA TREADING","","997.00","","","6,766.00","23,995.00","30,761.00","","","","","","","","","","","","","",""
"17.02.2026","0","Vendor Payment-Cash","","AMRITA SALES","","4,202.00","","","2,564.00","23,995.00","26,559.00","","","","","","","","","","","","","",""
"17.02.2026","0","Vendor Payment-Cash","","N BISWAS","","","","","2,564.00","23,995.00","26,559.00","","","","","","","","","","","","","",""
"17.02.2026","0","Vendor Payment-Cash","","COOCH BEHAR BAZAAR  (KELLOGGS)","","722.00","","","1,842.00","23,995.00","25,837.00","","","","","","","","","","","","","",""
"18.02.2026","0","Opening Balance","","","","","","","1,842.00","23,995.00","25,837.00","","","","","","","","","","","","","",""
"18.02.2026","0","Sale-Cash","","","3,510.00","","","","5,352.00","23,995.00","29,347.00","","","","","","","","","","","","","",""
"18.02.2026","0","Sale-UPI","","","","","1,055.00","","5,352.00","25,050.00","30,402.00","","","","","","","","","","","","","",""
"19.02.2026","0","Opening Balance","","","","","","","5,352.00","25,050.00","30,402.00","","","","","","","","","","","","","",""
"19.02.2026","0","Sale-Cash","","","4,627.00","","","","9,979.00","25,050.00","35,029.00","","","","","","","","","","","","","",""
"19.02.2026","0","Sale-UPI","","","","","2,079.00","","9,979.00","27,129.00","37,108.00","","","","","","","","","","","","","",""
"19.02.2026","0","Vendor Payment-Cash","","SAHA  AGENCY","","771.00","","","9,208.00","27,129.00","36,337.00","","","","","","","","","","","","","",""
"19.02.2026","0","Vendor Payment-Cash","","GOURI SANKAR ASSOCIATES","","2,709.00","","","6,499.00","27,129.00","33,628.00","","","","","","","","","","","","","",""
"20.02.2026","0","Opening Balance","","","","","","","6,499.00","27,129.00","33,628.00","","","","","","","","","","","","","",""
"20.02.2026","0","Sale-Cash","","","2,410.00","","","","8,909.00","27,129.00","36,038.00","","","","","","","","","","","","","",""
"20.02.2026","0","Sale-UPI","","","","","3,092.00","","8,909.00","30,221.00","39,130.00","","","","","","","","","","","","","",""
"20.02.2026","0","Vendor Payment-Cash","","SOYETA TRADING","","542.00","","","8,367.00","30,221.00","38,588.00","","","","","","","","","","","","","",""
"20.02.2026","0","Expense","","DHUB KHATI","","55.00","","","8,312.00","30,221.00","38,533.00","","","","","","","","","","","","","",""
"21.02.2026","0","Opening Balance","","","","","","","8,312.00","30,221.00","38,533.00","","","","","","","","","","","","","",""
"21.02.2026","0","Sale-Cash","","","1,404.00","","","","9,716.00","30,221.00","39,937.00","","","","","","","","","","","","","",""
"21.02.2026","0","Sale-UPI","","","","","2,261.00","","9,716.00","32,482.00","42,198.00","","","","","","","","","","","","","",""
"21.02.2026","0","Vendor Payment-Cash","","NESLA","","6,118.00","","","3,598.00","32,482.00","36,080.00","","","","","","","","","","","","","",""
"22.02.2026","0","Opening Balance","","","","","","","3,598.00","32,482.00","36,080.00","","","","","","","","","","","","","",""
"22.02.2026","0","Sale-Cash","","","2,237.00","","","","5,835.00","34,363.00","40,198.00","","","","","","","","","","","","","",""
"22.02.2026","0","Sale-UPI","","","","","1,881.00","","5,835.00","34,363.00","40,198.00","","","","","","","","","","","","","",""
"23.02.2026","0","Opening Balance","","","","","","","5,835.00","34,363.00","40,198.00","","","","","","","","","","","","","",""
"23.02.2026","0","Sale-Cash","","","3,840.00","","","","9,675.00","34,363.00","44,038.00","","","","","","","","","","","","","",""
"23.02.2026","0","Sale-UPI","","","","","4,406.00","","9,675.00","38,769.00","48,444.00","","","","","","","","","","","","","",""
"23.02.2026","0","Vendor Payment-Cash","","BRITANNIYA","","2,995.00","","","6,680.00","38,769.00","45,449.00","","","","","","","","","","","","","",""
"23.02.2026","0","Vendor Payment-Cash","","BEKARI","","1,060.00","","","5,620.00","38,769.00","44,389.00","","","","","","","","","","","","","",""
"24.02.2026","0","Opening Balance","","","","","","","5,620.00","38,769.00","44,389.00","","","","","","","","","","","","","",""
"24.02.2026","0","Sale-Cash","","","2,928.00","","","","8,548.00","38,769.00","47,317.00","","","","","","","","","","","","","",""
"24.02.2026","0","Sale-UPI","","","","","1,132.00","","8,548.00","39,901.00","48,449.00","","","","","","","","","","","","","",""
"24.02.2026","0","Vendor Payment-Cash","","SOYETA TRADING","","830.00","","","7,718.00","39,901.00","47,619.00","","","","","","","","","","","","","",""
"24.02.2026","0","Vendor Payment-Cash","","PROBHUJI","","1,640.00","","","6,078.00","39,901.00","45,979.00","","","","","","","","","","","","","",""
"24.02.2026","0","Vendor Payment-Cash","","NYKAA","","130.00","","","5,948.00","39,901.00","45,849.00","","","","","","","","","","","","","",""
"24.02.2026","0","Vendor Payment-Cash","","NIVEA","","311.00","","","5,637.00","39,901.00","45,538.00","","","","","","","","","","","","","",""
"24.02.2026","0","Expense","","PRINTER PAGE","","410.00","","","5,227.00","39,901.00","45,128.00","","","","","","","","","","","","","",""
"24.02.2026","0","Vendor Payment-Cash","","BIKAJI","","1,115.00","","","4,112.00","39,901.00","44,013.00","","","","","","","","","","","","","",""
"25.02.2026","0","Opening Balance","","","","","","","4,112.00","39,901.00","44,013.00","","","","","","","","","","","","","",""
"25.02.2026","0","Sale-Cash","","","5,673.00","","","","9,785.00","39,901.00","49,686.00","","","","","","","","","","","","","",""
"25.02.2026","0","Sale-UPI","","","","","2,767.00","","9,785.00","42,668.00","52,453.00","","","","","","","","","","","","","",""
"25.02.2026","0","Vendor Payment-Cash","A006177","AMUL","","4,572.00","","","5,213.00","42,668.00","47,881.00","","","","","","","","","","","","","",""
"25.02.2026","0","Vendor Payment-Cash","","BEKARIY","","233.00","","","4,980.00","42,668.00","47,648.00","","","","","","","","","","","","","",""
"25.02.2026","0","Vendor Payment-Cash","","PROBHUJI","","141.00","","","4,839.00","42,668.00","47,507.00","","","","","","","","","","","","","",""
"26.02.2026","0","Opening Balance","","","","","","","4,839.00","42,668.00","47,507.00","","","","","","","","","","","","","",""
"26.02.2026","0","Sale-Cash","","","2,314.00","","","","7,153.00","42,668.00","49,821.00","","","","","","","","","","","","","",""
"26.02.2026","0","Sale-UPI","","","","","3,385.00","","7,153.00","46,053.00","53,206.00","","","","","","","","","","","","","",""
"26.02.2026","0","Vendor Payment-Cash","","FORTUNE","","514.00","","","6,639.00","46,053.00","52,692.00","","","","","","","","","","","","","",""
"","","Sale-Split","","","","","","","6,639.00","46,053.00","52,692.00","","","","","","","","","","","","","",""
"27.02.2026","0","Opening Balance","","","","","","","6,639.00","46,053.00","52,692.00","","","","","","","","","","","","","",""
"27.02.2026","0","Sale-Cash","","","1,768.00","","","","8,407.00","46,053.00","54,460.00","","","","","","","","","","","","","",""
"27.02.2026","0","Sale-UPI","","","","","826.00","","8,407.00","46,879.00","55,286.00","","","","","","","","","","","","","",""
"27.02.2026","0","Vendor Payment-Cash","","BEKARY","","2,021.00","","","6,386.00","46,879.00","53,265.00","","","","","","","","","","","","","",""
"28.02.2026","0","Opening Balance","","","","","","","6,386.00","46,879.00","53,265.00","","","","","","","","","","","","","",""
"28.02.2026","0","Sale-Cash","","","1,559.00","","","","7,945.00","46,879.00","54,824.00","","","","","","","","","","","","","",""
"28.02.2026","0","Sale-UPI","","","","","2,108.00","","7,945.00","48,987.00","56,932.00","","","","","","","","","","","","","",""
"28.02.2026","0","Vendor Payment-Cash","","SAMPOT GUPTA CHAUDHARY","","330.00","","","7,615.00","48,987.00","56,602.00","","","","","","","","","","","","","",""
"28.02.2026","0","Vendor Payment-Cash",""," NESCAFE","","1,626.00","","","5,989.00","48,987.00","54,976.00","","","","","","","","","","","","","",""
"28.02.2026","0","Expense","","TOTO + CHERITY","","120.00","","","5,869.00","48,987.00","54,856.00","","","","","","","","","","","","","",""
"28.02.2026","0","Vendor Payment-Cash","","RICE Rifad Paid Cred UPI","","","","","5,869.00","48,987.00","54,856.00","","","","","","","","","","","","","",""
"01.03.2026","0","Opening Balance","","","","","","","5,869.00","48,987.00","54,856.00","","","","","","","","","","","","","",""
"01.03.2026","22:07:00","Sale-Cash","","","2,937.00","","","","8,806.00","48,987.00","57,793.00","","","","","","","","","","","","","",""
"01.03.2026","22:07:00","Sale-UPI","","","","","4,969.00","","8,806.00","53,956.00","62,762.00","","","","","","","","","","","","","",""
"02.03.2026","18:22:00","Opening Balance","","","","","","","8,806.00","53,956.00","62,762.00","","","","","","","","","","","","","",""
"02.03.2026","18:22:00","Vendor Payment-Cash","I/25-26/075872","GOURI SANKAR ASSOCIATES","","1,423.00","","","7,383.00","53,956.00","61,339.00","","","","","","","","","","","","","",""
"02.03.2026","18:24:00","Vendor Payment-Cash","A256003347","AALEKHYA ASSOCIATES","","1,713.00","","","5,670.00","53,956.00","59,626.00","","","","","","","","","","","","","",""
"02.03.2026","18:26:00","Vendor Payment-Cash","27024","SAHA AGENCY","","826.00","","","4,844.00","53,956.00","58,800.00","","","","","","","","","","","","","",""
"02.03.2026","21:23:00","Vendor Payment-Cash","25-26/SSA-10246","SANJAY SALES AGENCIEY","","","","","4,844.00","53,956.00","58,800.00","","","","","","","","","","","","","",""
"02.03.2026","22:05:00","Sale-Cash","","","4,104.00","","","","8,948.00","53,956.00","62,904.00","","","","","","","","","","","","","",""
"02.03.2026","22:06:00","Sale-UPI","","","","","2,626.00","","8,948.00","56,582.00","65,530.00","","","","","","","","","","","","","",""
"02.03.2026","22:08:00","Expense","","MOUSE","","200.00","","","8,748.00","56,582.00","65,330.00","","","","","","","","","","","","","",""
"03.03.2026","09:28:00","Opening Balance","","","","","","","8,748.00","56,582.00","65,330.00","","","","","","","","","","","","","",""
"03.03.2026","14:26:00","Vendor Payment-Cash","","N BISWAS&CHOWDHURIY","","3,345.00","","","5,403.00","56,582.00","61,985.00","","","","","","","","","","","","","",""
"03.03.2026","22:07:00","Sale-Cash","","","5,833.00","","","","11,236.00","56,582.00","67,818.00","","","","","","","","","","","","","",""
"03.03.2026","22:07:00","Sale-UPI","","","","","1,241.00","","11,236.00","57,823.00","69,059.00","","","","","","","","","","","","","",""
"04.03.2026","22:02:00","Opening Balance","","","","","","","11,236.00","57,823.00","69,059.00","","","","","","","","","","","","","",""
"04.03.2026","22:02:00","Sale-Cash","","","4,220.00","","","","15,456.00","57,823.00","73,279.00","","","","","","","","","","","","","",""
"04.03.2026","22:02:00","Sale-UPI","","","","","3,001.00","","15,456.00","60,824.00","76,280.00","","","","","","","","","","","","","",""
"05.03.2026","09:23:00","Opening Balance","","","","","","","15,456.00","60,824.00","76,280.00","","","","","","","","","","","","","",""
"05.03.2026","10:53:00","Vendor Payment-Cash","266","SABITRI TRADERS","","1,442.00","","","14,014.00","60,824.00","74,838.00","","","","","","","","","","","","","",""
"05.03.2026","19:16:00","Vendor Payment-Cash","GTE81566","SOYETA TRADING CO","","780.00","","","13,234.00","60,824.00","74,058.00","","","","","","","","","","","","","",""
"05.03.2026","22:03:00","Sale-Cash","","","3,134.00","","","","16,368.00","60,824.00","77,192.00","","","","","","","","","","","","","",""
"05.03.2026","22:03:00","Sale-UPI","","","","","3,322.00","","16,368.00","64,146.00","80,514.00","","","","","","","","","","","","","",""
"06.03.2026","09:00:00","Opening Balance","","","","","","","16,368.00","64,146.00","80,514.00","","","","","","","","","","","","","",""
"06.03.2026","11:01:00","Exchange","1372","GILLETTE GUARD  CHANG THIS PRODUCT","","40.00","","","16,328.00","64,146.00","80,474.00","","","","","","","","","","","","","",""
"06.03.2026","15:19:00","Vendor Payment-Cash","455","SUTRADHAR EXPORT & IMPORT","","714.00","","","15,614.00","64,146.00","79,760.00","","","","","","","","","","","","","",""
"06.03.2026","15:21:00","Vendor Payment-Cash","15656","COOCH BEHAR BAZAAR  (GHEE,PAPAR, KASONTI)","","3,765.00","","","11,849.00","64,146.00","75,995.00","","","","","","","","","","","","","",""
"06.03.2026","15:22:00","Vendor Payment-Cash","KEL/24-25/12277","SARADA SALES","","825.00","","","11,024.00","64,146.00","75,170.00","","","","","","","","","","","","","",""
"06.03.2026","18:44:00","Vendor Payment-Cash","Fri Mar 06 2026 00:00:00 GMT+0530 (India Standard Time)","PRAN","","709.00","","","10,315.00","64,146.00","74,461.00","","","","","","","","","","","","","",""
"06.03.2026","19:19:00","Vendor Payment-Cash","A006329","BARNWAL AGENCY","","6,065.00","","","4,250.00","64,146.00","68,396.00","","","","","","","","","","","","","",""
"06.03.2026","19:45:00","Expense","","JAI MATA DI PARIVAHAN PVT. LTD  ","","1,050.00","","","3,200.00","64,146.00","67,346.00","","","","","","","","","","","","","",""
"06.03.2026","19:46:00","Vendor Payment-Cash","","TOTO  VARA","","120.00","","","3,080.00","64,146.00","67,226.00","","","","","","","","","","","","","",""
"06.03.2026","22:11:00","Sale-Cash","","","1,693.00","","","","4,773.00","64,146.00","68,919.00","","","","","","","","","","","","","",""
"06.03.2026","22:11:00","Sale-UPI","","","","","1,636.00","","4,773.00","65,782.00","70,555.00","","","","","","","","","","","","","",""
"07.03.2026","12:28:00","Opening Balance","","","","","","","4,773.00","65,782.00","70,555.00","","","","","","","","","","","","","",""
"07.03.2026","12:29:00","Sale-Cash","","DADU ADD ","10,000.00","","","","14,773.00","65,782.00","80,555.00","","","","","","","","","","","","","",""
"07.03.2026","12:29:00","Vendor Payment-Cash","I/25-26/077101","GOURI SANKAR ASSOCIATES","","1,666.00","","","13,107.00","65,782.00","78,889.00","","","","","","","","","","","","","",""
"07.03.2026","12:31:00","Vendor Payment-Cash","FSL417853","GOURI SANKAR AGENCY","","2,025.00","","","11,082.00","65,782.00","76,864.00","","","","","","","","","","","","","",""
"07.03.2026","12:31:00","Vendor Payment-Cash","25-26/SSA-10433","SANJAY SALES AGENCIES","","6,802.00","","","4,280.00","65,782.00","70,062.00","","","","","","","","","","","","","",""
"07.03.2026","13:23:00","Vendor Payment-Cash","MKE/10544","MAA KAMAKHYA ENTERPRISE ","","","","","4,280.00","65,782.00","70,062.00","","","","","","","","","","","","","",""
"07.03.2027","14:46:00","Vendor Payment-Cash","Sat Mar 07 2026 00:00:00 GMT+0530 (India Standard Time)","JOYGURU ENTERPRISE","","640.00","","","3,640.00","65,782.00","69,422.00","","","","","","","","","","","","","",""
"07.03.2026","18:48:00","Vendor Payment-Cash","121","COOCH BEHAR BAZAAR  (MURI,OIL,DIM)","","1,780.00","","","1,860.00","65,782.00","67,642.00","","","","","","","","","","","","","",""
"07.03.2026","18:54:00","Expense","","TOTO","","50.00","","","1,810.00","65,782.00","67,592.00","","","","","","","","","","","","","",""
"07.03.2026","22:11:00","Sale-Cash","","","5,682.00","","","","7,492.00","65,782.00","73,274.00","","","","","","","","","","","","","",""
"07.03.2026","22:11:00","Sale-UPI","","","","","1,341.00","","7,492.00","67,123.00","74,615.00","","","","","","","","","","","","","",""
"08.03.2026","10:11:00","Opening Balance","","","","","","","7,492.00","67,123.00","74,615.00","","","","","","","","","","","","","",""
"08.03.2026","22:06:00","Sale-Cash","","","5,328.00","","","","12,820.00","67,123.00","79,943.00","","","","","","","","","","","","","",""
"08.03.2026","22:06:00","Sale-UPI","","","","","4,089.00","","12,820.00","71,212.00","84,032.00","","","","","","","","","","","","","",""
"09.03.2026","11:37:00","Vendor Payment-Cash","I/25-26/077383","GOURI SANKAR ASSOCIATES","","687.00","","","12,133.00","71,212.00","83,345.00","","","","","","","","","","","","","",""
"09.03.2026","12:35:00","Vendor Payment-Cash","A256003720","AALEKHYA ASSOCIATES","","2,981.00","","","9,152.00","71,212.00","80,364.00","","","","","","","","","","","","","",""
"09.03.2026","20:11:00","Vendor Payment-Cash","157","PAUL & SONS","","2,230.00","","","6,922.00","71,212.00","78,134.00","","","","","","","","","","","","","",""
"09.03.2026","20:13:00","Vendor Payment-Cash","25-26/SSA-10494","SANJAY SALES AGENCIES","","721.00","","","6,201.00","71,212.00","77,413.00","","","","","","","","","","","","","",""
"09.03.2026","20:13:00","Expense","","PLASTIC BAGS","","760.00","","","5,441.00","71,212.00","76,653.00","","","","","","","","","","","","","",""
"09.03.2026","22:11:00","Vendor Payment-Cash","","  COCH BHAR BAZAAR (TEZZ PATA, CHALER GURA)","","950.00","","","4,491.00","71,212.00","75,703.00","","","","","","","","","","","","","",""
"09.03.2026","22:11:00","Expense","","PRINTER PAGE","","300.00","","","4,191.00","71,212.00","75,403.00","","","","","","","","","","","","","",""
"09.03.2026","22:12:00","Expense","","JAI  MATA DI PARIVHAN + TOTO","","1,850.00","","","2,341.00","71,212.00","73,553.00","","","","","","","","","","","","","",""
"09.03.2026","22:13:00","Expense","","TOTO","","50.00","","","2,291.00","71,212.00","73,503.00","","","","","","","","","","","","","",""
"09.03.2026","22:13:00","Sale-Cash","","","3,906.00","","","","6,197.00","71,212.00","77,409.00","","","","","","","","","","","","","",""
"09.03.2026","22:13:00","Sale-UPI","","","","","1,670.00","","6,197.00","72,882.00","79,079.00","","","","","","","","","","","","","",""
"10.03.2026","10:04:00","Opening Balance","","","","","","","6,197.00","72,882.00","79,079.00","","","","","","","","","","","","","",""
"10.03.2026","12:17:00","Vendor Payment-Cash","AT/2480/25-26","ANIL TRADERS ","","1,384.00","","","4,813.00","72,882.00","77,695.00","","","","","","","","","","","","","",""
"10.03.2026","14:36:00","Vendor Payment-Cash","GGTE83880","SOYETA TRADINGG CO","","","","","4,813.00","72,882.00","77,695.00","","","","","","","","","","","","","",""
"10.03.2026","16:11:00","Vendor Payment-Cash","Tue Mar 10 2026 00:00:00 GMT+0530 (India Standard Time)","JOYGURU ENTERPRISE","","291.00","","","4,522.00","72,882.00","77,404.00","","","","","","","","","","","","","",""
"10.03.2026","22:20:00","Sale-Cash","","","3,357.00","","","","7,879.00","72,882.00","80,761.00","","","","","","","","","","","","","",""
"10.03.2026","22:22:00","Sale-UPI","","","","","2,372.00","","7,879.00","75,254.00","83,133.00","","","","","","","","","","","","","",""
"11.03.2026","09:20:00","Opening Balance","","","","","","","7,879.00","75,254.00","83,133.00","","","","","","","","","","","","","",""
"11.03.2026","22:12:00","Sale-Cash","","","3,922.00","","","","11,801.00","75,254.00","87,055.00","","","","","","","","","","","","","",""
"11.03.2026","22:12:00","Sale-UPI","","","","","4,927.00","","11,801.00","80,181.00","91,982.00","","","","","","","","","","","","","",""
"12.03.2026","11:08:00","Opening Balance","","","","","","","11,801.00","80,181.00","91,982.00","","","","","","","","","","","","","",""
"12.03.2026","14:58:00","Vendor Payment-Cash","GST/25-26/14964","NEW ICE BA","","2,619.00","","","9,182.00","80,181.00","89,363.00","","","","","","","","","","","","","",""
"12.03.2026","18:55:00","Vendor Payment-Cash","25-26/SSA-10611","SANJAY SALES AGENCIES","","660.00","","","8,522.00","80,181.00","88,703.00","","","","","","","","","","","","","",""
"12.03.2026","22:07:00","Sale-Cash","","","3,226.00","","","","11,748.00","80,181.00","91,929.00","","","","","","","","","","","","","",""
"12.03.2026","22:07:00","Sale-UPI","","","","","420.00","","11,748.00","80,601.00","92,349.00","","","","","","","","","","","","","",""
"12.03.2026","22:08:00","Expense","","TOTO + CHARITY","","50.00","","","11,698.00","80,601.00","92,299.00","","","","","","","","","","","","","",""
"13.03.2026","11:02:00","Opening Balance","","","","","","","11,698.00","80,601.00","92,299.00","","","","","","","","","","","","","",""
"13.03.2026","16:39:00","Vendor Payment-Cash","A006474","BARNWAL AGENCY","","7,608.00","","","4,090.00","80,601.00","84,691.00","","","","","","","","","","","","","",""
"13.03.2026","17:01:00","Vendor Payment-Cash","NYK-339039540-4175723-1","NYKAA E - RETAIL LIMITED ( SUPER STORE )","","","","","4,090.00","80,601.00","84,691.00","","","","","","","","","","","","","",""
"13.03.2026","19:53:00","Vendor Payment-Cash","21","  COCH BHAR BAZAAR (CLING FILM,ALUMINIUM FOIL )","","","","","4,090.00","80,601.00","84,691.00","","","","","","","","","","","","","",""
"13.03.2026","22:08:00","Sale-Cash","","","3,531.00","","","","7,621.00","80,601.00","88,222.00","","","","","","","","","","","","","",""
"13.03.2026","22:08:00","Sale-UPI","","","","","1,728.00","","7,621.00","82,329.00","89,950.00","","","","","","","","","","","","","",""
"14.03.2026","10:06:00","Opening Balance","","","","","","","7,621.00","82,329.00","89,950.00","","","","","","","","","","","","","",""
"14.03.2026","12:15:00","Vendor Payment-Cash","FSL418606","GOURI SANKAR AGENCY","","2,188.00","","","5,433.00","82,329.00","87,762.00","","","","","","","","","","","","","",""
"14.03.2026","18:35:00","Vendor Payment-Cash","111","COOCH BEHAR BAZAAR (DIM, SUGAR)","","3,180.00","","","2,253.00","82,329.00","84,582.00","","","","","","","","","","","","","",""
"14.03.2026","22:02:00","Sale-Cash","","","5,839.00","","","","8,092.00","82,329.00","90,421.00","","","","","","","","","","","","","",""
"14.03.2026","22:02:00","Sale-UPI","","","","","2,909.00","","8,092.00","85,238.00","93,330.00","","","","","","","","","","","","","",""
"14.03.2026","22:02:00","Vendor Payment-Cash","","PLASTIC ","","2,316.00","","","5,776.00","85,238.00","91,014.00","","","","","","","","","","","","","",""
"14.03.2026","22:16:00","Expense","","SEALING MACHINE ","","300.00","","","5,476.00","85,238.00","90,714.00","","","","","","","","","","","","","",""
"15.03.2026","09:51:00","Opening Balance","","","","","","","5,476.00","85,238.00","90,714.00","","","","","","","","","","","","","",""
"15.03.2026","22:03:00","Sale-Cash","","","3,230.00","","","","8,706.00","85,238.00","93,944.00","","","","","","","","","","","","","",""
"15.03.2026","22:03:00","Sale-UPI","","","","","1,759.00","","8,706.00","86,997.00","95,703.00","","","","","","","","","","","","","",""
"16.03.2026","10:45:00","Opening Balance","","","","","","","8,706.00","86,997.00","95,703.00","","","","","","","","","","","","","",""
"16.03.2026","12:13:00","Vendor Payment-Cash","I/25-26/078751","GOURI SANKAR ASSOCIATES","","1,424.00","","","7,282.00","86,997.00","94,279.00","","","","","","","","","","","","","",""
"16.03.2026","12:36:00","Vendor Payment-Cash","A256004010","AALEKHYA  ASSOCIATES","","","","","7,282.00","86,997.00","94,279.00","","","","","","","","","","","","","",""
"16.03.2026","16:45:00","Vendor Payment-Cash","Tue Mar 01 4816 00:00:00 GMT+0530 (India Standard Time)","JOYGURU ENTERPRISE","","267.00","","","7,015.00","86,997.00","94,012.00","","","","","","","","","","","","","",""
"16.03.2026","22:07:00","Sale-Cash","","","2,843.00","","","","9,858.00","86,997.00","96,855.00","","","","","","","","","","","","","",""
"16.03.2026","22:07:00","Sale-UPI","","","","","1,727.00","","9,858.00","88,724.00","98,582.00","","","","","","","","","","","","","",""
"17.03.2026","13:18:00","Opening Balance","","","","","","","9,858.00","88,724.00","98,582.00","","","","","","","","","","","","","",""
"17.03.2026","13:18:00","Vendor Payment-Cash","GTE88742","SOYETA TRADING CO","","1,330.00","","","8,528.00","88,724.00","97,252.00","","","","","","","","","","","","","",""
"17.03.2026","17:04:00","Vendor Payment-Cash","2778","N.BISWAS & CHOWDHURY","","2,562.00","","","5,966.00","88,724.00","94,690.00","","","","","","","","","","","","","",""
"17.03.2026","22:03:00","Sale-Cash","","","3,045.00","","","","9,011.00","88,724.00","97,735.00","","","","","","","","","","","","","",""
"17.03.2026","22:03:00","Sale-UPI","","","","","3,941.00","","9,011.00","92,665.00","101,676.00","","","","","","","","","","","","","",""
"18.03.2026","10:57:00","Opening Balance","","","","","","","9,011.00","92,665.00","101,676.00","","","","","","","","","","","","","",""
"18.03.2026","14:09:00","Vendor Payment-Cash","R007999","APARNA ENTERPRISE","","746.00","","","8,265.00","92,665.00","100,930.00","","","","","","","","","","","","","",""
"18.03.2026","14:53:00","Vendor Payment-Cash","","PRAN","","1,066.00","","","7,199.00","92,665.00","99,864.00","","","","","","","","","","","","","",""
"18.03.2026","16:06:00","Vendor Payment-Cash","A003063","M/S BASAK ENTERPRISE","","4,131.00","","","3,068.00","92,665.00","95,733.00","","","","","","","","","","","","","",""
"18.03.2026","16:56:00","Vendor Payment-Cash","","COOCH BEHAR BAZAAR (LOTTE CHOCO)","","360.00","","","2,708.00","92,665.00","95,373.00","","","","","","","","","","","","","",""
"18.03.2026","22:10:00","Sale-Cash","","","3,393.00","","","","6,101.00","92,665.00","98,766.00","","","","","","","","","","","","","",""
"18.03.2026","22:10:00","Sale-UPI","","","","","1,518.00","","6,101.00","94,183.00","100,284.00","","","","","","","","","","","","","",""
"19.03.2026","15:33:00","Opening Balance","","","","","","","6,101.00","94,183.00","100,284.00","","","","","","","","","","","","","",""
"19.03.2026","22:02:00","Sale-Cash","","","4,515.00","","","","10,616.00","94,183.00","104,799.00","","","","","","","","","","","","","",""
"19.03.2026","22:02:00","Sale-UPI","","","","","1,234.00","","10,616.00","95,417.00","106,033.00","","","","","","","","","","","","","",""
"20.03.2026","13:54:00","Opening Balance","","","","","","","10,616.00","95,417.00","106,033.00","","","","","","","","","","","","","",""
"20.03.2026","13:54:00","Vendor Payment-Cash","28339","SAHA AGENCY","","1,542.00","","","9,074.00","95,417.00","104,491.00","","","","","","","","","","","","","",""
"20.03.2026","13:55:00","Vendor Payment-Cash","GTE93180","SOYETA TRADING CO","","694.00","","","8,380.00","95,417.00","103,797.00","","","","","","","","","","","","","",""
"20.03.2026","20:26:00","Sale-Cash","","","5,404.00","","","","13,784.00","95,417.00","109,201.00","","","","","","","","","","","","","",""
"20.03.2026","20:26:00","Sale-UPI","","","","","3,443.00","","13,784.00","98,860.00","112,644.00","","","","","","","","","","","","","",""
"22.03.2026","12:36:00","Opening Balance","","","","","","","13,784.00","98,860.00","112,644.00","","","","","","","","","","","","","",""
"22.03.2026","22:11:00","Sale-Cash","","","4,637.00","","","","18,421.00","98,860.00","117,281.00","","","","","","","","","","","","","",""
"22.03.2026","22:11:00","Sale-UPI","","","","","3,568.00","","18,421.00","102,428.00","120,849.00","","","","","","","","","","","","","",""
"23.03.2026","09:29:00","Opening Balance","","","","","","","18,421.00","102,428.00","120,849.00","","","","","","","","","","","","","",""
"23.03.2026","13:16:00","Vendor Payment-Cash","I/25-26/080512","GOURI SANKAR ASSOCIATES","","2,475.00","","","15,946.00","102,428.00","118,374.00","","","","","","","","","","","","","",""
"23.03.2026","13:18:00","Vendor Payment-Cash","A256004373","AALEKHYA ASSOCIATES","","969.00","","","14,977.00","102,428.00","117,405.00","","","","","","","","","","","","","",""
"23.03.2026","13:19:00","Vendor Payment-Cash","MKE/10877","MAA KAMAKHYA ENTERPRISE ","","875.00","","","14,102.00","102,428.00","116,530.00","","","","","","","","","","","","","",""
"23.03.2026","13:19:00","Expense","","COPY + KNIFE + SHAFNARE","","35.00","","","14,067.00","102,428.00","116,495.00","","","","","","","","","","","","","",""
"23.03.2026","18:41:00","Vendor Payment-Cash","25-26/SSA-10922","SANJAY SALES AGENCIES","","8,010.00","","","6,057.00","102,428.00","108,485.00","","","","","","","","","","","","","",""
"23.03.2026","18:43:00","Vendor Payment-Cash","","COOCH BEHAR BAZAAR  ( MURI)","","620.00","","","5,437.00","102,428.00","107,865.00","","","","","","","","","","","","","",""
"23.03.2026","18:44:00","Vendor Payment-Cash","","TOTO","","100.00","","","5,337.00","102,428.00","107,765.00","","","","","","","","","","","","","",""
"23.03.2026","22:01:00","Expense","","COVER FILE","","30.00","","","5,307.00","102,428.00","107,735.00","","","","","","","","","","","","","",""
"23.03.2026","22:02:00","Sale-Cash","","","2,910.00","","","","8,217.00","102,428.00","110,645.00","","","","","","","","","","","","","",""
"23.03.2026","22:02:00","Sale-UPI","","","","","2,123.00","","8,217.00","104,551.00","112,768.00","","","","","","","","","","","","","",""
"23.03.2026","22:12:00","Exchange","","21/03/2026 mistake 249 rechiv","","249.00","249.00","","7,968.00","104,800.00","112,768.00","","","","","","","","","","","","","",""
"24.03.2026","09:31:00","Opening Balance","","","","","","","7,968.00","104,800.00","112,768.00","","","","","","","","","","","","","",""
"24.03.2026","13:06:00","Vendor Payment-Cash","I/25-26/082244","GOURI SANKAR ASSOCIATES","","326.00","","","7,642.00","104,800.00","112,442.00","","","","","","","","","","","","","",""
"24.03.2026","15:10:00","Vendor Payment-Cash","GTE94442","SOYET TRADING CO","","1,300.00","","","6,342.00","104,800.00","111,142.00","","","","","","","","","","","","","",""
"24.03.2026","22:05:00","Expense","","GOOD NIGHT OIL","","83.00","","","6,259.00","104,800.00","111,059.00","","","","","","","","","","","","","",""
"24.03.2026","22:05:00","Sale-Cash","","","2,566.00","","","","8,825.00","104,800.00","113,625.00","","","","","","","","","","","","","",""
"24.03.2026","22:05:00","Sale-UPI","","","","","1,559.00","","8,825.00","106,359.00","115,184.00","","","","","","","","","","","","","",""
"25.03.2026","09:52:00","Opening Balance","","","","","","","8,825.00","106,359.00","115,184.00","","","","","","","","","","","","","",""
"25.03.2026","15:12:00","Vendor Payment-Cash","","COOCH BEHAR BAZAAR (SHAVES BLADE)","","240.00","","","8,585.00","106,359.00","114,944.00","","","","","","","","","","","","","",""
"25.03.2026","15:12:00","Expense","","CAP + FACE MASK+PLASTIC BAG","","440.00","","","8,145.00","106,359.00","114,504.00","","","","","","","","","","","","","",""
"25.03.2026","21:15:00","Vendor Payment-Cash","1336","COOCH BEHAR BAZAAR (WIPER,,POCHA)","","1,890.00","","","6,255.00","106,359.00","112,614.00","","","","","","","","","","","","","",""
"25.03.2026","22:04:00","Sale-Cash","","","3,740.00","","","","9,995.00","106,359.00","116,354.00","","","","","","","","","","","","","",""
"25.03.2026","22:04:00","Sale-UPI","","","","","2,032.00","","9,995.00","108,391.00","118,386.00","","","","","","","","","","","","","",""
"26.03.2026","13:59:00","Opening Balance","","","","","","","9,995.00","108,391.00","118,386.00","","","","","","","","","","","","","",""
"26.03.2026","16:58:00","Vendor Payment-Cash","32","COOCH BEHAR BAZAAR (GHEE,PICKLE,KASONDI)","","1,735.00","","","8,260.00","108,391.00","116,651.00","","","","","","","","","","","","","",""
"26.03.2026","16:58:00","Vendor Payment-Cash","","COOCH BEHAR BAZAAR ( OIL, DIM, ANMOL DREMLITE)","","3,285.00","","","4,975.00","108,391.00","113,366.00","","","","","","","","","","","","","",""
"26.03.2026","17:06:00","Vendor Payment-Cash","4726 /3","JOYGURU ENTERPRISE","","909.00","","","4,066.00","108,391.00","112,457.00","","","","","","","","","","","","","",""
"26.03.2026","18:30:00","Expense","","TOTO+CHERATY","","150.00","","","3,916.00","108,391.00","112,307.00","","","","","","","","","","","","","",""
"26.03.2026","22:01:00","Sale-Cash","","","3,901.00","","","","7,817.00","108,391.00","116,208.00","","","","","","","","","","","","","",""
"26.03.2026","22:01:00","Sale-UPI","","","","","4,155.00","","7,817.00","112,546.00","120,363.00","","","","","","","","","","","","","",""
"27.03.2026","10:59:00","Opening Balance","","","","","","","7,817.00","112,546.00","120,363.00","","","","","","","","","","","","","",""
"27.03.2026","15:15:00","Vendor Payment-Cash","NYD006111118","NYKAA SUPER STORE","","2,319.00","","","5,498.00","112,546.00","118,044.00","","","","","","","","","","","","","",""
"27.03.2026","18:16:00","Vendor Payment-Cash","499","SUTRADHAR EXPORT & IMPORT","","749.00","","","4,749.00","112,546.00","117,295.00","","","","","","","","","","","","","",""
"27.03.2026","21:59:00","Sale-Cash","","","2,966.00","","","","7,715.00","112,546.00","120,261.00","","","","","","","","","","","","","",""
"27.03.2026","09:57:00","Sale-UPI","","","","","2,417.00","","7,715.00","114,963.00","122,678.00","","","","","","","","","","","","","",""
"28.03.2026","10:49:00","Opening Balance","","","","","","","7,715.00","114,963.00","122,678.00","","","","","","","","","","","","","",""
"28.03.2026","10:50:00","Vendor Payment-Cash","501","SUTRADHAR EXPORT & IMPORT","","405.00","","","7,310.00","114,963.00","122,273.00","","","","","","","","","","","","","",""
"28.03.2026","12:14:00","Vendor Payment-Cash","FSL419381","GOURI SHANKAR AGENCY  ","","1,156.00","","","6,154.00","114,963.00","121,117.00","","","","","","","","","","","","","",""
"28.03.2026","14:05:00","Vendor Payment-Cash","25-26/SSA-11243","SANJAY SALES AGENCIES","","4,053.00","","","2,101.00","114,963.00","117,064.00","","","","","","","","","","","","","",""
"28.03.2026","22:04:00","Sale-Cash","","","5,143.00","","","","7,244.00","114,963.00","122,207.00","","","","","","","","","","","","","",""
"28.03.2026","22:04:00","Sale-UPI","","","","","2,470.00","","7,244.00","117,433.00","124,677.00","","","","","","","","","","","","","",""
"28.03.2026","22:12:00","Expense","","CHERITY","","20.00","","","7,224.00","117,433.00","124,657.00","","","","","","","","","","","","","",""
"29.03.2026","09:29:00","Opening Balance","","","","","","","7,224.00","117,433.00","124,657.00","","","","","","","","","","","","","",""
"29.03.2026","22:24:00","Sale-Cash","","","4,639.00","","","","11,863.00","117,433.00","129,296.00","","","","","","","","","","","","","",""
"29.03.2026","22:24:00","Sale-UPI","","","","","1,849.00","","11,863.00","119,282.00","131,145.00","","","","","","","","","","","","","",""
"30.03.2026","09:33:00","Opening Balance","","","","","","","11,863.00","119,282.00","131,145.00","","","","","","","","","","","","","",""
"30.03.2026","09:33:00","Expense","","SANDAL INCENSE STICKS","","65.00","","","11,798.00","119,282.00","131,080.00","","","","","","","","","","","","","",""
"30.03.2026","09:47:00","Vendor Payment-Cash","","COOCH BEHAR BAZAAR  (AMUL DAHI,PANEER)","","1,031.00","","","10,767.00","119,282.00","130,049.00","","","","","","","","","","","","","",""
"30.03.2026","12:35:00","Vendor Payment-Cash","A256004700","AALEKHYA ASSOCIATES","","1,369.00","","","9,398.00","119,282.00","128,680.00","","","","","","","","","","","","","",""
"30.03.2026","12:36:00","Vendor Payment-Cash","FSL420868","GOURI SHANKAR AGENCY","","1,180.00","","","8,218.00","119,282.00","127,500.00","","","","","","","","","","","","","",""
"30.03.2026","14:01:00","Vendor Payment-Cash","I/25-26/083484","GOURI SHANKAR ASSOCIATES","","853.00","","","7,365.00","119,282.00","126,647.00","","","","","","","","","","","","","",""
"30.03.2026","16:12:00","Expense","","CHARITY","","10.00","","","7,355.00","119,282.00","126,637.00","","","","","","","","","","","","","",""
"30.03.2026","16:45:00","Vendor Payment-Cash","63","PRAN","","474.00","","","6,881.00","119,282.00","126,163.00","","","","","","","","","","","","","",""
"30.03.2026","22:09:00","Expense","","PETROL+ CHARITY","","60.00","","","6,821.00","119,282.00","126,103.00","","","","","","","","","","","","","",""
"30.03.2026","22:10:00","Sale-Cash","","","2,703.00","","","","9,524.00","119,282.00","128,806.00","","","","","","","","","","","","","",""
"30.03.2026","22:10:00","Sale-UPI","","","","","4,150.00","","9,524.00","123,432.00","132,956.00","","","","","","","","","","","","","",""
"31.03.2026","09:54:00","Opening Balance","","","","","","","9,524.00","123,432.00","132,956.00","","","","","","","","","","","","","",""
"31.03.2026","12:12:00","Vendor Payment-Cash","I/25-26/083720","GOURI SANKAR ASSOCIATES","","560.00","","","8,964.00","123,432.00","132,396.00","","","","","","","","","","","","","",""
"31.03.2026","15:14:00","Vendor Payment-Cash","GTE96622","SOYETA TRADING CO","","1,771.00","","","7,193.00","123,432.00","130,625.00","","","","","","","","","","","","","",""
"31.03.2026","18:10:00","Vendor Payment-Cash","A256005005","AALEKHYA ASSOCIATES","","650.00","","","6,543.00","123,432.00","129,975.00","","","","","","","","","","","","","",""
"31.03.2026","20:07:00","Vendor Payment-Cash","16388","PAUL& SONS","","1,440.00","","","5,103.00","123,432.00","128,535.00","","","","","","","","","","","","","",""
"31.03.2026","20:12:00","Vendor Payment-Cash","25-26/CV-1228","SANJAY SALES AGENCIES","","2,550.00","","","2,553.00","123,432.00","125,985.00","","","","","","","","","","","","","",""
"31.03.2026","21:39:00","Vendor Payment-Cash","","COOCH BEHAR BAZAAR (NAKUL DANA ,BATASHA,COCO NUT OIL) ","","775.00","","","1,778.00","123,432.00","125,210.00","","","","","","","","","","","","","",""
"31.03.2026","21:39:00","Expense","","TOTO + CHARITY","","120.00","","","1,658.00","123,432.00","125,090.00","","","","","","","","","","","","","",""
"31.03.2026","22:03:00","Sale-Cash","","","7,348.00","","","","9,006.00","123,432.00","132,438.00","","","","","","","","","","","","","",""
"31.03.2026","22:03:00","Sale-UPI","","","","","2,287.00","","9,006.00","125,719.00","134,725.00","","","","","","","","","","","","","",""
"31.03.2026","22:04:00","Vendor Payment-Cash","","COOCH BEHAR BAZAAR (OIL)","","5,540.00","","","3,466.00","125,719.00","129,185.00","","","","","","","","","","","","","",""
"01.04.2026","11:46:00","Opening Balance","","","","","","","3,466.00","125,719.00","129,185.00","","","","","","","","","","","","","",""
"01.04.2026","22:12:00","Sale-Cash","","","5,377.00","","","","8,843.00","125,719.00","134,562.00","","","","","","","","","","","","","",""
"01.04.2026","22:12:00","Sale-UPI","","","","","1,948.00","","8,843.00","127,667.00","136,510.00","","","","","","","","","","","","","",""
"02.04.2026","13:43:00","Opening Balance","","","","","","","8,843.00","127,667.00","136,510.00","","","","","","","","","","","","","",""
"02.04.2026","21:51:00","Vendor Payment-Cash","48","COOCH BEHAR BAZAAR (KELLOGG`S)","","2,401.00","","","6,442.00","127,667.00","134,109.00","","","","","","","","","","","","","",""
"02.04.2026","21:52:00","Vendor Payment-Cash","","COOCH BEHAR BAZAAR (DASBIN PLASTIC)","","240.00","","","6,202.00","127,667.00","133,869.00","","","","","","","","","","","","","",""
"02.04.2026","21:52:00","Expense","","PLASTIC BAGS + DASBIN PLASTIC ","","640.00","","","5,562.00","127,667.00","133,229.00","","","","","","","","","","","","","",""
"02.04.2026","21:53:00","Expense","","TOTO + CHARITY","","100.00","","","5,462.00","127,667.00","133,129.00","","","","","","","","","","","","","",""
"02.04.2026","22:18:00","Sale-Cash","","","4,569.00","","","","10,031.00","127,667.00","137,698.00","","","","","","","","","","","","","",""
"02.04.2026","22:18:00","Sale-UPI","","","","","4,496.00","","10,031.00","132,163.00","142,194.00","","","","","","","","","","","","","",""
"03.04.2026","00:45:00","Bank Transfer","","Upi Balance Date 28 Jan - 4th Feb","","","42,287.00","","10,031.00","174,450.00","184,481.00","","","","","","","","","","","","","",""
"03.04.2026","00:45:00","Bank Transfer","","","","","","","10,031.00","174,450.00","184,481.00","","","","","","","","","","","","","",""
"02.04.2026","09:27:00","Vendor Payment-Cash","","COOCH BEHAR BAZAAR  ( RICE) ","","","","","10,031.00","174,450.00","184,481.00","","","","","","","","","","","","","",""
"03.04.2026","14:29:00","Vendor Payment-Cash","GTE97330","SOYETA TRADING ","","815.00","","","9,216.00","174,450.00","183,666.00","","","","","","","","","","","","","",""
"03.04.2026","17:57:00","Expense","","DUSTER + CHARITY","","80.00","","","9,136.00","174,450.00","183,586.00","","","","","","","","","","","","","",""
"03.04.2026","18:30:00","Vendor Payment-Cash","519","SUTRADHAR EXPORT & IMPORT","","699.00","","","8,437.00","174,450.00","182,887.00","","","","","","","","","","","","","",""
"03.04.2026","22:23:00","Sale-Cash","","","4,932.00","","","","13,369.00","174,450.00","187,819.00","","","","","","","","","","","","","",""
"03.04.2026","22:23:00","Sale-UPI","","","","","2,526.00","","13,369.00","176,976.00","190,345.00","","","","","","","","","","","","","",""
"03.04.2026","22:24:00","Closing Balance","","","","","","","13,369.00","176,976.00","190,345.00","","","","","","","","","","","","","",""
"04.04.2026","09:27:00","Opening Balance","","","","","","","13,369.00","176,976.00","190,345.00","","","","","","","","","","","","","",""
"04.04.2026","10:57:00","Expense",""," LIZOL + SURF EXCEL","","155.00","","","13,214.00","176,976.00","190,190.00","","","","","","","","","","","","","",""
"04.04.2026","12:12:00","Vendor Payment-Cash","592","SUTRADHAR EXPORT & IMPORT","","235.00","","","12,979.00","176,976.00","189,955.00","","","","","","","","","","","","","",""
"04.04.2026","22:13:00","Vendor Payment-Cash","26-27/SSA-141","SANJAY SALES AGENCIES","0.00","1,492.00","","","11,487.00","176,976.00","188,463.00","","","","","","","","","","","","","",""
"04.04.2026","22:15:00","Vendor Payment-Cash","26-27/SSA-142","SANJAY SALES AGENCIES","","1,053.00","","","10,434.00","176,976.00","187,410.00","","","","","","","","","","","","","",""
"04.04.2026","22:18:00","Sale-Cash","","","4,185.00","","","","14,619.00","176,976.00","191,595.00","","","","","","","","","","","","","",""
"04.04.2026","22:18:00","Sale-UPI","","","","","2,291.00","","14,619.00","179,267.00","193,886.00","","","","","","","","","","","","","",""
"04.04.2026","22:21:00","Vendor Payment-Cash","","COOCH BEHAR BAZAAR (MURI, DIM)","","940.00","","","13,679.00","179,267.00","192,946.00","","","","","","","","","","","","","",""
"05.04.2026","10:42:00","Opening Balance","","","","","","","13,679.00","179,267.00","192,946.00","","","","","","","","","","","","","",""
"05.04.2026","22:04:00","Expense","","CHARITY","","10.00","","","13,669.00","179,267.00","192,936.00","","","","","","","","","","","","","",""
"05.04.2026","22:05:00","Sale-Cash","","","5,770.00","","","","19,439.00","179,267.00","198,706.00","","","","","","","","","","","","","",""
"05.04.2026","22:05:00","Sale-UPI","","","","","1,915.00","","19,439.00","181,182.00","200,621.00","","","","","","","","","","","","","",""
"06.04.2026","12:22:00","Opening Balance","","","","","","","19,439.00","181,182.00","200,621.00","","","","","","","","","","","","","",""
"06.04.2026","15:39:00","Vendor Payment-Cash","6/26","JOYGURU ENTERPRISE","","1,295.00","","","18,144.00","181,182.00","199,326.00","","","","","","","","","","","","","",""
"06.04.2026","22:08:00","Expense","","CHARITY","","10.00","","","18,134.00","181,182.00","199,316.00","","","","","","","","","","","","","",""
"06.04.2026","22:08:00","Sale-Cash","","","6,798.00","","","","24,932.00","181,182.00","206,114.00","","","","","","","","","","","","","",""
"06.04.2026","22:08:00","Sale-UPI","","","","","4,395.00","","24,932.00","185,577.00","210,509.00","","","","","","","","","","","","","",""
"07.04.2026","09:36:00","Opening Balance","","","","","","","24,932.00","185,577.00","210,509.00","","","","","","","","","","","","","",""
"07.04.2026","09:53:00","Vendor Payment-Cash","","P G ENTERPRISE ","","204.00","","","24,728.00","185,577.00","210,305.00","","","","","","","","","","","","","",""
"07.04.2026","13:23:00","Vendor Payment-Cash","38","N BISWAS & CHOWDHURY","","3,682.00","","","21,046.00","185,577.00","206,623.00","","","","","","","","","","","","","",""
"07.04.2026","14:01:00","Vendor Payment-Cash","GTE98811","SOYETA TRADING CO","","901.00","","","20,145.00","185,577.00","205,722.00","","","","","","","","","","","","","",""
"07.04.2026","14:12:00","Vendor Payment-Cash","GTE98803","SOYETA TRADING CO","","978.00","","","19,167.00","185,577.00","204,744.00","","","","","","","","","","","","","",""
"07.04.2026","14:31:00","Vendor Payment-Cash","50","COOCH BEHAR BAZAAR","","1,260.00","","","17,907.00","185,577.00","203,484.00","","","","","","","","","","","","","",""
"07.04.2026","20:28:00","Vendor Payment-Cash","SIT-62","AMRITA SALES AGENCY","","2,742.00","","","15,165.00","185,577.00","200,742.00","","","","","","","","","","","","","",""
"07.04.2026","22:10:00","Expense","","CHARITY","","10.00","","","15,155.00","185,577.00","200,732.00","","","","","","","","","","","","","",""
"07.04.2026","22:10:00","Sale-Cash","","","4,591.00","","","","19,746.00","185,577.00","205,323.00","","","","","","","","","","","","","",""
"07.04.2026","22:10:00","Sale-UPI","","","","","3,728.00","","19,746.00","189,305.00","209,051.00","","","","","","","","","","","","","",""
"08.04.2026","08:42:00","Opening Balance","","","","","","","19,746.00","189,305.00","209,051.00","","","","","","","","","","","","","",""
"08.04.2026","17:52:00","Vendor Payment-Cash","","COOCH BEHAR BAZAAR","","905.00","","","18,841.00","189,305.00","208,146.00","","","","","","","","","","","","","",""
"08.04.2026","17:52:00","Vendor Payment-Cash","","COOCH BEHAR BAZAAR","","1,485.00","","","17,356.00","189,305.00","206,661.00","","","","","","","","","","","","","",""
"08.04.2026","17:52:00","Vendor Payment-Cash","","COOCH BEHAR BAZAAR","","3,640.00","","","13,716.00","189,305.00","203,021.00","","","","","","","","","","","","","",""
"08.04.2026","17:53:00","Vendor Payment-Cash","26-27/SSA-256","SANJAY SALES AGENCIES","","1,975.00","","","11,741.00","189,305.00","201,046.00","","","","","","","","","","","","","",""
"08.04.2026","17:54:00","Vendor Payment-Cash","599","SUTRADHAR EXPORT&IMPORT","","235.00","","","11,506.00","189,305.00","200,811.00","","","","","","","","","","","","","",""
"08.04.2026","19:10:00","Vendor Payment-Cash","577","P G ENTERPRISE","","429.00","","","11,077.00","189,305.00","200,382.00","","","","","","","","","","","","","",""
"08.04.2026","20:04:00","Expense","","TOTO+ CHARITTY ","","110.00","","","10,967.00","189,305.00","200,272.00","","","","","","","","","","","","","",""
"08.04.2026","22:10:00","Sale-Cash","","","2,068.00","","","","13,035.00","189,305.00","202,340.00","","","","","","","","","","","","","",""
"08.04.2026","22:10:00","Sale-UPI","","","","","5,226.00","","13,035.00","194,531.00","207,566.00","","","","","","","","","","","","","",""
"09.04.2026","17:23:00","Opening Balance","","","","","","","13,035.00","194,531.00","207,566.00","","","","","","","","","","","","","",""
"09.04.2026","17:23:00","Vendor Payment-Cash","I.B/26-27/544","NEW ICE BAR","","2,306.00","","","10,729.00","194,531.00","205,260.00","","","","","","","","","","","","","",""
"09.04.2026","22:16:00","Sale-Cash","","","6,108.00","","","","16,837.00","194,531.00","211,368.00","","","","","","","","","","","","","",""
"09.04.2026","22:16:00","Sale-UPI","","","","","2,863.00","","16,837.00","197,394.00","214,231.00","","","","","","","","","","","","","",""
"10.04.2026","12:05:00","Opening Balance","","","","","","","16,837.00","197,394.00","214,231.00","","","","","","","","","","","","","",""
"10.04.2026","14:58:00","Vendor Payment-Cash","30272","SAHA AGENCY","","5,390.00","","","11,447.00","197,394.00","208,841.00","","","","","","","","","","","","","",""
"10.04.2026","15:53:00","Vendor Payment-Cash","","BARNWAL AGENCY","","3,353.00","","","8,094.00","197,394.00","205,488.00","","","","","","","","","","","","","",""
"10.04.2026","16:28:00","Vendor Payment-Cash","","COOCH BEHAR BAZAAR (OIL)","","4,320.00","","","3,774.00","197,394.00","201,168.00","","","","","","","","","","","","","",""
"10.04.2026","22:26:00","Expense"," ","TOTO + CHARITY","","100.00","","","3,674.00","197,394.00","201,068.00","","","","","","","","","","","","","",""
"10.04.2026","22:27:00","Sale-Cash","","","5,295.00","","","","8,969.00","197,394.00","206,363.00","","","","","","","","","","","","","",""
"10.04.2026","22:27:00","Sale-UPI","","","","","4,724.00","","8,969.00","202,118.00","211,087.00","","","","","","","","","","","","","",""
"11.04.2026","09:37:00","Opening Balance","","","","","","","8,969.00","202,118.00","211,087.00","","","","","","","","","","","","","",""
"11.04.2026","12:20:00","Vendor Payment-Cash","HALL/226-27/00085","GOURI SANKAR AGENCY","","2,425.00","","","6,544.00","202,118.00","208,662.00","","","","","","","","","","","","","",""
"11.04.2026","15:06:00","Expense","","PEN","","10.00","","","6,534.00","202,118.00","208,652.00","","","","","","","","","","","","","",""
"11.04.2026","15:44:00","Vendor Payment-Cash","771","P.G.ENTERPRISE","","654.00","","","5,880.00","202,118.00","207,998.00","","","","","","","","","","","","","",""
"11.04.2026","22:20:00","Sale-Cash","","","3,513.00","","","","9,393.00","202,118.00","211,511.00","","","","","","","","","","","","","",""
"11.04.2026","22:20:00","Sale-UPI","","","","","1,199.00","","9,393.00","203,317.00","212,710.00","","","","","","","","","","","","","",""
"11.04.2026","22:20:00","Vendor Payment-Cash","P/2627/SI/98","PAL SALES AGENCY","","3,046.00","","","6,347.00","203,317.00","209,664.00","","","","","","","","","","","","","",""
"12.04.2026","09:43:00","Opening Balance","","","","","","","6,347.00","203,317.00","209,664.00","","","","","","","","","","","","","",""
"12.04.2026","13:36:00","Expense","","CHARITY ","","10.00","","","6,337.00","203,317.00","209,654.00","","","","","","","","","","","","","",""
"12.04.2026","22:19:00","Sale-Cash","","","6,129.00","","","","12,466.00","203,317.00","215,783.00","","","","","","","","","","","","","",""
"12.04.2026","22:19:00","Sale-UPI","","","","","2,770.00","","12,466.00","206,087.00","218,553.00","","","","","","","","","","","","","",""
"13.04.2026","09:28:00","Opening Balance","","","","","","","12,466.00","206,087.00","218,553.00","","","","","","","","","","","","","",""
"13.04.2026","12:13:00","Vendor Payment-Cash","I/26-27/001710","GOURI SANKAR ASSOCIATES","","1,950.00","","","10,516.00","206,087.00","216,603.00","","","","","","","","","","","","","",""
"13.04.2026","12:15:00","Vendor Payment-Cash","","SOYETA TRADING CO ","","1,200.00","","","9,316.00","206,087.00","215,403.00","","","","","","","","","","","","","",""
"13.04.2026","13:14:00","Vendor Payment-Cash","A260000287","AALEKHYA ASSOCIATES","","3,044.00","","","6,272.00","206,087.00","212,359.00","","","","","","","","","","","","","",""
"13.04.2026","22:05:00","Vendor Payment-Cash","898","P G ENTERPRISE ","","253.00","","","6,019.00","206,087.00","212,106.00","","","","","","","","","","","","","",""
"13.04.2026","22:05:00","Vendor Payment-Cash","835","P G ENTERPRISE ","","123.00","","","5,896.00","206,087.00","211,983.00","","","","","","","","","","","","","",""
"13.04.2026","22:17:00","Expense","","CHARITY ","","10.00","","","5,886.00","206,087.00","211,973.00","","","","","","","","","","","","","",""
"13.04.2026","22:17:00","Sale-Cash","","","4,920.00","","","","10,806.00","206,087.00","216,893.00","","","","","","","","","","","","","",""
"13.04.2026","22:17:00","Sale-UPI","","","","","2,999.00","","10,806.00","209,086.00","219,892.00","","","","","","","","","","","","","",""
"14.04.2026","09:36:00","Opening Balance","","","","","","","10,806.00","209,086.00","219,892.00","","","","","","","","","","","","","",""
"14.04.2026","09:36:00","Vendor Payment-Cash","930","P G ENTERPRISE","","547.00","","","10,259.00","209,086.00","219,345.00","","","","","","","","","","","","","",""
"14.04.2026","12:23:00","Expense","","STORE TAILES CLEANING MAGIK LIQUID","","100.00","","","10,159.00","209,086.00","219,245.00","","","","","","","","","","","","","",""
"14.04.2026","12:56:00","Vendor Payment-Cash","GTF01297","SOYETA TRADING CO","","485.00","","","9,674.00","209,086.00","218,760.00","","","","","","","","","","","","","",""
"14.04.2026","14:57:00","Vendor Payment-Cash","I/26-27/001997","GOURI SANKAR ASSOCIATES","","3,400.00","","","6,274.00","209,086.00","215,360.00","","","","","","","","","","","","","",""
"14.04.2026","20:22:00","Expense","","PARRCELL PRIVATE LIMITED + TOTO VARA","","500.00","","","5,774.00","209,086.00","214,860.00","","","","","","","","","","","","","",""
"14.04.2026","22:13:00","Sale-Cash","","","4,682.00","","","","10,456.00","209,086.00","219,542.00","","","","","","","","","","","","","",""
"14.04.2026","22:13:00","Sale-UPI","","","","","2,337.00","","10,456.00","211,423.00","221,879.00","","","","","","","","","","","","","",""
"14.04.2026","22:15:00","Closing Balance","","","","","","","10,456.00","211,423.00","221,879.00","","","","","","","","","","","","","",""
"15.04.2026","17:49:00","Opening Balance","","","","","","","10,456.00","211,423.00","221,879.00","","","","","","","","","","","","","",""
"15.04.2026","17:49:00","Expense","","DECORATION + PIN","","500.00","","","9,956.00","211,423.00","221,379.00","","","","","","","","","","","","","",""
"15.04.2026","20:01:00","Vendor Payment-Cash","NYK-345800648-8705518-1","NYKAA E - RETAIL LIMITED ( SUPER STORE )","","2,282.00","","","7,674.00","211,423.00","219,097.00","","","","","","","","","","","","","",""
"15.04.2026","22:11:00","Sale-Cash","","","3,741.00","","","","11,415.00","211,423.00","222,838.00","","","","","","","","","","","","","",""
"15.04.2026","22:11:00","Sale-UPI","","","","","4,441.00","","11,415.00","215,864.00","227,279.00","","","","","","","","","","","","","",""
"16.04.2026","09:51:00","Opening Balance","","","","","","","11,415.00","215,864.00","227,279.00","","","","","","","","","","","","","",""
"16.04.2026","15:21:00","Vendor Payment-Cash","","PRAN","","1,708.00","","","9,707.00","215,864.00","225,571.00","","","","","","","","","","","","","",""
"16.04.2026","22:11:00","Sale-Cash","","","5,244.00","","","","14,951.00","215,864.00","230,815.00","","","","","","","","","","","","","",""
"16.04.2026","22:11:00","Sale-UPI","","","","","3,680.00","","14,951.00","219,544.00","234,495.00","","","","","","","","","","","","","",""
"16.04.2026","22:12:00","Closing Balance","","","","","","","14,951.00","219,544.00","234,495.00","","","","","","","","","","","","","",""
"17.04.2026","12:33:00","Intraday Cash Update","","Ashish Uncle Pending","","800.00","","","14,151.00","219,544.00","233,695.00","","","","","","","","","","","","","",""
"17.04.2026","12:34:00","Intraday Cash Update","","Ashish Uncle Pending","800.00","","","","14,951.00","219,544.00","234,495.00","","","","","","","","","","","","","",""
"17.04.2026","13:17:00","Vendor Payment-Cash","UC2600189","M/S GOPI CHAND AGENCY","","793.00","","","14,158.00","219,544.00","233,702.00","","","","","","","","","","","","","",""
"17.04.2026","20:03:00","Vendor Payment-Cash","1098","P G ENTERPRISE","","893.00","","","13,265.00","219,544.00","232,809.00","","","","","","","","","","","","","",""
"17.04.2026","20:58:00","Vendor Payment-Cash","","COOCH BEHAR BAZAAR(JHARU)","","438.00","","","12,827.00","219,544.00","232,371.00","","","","","","","","","","","","","",""
"17.04.2026","21:03:00","Vendor Payment-Cash","","COOCH BEHAR BAZAAR(DIM)","","360.00","","","12,467.00","219,544.00","232,011.00","","","","","","","","","","","","","",""
"17.04.2026","22:25:00","Sale-Cash","","","6,792.00","","","","19,259.00","219,544.00","238,803.00","","","","","","","","","","","","","",""
"17.04.2026","22:25:00","Sale-UPI","","","","","7,142.00","","19,259.00","226,686.00","245,945.00","","","","","","","","","","","","","",""
"18.04.2026","10:26:00","Opening Balance","","","","","","","19,259.00","226,686.00","245,945.00","","","","","","","","","","","","","",""
"18.04.2026","10:47:00","Vendor Payment-Cash","1241","P G ENTERPRISE ","","297.00","","","18,962.00","226,686.00","245,648.00","","","","","","","","","","","","","",""
"18.04.2026","11:35:00","Vendor Payment-Cash","I/26-27/003383","GOURI SANKAR ASSOCIATES","","959.00","","","18,003.00","226,686.00","244,689.00","","","","","","","","","","","","","",""
"18.04.2026","12:06:00","Vendor Payment-Cash","","COOCH BEHAR BAZAAR(GILLET GUARD)","","1,232.00","","","16,771.00","226,686.00","243,457.00","","","","","","","","","","","","","",""
"18.04.2026","12:42:00","Vendor Payment-Cash","FSL422575","GOURI SANKAR AGENCY","","3,977.00","","","12,794.00","226,686.00","239,480.00","","","","","","","","","","","","","",""
"18.04.2026","21:06:00","Vendor Payment-Cash","63","COOCH BEHAR BAZAAR ( GHEE, CHANA)","","5,468.00","","","7,326.00","226,686.00","234,012.00","","","","","","","","","","","","","",""
"18.04.2026","22:03:00","Expense","","TOTO + CHARITY","","80.00","","","7,246.00","226,686.00","233,932.00","","","","","","","","","","","","","",""
"18.04.2026","22:04:00","Sale-Cash","","","2,689.00","","","","9,935.00","226,686.00","236,621.00","","","","","","","","","","","","","",""
"18.04.2026","22:04:00","Sale-UPI","","","","","6,018.00","","9,935.00","232,704.00","242,639.00","","","","","","","","","","","","","",""
"19.04.2026","09:31:00","Opening Balance","","","","","","","9,935.00","232,704.00","242,639.00","","","","","","","","","","","","","",""
"19.04.2026","14:35:00","Vendor Payment-Cash","1320","P.G.ENTERPRISE","","92.00","","","9,843.00","232,704.00","242,547.00","","","","","","","","","","","","","",""
"19.04.2026","22:03:00","Sale-Cash","","","4,151.00","","","","13,994.00","232,704.00","246,698.00","","","","","","","","","","","","","",""
"19.04.2026","22:03:00","Sale-UPI","","","","","3,949.00","","13,994.00","236,653.00","250,647.00","","","","","","","","","","","","","",""
"20.04.2026","09:47:00","Opening Balance","","","","","","","13,994.00","236,653.00","250,647.00","","","","","","","","","","","","","",""
"20.04.2026","09:47:00","Vendor Payment-Cash","1353","P.G.ENTERPRISE","","86.00","","","13,908.00","236,653.00","250,561.00","","","","","","","","","","","","","",""
"20.04.2026","11:18:00","Vendor Payment-Cash","I/26-27/003715","GOURI SANKAR ASSOCIATES","","342.00","","","13,566.00","236,653.00","250,219.00","","","","","","","","","","","","","",""
"20.04.2026","12:00:00","Vendor Payment-Cash","A260000633","AALEKHYA ASSOCIATES","","5,435.00","","","8,131.00","236,653.00","244,784.00","","","","","","","","","","","","","",""
"20.04.2026","18:42:00","Expense","","PLASTIC CARI BAG + TOTO ","","1,000.00","","","7,131.00","236,653.00","243,784.00","","","","","","","","","","","","","",""
"20.04.2026","22:06:00","Vendor Payment-Cash","546","SUTRADHAR EXPORT & IMPORT","","814.00","","","6,317.00","236,653.00","242,970.00","","","","","","","","","","","","","",""
"20.04.2026","22:06:00","Sale-Cash","","","4,612.00","","","","10,929.00","236,653.00","247,582.00","","","","","","","","","","","","","",""
"20.04.2026","22:07:00","Sale-UPI","","","","","4,681.00","","10,929.00","241,334.00","252,263.00","","","","","","","","","","","","","",""
"21.04.2026","11:03:00","Opening Balance","","","","","","","10,929.00","241,334.00","252,263.00","","","","","","","","","","","","","",""
"21.04.2026","11:03:00","Expense","","EXCHANGE(NABHO TOY SMART LUNCH BOX INVOICE NO -3365)","","220.00","","","10,709.00","241,334.00","252,043.00","","","","","","","","","","","","","",""
"21.04.2026","12:06:00","Vendor Payment-Cash","GTE05975","SOYETA TRADING CO.","","560.00","","","10,149.00","241,334.00","251,483.00","","","","","","","","","","","","","",""
"21.04.2026","12:56:00","Vendor Payment-Cash","GTF05976","SOYETA TRADING CO.","","1,001.00","","","9,148.00","241,334.00","250,482.00","","","","","","","","","","","","","",""
"21.04.2026","16:30:00","Vendor Payment-Cash","27","JOYGURU ENTERPRISE","","602.00","","","8,546.00","241,334.00","249,880.00","","","","","","","","","","","","","",""
"21.04.2026","19:55:00","Vendor Payment-Cash","SIT-220","AMRITA SALES AGENCY","","632.00","","","7,914.00","241,334.00","249,248.00","","","","","","","","","","","","","",""
"21.04.2026","22:10:00","Sale-Cash","","","3,334.00","","","","11,248.00","241,334.00","252,582.00","","","","","","","","","","","","","",""
"21.04.2026","22:10:00","Sale-UPI","","","","","6,337.00","","11,248.00","247,671.00","258,919.00","","","","","","","","","","","","","",""
"22.04.2026","09:41:00","Vendor Payment-Cash","SCP/26-27/494","SARADA FOOD MART","","2,549.00","","","8,699.00","247,671.00","256,370.00","","","","","","","","","","","","","",""
"22.04.2026","15:42:00","Vendor Payment-Cash","164","N BISWAS & CHOWDHURY","","3,214.00","","","5,485.00","247,671.00","253,156.00","","","","","","","","","","","","","",""
"22.04.2026","20:45:00","Sale-Cash","","","3,767.00","","","","9,252.00","247,671.00","256,923.00","","","","","","","","","","","","","",""
"22.04.2026","20:45:00","Sale-UPI","","","","","5,167.00","","9,252.00","252,838.00","262,090.00","","","","","","","","","","","","","",""
"23.04.2026","22:22:00","Opening Balance","","","","","","","9,252.00","252,838.00","262,090.00","","","","","","","","","","","","","",""
"23.04.2026","22:22:00","Sale-Cash","","","2,181.00","","","","11,433.00","252,838.00","264,271.00","","","","","","","","","","","","","",""
"23.04.2026","22:22:00","Sale-UPI","","","","","2,376.00","","11,433.00","255,214.00","266,647.00","","","","","","","","","","","","","",""
"24.04.2026","09:24:00","Opening Balance","","","","","","","11,433.00","255,214.00","266,647.00","","","","","","","","","","","","","",""
"24.04.2026","11:03:00","Vendor Payment-Cash","1540","P G ENTERPRISE","","656.00","","","10,777.00","255,214.00","265,991.00","","","","","","","","","","","","","",""
"24.04.2026","11:46:00","Exchange","","SD ROLLING WAX CRAYONS ( BILL NO- 3550)","","100.00","","","10,677.00","255,214.00","265,891.00","","","","","","","","","","","","","",""
"24.04.2026","16:07:00","Vendor Payment-Cash","AT/0130/26-27","ANIL TRADERS","","337.00","","","10,340.00","255,214.00","265,554.00","","","","","","","","","","","","","",""
"24.04.2026","16:33:00","Vendor Payment-Cash","","COOCH BEHAR BAZAAR(MURI,DIM,AMUL,MISRI)","","6,419.00","","","3,921.00","255,214.00","259,135.00","","","","","","","","","","","","","",""
"24.04.2026","16:34:00","Expense","","PALSTIC CARIY BAG + TOTO","","470.00","","","3,451.00","255,214.00","258,665.00","","","","","","","","","","","","","",""
"24.04.2026","22:08:00","Vendor Payment-Cash","","COOCH BEHAR BAZAAR(SATTO)","","1,400.00","","","2,051.00","255,214.00","257,265.00","","","","","","","","","","","","","",""
"24.04.2026","22:08:00","Sale-Cash","","","6,022.00","","","","8,073.00","255,214.00","263,287.00","","","","","","","","","","","","","",""
"24.04.2026","22:11:00","Sale-UPI","","","","","3,736.00","","8,073.00","258,950.00","267,023.00","","","","","","","","","","","","","",""
"25.04.2026","10:27:00","Opening Balance","","","","","","","8,073.00","258,950.00","267,023.00","","","","","","","","","","","","","",""
"25.04.2026","11:50:00","Vendor Payment-Cash","28","SOYETA TRADING CO","","4,549.00","","","3,524.00","258,950.00","262,474.00","","","","","","","","","","","","","",""
"25.04.2026","17:48:00","Vendor Payment-Cash","560","SUTRADHAR EXPORT & IMPORT","","967.00","","","2,557.00","258,950.00","261,507.00","","","","","","","","","","","","","",""
"25.04.2026","20:24:00","Vendor Payment-Cash","1590","P G ENTERPRISE ","","291.00","","","2,266.00","258,950.00","261,216.00","","","","","","","","","","","","","",""
"25.04.2026","22:10:00","Sale-Cash","","","2,564.00","","","","4,830.00","258,950.00","263,780.00","","","","","","","","","","","","","",""
"25.04.2026","22:10:00","Sale-UPI","","","","","4,899.00","","4,830.00","263,849.00","268,679.00","","","","","","","","","","","","","",""
"26.04.2026","17:05:00","Opening Balance","","","","","","","4,830.00","263,849.00","268,679.00","","","","","","","","","","","","","",""
"26.04.2026","17:05:00","Vendor Payment-Cash","A000244","M/S BASAK ENTERPRISE","","1,560.00","","","3,270.00","263,849.00","267,119.00","","","","","","","","","","","","","",""
"26.04.2026","19:38:00","Expense","","EXCHANGE (INVOICE NO-3680) (NABHO TOY MAGIC OF UNICORN,SD PENCIL BOX 100 RS CAR SHAPE ","","275.00","","","2,995.00","263,849.00","266,844.00","","","","","","","","","","","","","",""
"26.04.2026","22:14:00","Expense","","CHARITY","","20.00","","","2,975.00","263,849.00","266,824.00","","","","","","","","","","","","","",""
"26.04.2026","22:15:00","Sale-Cash","","","7,041.00","","","","10,016.00","263,849.00","273,865.00","","","","","","","","","","","","","",""
"26.04.2026","22:15:00","Sale-UPI","","","","","4,908.00","","10,016.00","268,757.00","278,773.00","","","","","","","","","","","","","",""
"27.04.2026","09:48:00","Opening Balance","","","","","","","10,016.00","268,757.00","278,773.00","","","","","","","","","","","","","",""
"27.04.2026","09:48:00","Vendor Payment-Cash","1791","P G ENTERPRISE","","767.00","","","9,249.00","268,757.00","278,006.00","","","","","","","","","","","","","",""
"27.04.2026","12:29:00","Vendor Payment-Cash","A260000955","AALEKHYA  ASSOCIATES","","2,026.00","","","7,223.00","268,757.00","275,980.00","","","","","","","","","","","","","",""
"27.04.2026","12:45:00","Vendor Payment-Cash","R000393","APARNA ENTERPRISE ","","387.00","","","6,836.00","268,757.00","275,593.00","","","","","","","","","","","","","",""
"27.04.2026","14:12:00","Vendor Payment-Cash","","COOCH BEHAR BAZAAR (MOTHER`S PICKEL , GINGAR GARLIK PAST)","","638.00","","","6,198.00","268,757.00","274,955.00","","","","","","","","","","","","","",""
"27.04.2026","14:47:00","Vendor Payment-Cash","331","SUTRADHAR EXPORT & IMPORT","","235.00","","","5,963.00","268,757.00","274,720.00","","","","","","","","","","","","","",""
"27.04.2026","17:57:00","Vendor Payment-Cash","","COOCH BEHAR BAZAAR (ALO FRUT)","","980.00","","","4,983.00","268,757.00","273,740.00","","","","","","","","","","","","","",""
"27.04.2026","18:37:00","Vendor Payment-Cash","","COOCH BEHAR BAZAAR ( DIM)","","360.00","","","4,623.00","268,757.00","273,380.00","","","","","","","","","","","","","",""
"27.04.2026","18:39:00","Expense","","CHATITY+TOTO","","20.00","","","4,603.00","268,757.00","273,360.00","","","","","","","","","","","","","",""
"27.04.2026","22:23:00","Sale-Cash","","","3,686.00","","","","8,289.00","268,757.00","277,046.00","","","","","","","","","","","","","",""
"27.04.2026","22:23:00","Sale-UPI","","","","","7,461.00","","8,289.00","276,218.00","284,507.00","","","","","","","","","","","","","",""
"28.04.2026","09:34:00","Opening Balance","","","","","","","8,289.00","276,218.00","284,507.00","","","","","","","","","","","","","",""
"28.04.2026","09:34:00","Expense","","AGARBATI +CHARITY (MOMS MEGIC BISCUIT)","","89.00","","","8,200.00","276,218.00","284,418.00","","","","","","","","","","","","","",""
"28.04.2026","12:25:00","Vendor Payment-Cash","GTF08272","SOYETA TRADING CO.","","873.00","","","7,327.00","276,218.00","283,545.00","","","","","","","","","","","","","",""
"28.04.2026","15:29:00","Vendor Payment-Cash","32040","SAHA  AGENCY","","3,458.00","","","3,869.00","276,218.00","280,087.00","","","","","","","","","","","","","",""
"28.04.2026","17:36:00","Vendor Payment-Cash","81","JOYGURU ENTERPRISE","","688.00","","","3,181.00","276,218.00","279,399.00","","","","","","","","","","","","","",""
"28.04.2026","20:09:00","Vendor Payment-Cash","1173","P G ENTERPRISE","","204.00","","","2,977.00","276,218.00","279,195.00","","","","","","","","","","","","","",""
"28.04.2026","22:17:00","Sale-Cash","","","4,328.00","","","","7,305.00","276,218.00","283,523.00","","","","","","","","","","","","","",""
"28.04.2026","22:17:00","Sale-UPI","","","","","4,620.00","","7,305.00","280,838.00","288,143.00","","","","","","","","","","","","","",""
"28.04.2026","22:21:00","Closing Balance","","","","","","","7,305.00","280,838.00","288,143.00","","","","","","","","","","","","","",""
"29.04.2026","09:51:00","Opening Balance","","","","","","","7,305.00","280,838.00","288,143.00","","","","","","","","","","","","","",""
"29.04.2026","09:51:00","Vendor Payment-Cash","1847","P G ENTERPRISE","","276.00","","","7,029.00","280,838.00","287,867.00","","","","","","","","","","","","","",""
"29.04.2026","10:30:00","Vendor Payment-Cash","SCP/26-27/717","SARADA FOOD MART","","720.00","","","6,309.00","280,838.00","287,147.00","","","","","","","","","","","","","",""
"29.04.2026","17:37:00","Vendor Payment-Cash","59","PRAN ( UPI + CASH ) CASH MENTION","","899.00","","","5,410.00","280,838.00","286,248.00","","","","","","","","","","","","","",""
"29.04.2026","17:38:00","Vendor Payment-Cash","57","COOCH BEHAR (KALA JERA, PAPAD)","","910.00","","","4,500.00","280,838.00","285,338.00","","","","","","","","","","","","","",""
"29.04.2026","17:41:00","Vendor Payment-Cash","26-27/SSA-803","SANJAY SALES AGENCIES ","","1,793.00","","","2,707.00","280,838.00","283,545.00","","","","","","","","","","","","","",""
"29.04.2026","18:19:00","Vendor Payment-Cash","","COOCH BEHAR BAZAA(DIM)","","360.00","","","2,347.00","280,838.00","283,185.00","","","","","","","","","","","","","",""
"29.04.2026","18:19:00","Expense","","TOTO VARA ","","90.00","","","2,257.00","280,838.00","283,095.00","","","","","","","","","","","","","",""
"29.04.2026","22:12:00","Sale-Cash","","","3,547.00","","","","5,804.00","280,838.00","286,642.00","","","","","","","","","","","","","",""
"29.04.2026","22:12:00","Sale-UPI","","","","","3,868.00","","5,804.00","284,706.00","290,510.00","","","","","","","","","","","","","",""
"30.04.2026","09:40:00","Opening Balance","","","","","","","5,804.00","284,706.00","290,510.00","","","","","","","","","","","","","",""
"30.04.2026","10:38:00","Vendor Payment-Cash","1918","P G ENTERPRISE","","895.00","","","4,909.00","284,706.00","289,615.00","","","","","","","","","","","","","",""
"30.04.2026","17:19:00","Expense","","TOTO VARA","","50.00","","","4,859.00","284,706.00","289,565.00","","","","","","","","","","","","","",""
"30.04.2026","22:06:00","Sale-Cash","","","3,292.00","","","","8,151.00","284,706.00","292,857.00","","","","","","","","","","","","","",""
"30.04.2026","22:06:00","Sale-UPI","","","","","3,382.00","","8,151.00","288,088.00","296,239.00","","","","","","","","","","","","","",""
"01.05.2026","17:14:00","Opening Balance","","","","","","","8,151.00","288,088.00","296,239.00","","","","","","","","","","","","","",""
"01.05.2026","17:14:00","Vendor Payment-Cash","574","SUTRADHAR EXPORT &  IMPORT","","1,450.00","","","6,701.00","288,088.00","294,789.00","","","","","","","","","","","","","",""
"01.05.2026","18:05:00","Vendor Payment-Cash","","COOCH BEHAR BAZAAR (MURI)","","750.00","","","5,951.00","288,088.00","294,039.00","","","","","","","","","","","","","",""
"01.05.2026","18:06:00","Vendor Payment-Cash","1466","PAUL & SONS","","1,464.00","","","4,487.00","288,088.00","292,575.00","","","","","","","","","","","","","",""
"01.05.2026","19:38:00","Expense","","PARCEL + TOTO VARA","","530.00","","","3,957.00","288,088.00","292,045.00","","","","","","","","","","","","","",""
"01.05.2026","19:50:00","Vendor Payment-Cash","","COOCH BEHAR BAZAAR (TATA GLUCO)","","190.00","","","3,767.00","288,088.00","291,855.00","","","","","","","","","","","","","",""
"01.05.2026","20:01:00","Vendor Payment-Cash","1982","P G ENTERPRISE","","316.00","","","3,451.00","288,088.00","291,539.00","","","","","","","","","","","","","",""
"01.05.2026","22:15:00","Expense","","CHARITY","","10.00","","","3,441.00","288,088.00","291,529.00","","","","","","","","","","","","","",""
"01.05.2026","22:15:00","Sale-Cash","","","10,267.00","","","","13,708.00","288,088.00","301,796.00","","","","","","","","","","","","","",""
"01.05.2026","22:15:00","Sale-UPI","","","","","2,605.00","","13,708.00","290,693.00","304,401.00","","","","","","","","","","","","","",""
"02.05.2026","12:06:00","Opening Balance","","","","","","","13,708.00","290,693.00","304,401.00","","","","","","","","","","","","","",""
"02.05.2026","12:06:00","Vendor Payment-Cash","FSL424171","GOURI SHANKAR AGENCY","","1,589.00","","","12,119.00","290,693.00","302,812.00","","","","","","","","","","","","","",""
"02.05.2026","14:24:00","Expense","","EXCHANGE ( INVOICE ON 4038)","","65.00","","","12,054.00","290,693.00","302,747.00","","","","","","","","","","","","","",""
"02.05.2026","14:32:00","Vendor Payment-Cash","GTF09459","SOYETA TRADING CO","","2,532.00","","","9,522.00","290,693.00","300,215.00","","","","","","","","","","","","","",""
"02.05.2026","17:30:00","Vendor Payment-Cash","","COOCH BEHAR BAZAAR ( VINEGAR,RAFFELO,PAPAD,OIL,CHIA SEED)","","5,195.00","","","4,327.00","290,693.00","295,020.00","","","","","","","","","","","","","",""
"02.05.2026","17:33:00","Expense","","PRINTER ROOL,HAND GLAPS,TOTO","","410.00","","","3,917.00","290,693.00","294,610.00","","","","","","","","","","","","","",""
"02.05.2026","21:21:00","Vendor Payment-Cash","268","SUTRADHAR EXPORT & IMPORT","","315.00","","","3,602.00","290,693.00","294,295.00","","","","","","","","","","","","","",""
"02.05.2026","22:11:00","Sale-Cash","","","7,212.00","","","","10,814.00","290,693.00","301,507.00","","","","","","","","","","","","","",""
"02.05.2026","22:11:00","Sale-UPI","","","","","6,706.00","","10,814.00","297,399.00","308,213.00","","","","","","","","","","","","","",""
"03.05.2026","09:22:00","Opening Balance","","","","","","","10,814.00","297,399.00","308,213.00","","","","","","","","","","","","","",""
"03.05.2026","14:11:00","Vendor Payment-Cash","","COOCH BEHAR BAZZAR ( VICKS INHALER )","","320.00","","","10,494.00","297,399.00","307,893.00","","","","","","","","","","","","","",""
"03.05.2026","22:19:00","Sale-Cash","","","6,712.00","","","","17,206.00","297,399.00","314,605.00","","","","","","","","","","","","","",""
"03.05.2026","22:19:00","Sale-UPI","","","","","2,464.00","","17,206.00","299,863.00","317,069.00","","","","","","","","","","","","","",""
"03.05.2026","22:24:00","Closing Balance","","","","","","","17,206.00","299,863.00","317,069.00","","","","","","","","","","","","","",""
"04.05.2026","09:45:00","Opening Balance","","","","","","","17,206.00","299,863.00","317,069.00","","","","","","","","","","","","","",""
"04.05.2026","11:25:00","Vendor Payment-Cash","I/26-27/006991","GOURI SANKAR ASSOCIATES","","495.00","","","16,711.00","299,863.00","316,574.00","","","","","","","","","","","","","",""
"04.05.2026","12:26:00","Vendor Payment-Cash","A260001251","AALEKHAYA ASSOCIATES ","","2,078.00","","","14,633.00","299,863.00","314,496.00","","","","","","","","","","","","","",""
"04.05.2026","19:51:00","Expense","","EXCHANGE INVOICE NO 4195","","30.00","","","14,603.00","299,863.00","314,466.00","","","","","","","","","","","","","",""
"04.05.2026","22:08:00","Sale-Cash","","","3,042.00","","","","17,645.00","299,863.00","317,508.00","","","","","","","","","","","","","",""
"04.05.2026","22:08:00","Sale-UPI","","","","","3,962.00","","17,645.00","303,825.00","321,470.00","","","","","","","","","","","","","",""
"05.05.2026","09:26:00","Opening Balance","","","","","","","17,645.00","303,825.00","321,470.00","","","","","","","","","","","","","",""
"05.05.2026","12:52:00","Vendor Payment-Cash","","COOCH BEHAR BAZAAR ( OIL, DIM)","","7,496.00","","","10,149.00","303,825.00","313,974.00","","","","","","","","","","","","","",""
"05.05.2026","12:54:00","Vendor Payment-Cash","1583","PAUL & SONS","","720.00","","","9,429.00","303,825.00","313,254.00","","","","","","","","","","","","","",""
"05.05.2026","12:58:00","Vendor Payment-Cash","26-27/SSA-975","SANJAY SALES AGENCIES","","445.00","","","8,984.00","303,825.00","312,809.00","","","","","","","","","","","","","",""
"05.05.2026","12:59:00","Expense","","PLASTIC CARY BAG","","1,200.00","","","7,784.00","303,825.00","311,609.00","","","","","","","","","","","","","",""
"05.05.2026","19:41:00","Vendor Payment-Cash","","COOCH BEHAR BAZAAR ( AMUL DUDH, BATAR,CHEESE)","","1,719.00","","","6,065.00","303,825.00","309,890.00","","","","","","","","","","","","","",""
"05.05.2026","19:41:00","Expense","","TOTO + CHARITY","","100.00","","","5,965.00","303,825.00","309,790.00","","","","","","","","","","","","","",""
"05.05.2026","20:14:00","Vendor Payment-Cash","2357","P G ENTERPRISE","","61.00","","","5,904.00","303,825.00","309,729.00","","","","","","","","","","","","","",""
"05.05.2026","20:15:00","Vendor Payment-Cash","","P G ENTERPRISE","","392.00","","","5,512.00","303,825.00","309,337.00","","","","","","","","","","","","","",""
"05.05.2026","22:13:00","Sale-Cash","","","8,477.00","","","","13,989.00","303,825.00","317,814.00","","","","","","","","","","","","","",""
"05.05.2026","22:13:00","Sale-UPI","","","","","6,526.00","","13,989.00","310,351.00","324,340.00","","","","","","","","","","","","","",""
"06.05.2026","10:16:00","Opening Balance","","","","","","","13,989.00","310,351.00","324,340.00","","","","","","","","","","","","","",""
"06.05.2026","10:16:00","Vendor Payment-Cash","SCP/26-27/962","SARADA FOOD MART","","1,569.00","","","12,420.00","310,351.00","322,771.00","","","","","","","","","","","","","",""
"06.05.2026","16:04:00","Vendor Payment-Cash","GTF11125","SOYETA TRADING CO ","","5,018.00","","","7,402.00","310,351.00","317,753.00","","","","","","","","","","","","","",""
"06.05.2026","19:45:00","Vendor Payment-Cash","2325","P G ENTERPRISE ","","92.00","","","7,310.00","310,351.00","317,661.00","","","","","","","","","","","","","",""
"06.05.2026","22:06:00","Sale-Cash","","","3,621.00","","","","10,931.00","310,351.00","321,282.00","","","","","","","","","","","","","",""
"06.05.2026","22:06:00","Sale-UPI","","","","","3,349.00","","10,931.00","313,700.00","324,631.00","","","","","","","","","","","","","",""
"07.05.2026","09:23:00","Intraday Cash Update","","IOB UPI CALIBRATION","","","2.00","","10,931.00","313,702.00","324,633.00","","","","","","","","","","","","","",""
"07.05.2026","12:49:00","Opening Balance","","","","","","","10,931.00","313,702.00","324,633.00","","","","","","","","","","","","","",""
"07.05.2026","13:55:00","Vendor Payment-Cash","IB/26-27/2121","NEW ICE BAR ","","4,020.00","","","6,911.00","313,702.00","320,613.00","","","","","","","","","","","","","",""
"07.05.2026","15:23:00","Vendor Payment-Cash","I/26-27/008755","GOURI SANKAR ASSOCIATES ","","454.00","","","6,457.00","313,702.00","320,159.00","","","","","","","","","","","","","",""
"07.05.2026","19:42:00","Vendor Payment-Cash","","COOCH BEHAR BAZAAR ( DIM ,NAKUL DANA, BATASHA,KISMIS)","","970.00","","","5,487.00","313,702.00","319,189.00","","","","","","","","","","","","","",""
"07.05.2026","19:56:00","Vendor Payment-Cash","2386","P G ENTERPRISE","","203.00","","","5,284.00","313,702.00","318,986.00","","","","","","","","","","","","","",""
"07.05.2026","22:11:00","Expense","","TOTO+CHARITY","","50.00","","","5,234.00","313,702.00","318,936.00","","","","","","","","","","","","","",""
"07.05.2026","22:11:00","Sale-Cash","","","7,759.00","","","","12,993.00","313,702.00","326,695.00","","","","","","","","","","","","","",""
"07.05.2026","22:11:00","Sale-UPI","","","","","4,421.00","","12,993.00","318,123.00","331,116.00","","","","","","","","","","","","","",""
"08.05.2026","10:00:00","Opening Balance","","","","","","","12,993.00","318,123.00","331,116.00","","","","","","","","","","","","","",""
"08.05.2026","14:36:00","Vendor Payment-Cash","24461","AMBO RETAIL INDIA LIMITED","","460.00","","","12,533.00","318,123.00","330,656.00","","","","","","","","","","","","","",""
"08.05.2026","15:01:00","Vendor Payment-Cash","","COOCH BEHAR BAZAAR ( AMUL KOOL , KAJU KATRI , TRU","","1,404.00","","","11,129.00","318,123.00","329,252.00","","","","","","","","","","","","","",""
"08.05.2026","18:35:00","Vendor Payment-Cash","583","SUTRADHAR EXPORT&IMPORT","","725.00","","","10,404.00","318,123.00","328,527.00","","","","","","","","","","","","","",""
"08.05.2026","19:59:00","Vendor Payment-Cash","2517","P G ENTERPRISE ","","217.00","","","10,187.00","318,123.00","328,310.00","","","","","","","","","","","","","",""
"08.05.2026","22:09:00","Expense","","CHARITY","","10.00","","","10,177.00","318,123.00","328,300.00","","","","","","","","","","","","","",""
"08.05.2026","22:09:00","Sale-Cash","","","5,668.00","","","","15,845.00","318,123.00","333,968.00","","","","","","","","","","","","","",""
"08.05.2026","22:09:00","Sale-UPI","","","","","4,013.00","","15,845.00","322,136.00","337,981.00","","","","","","","","","","","","","",""
"09.05.2026","10:01:00","Opening Balance","","","","","","","15,845.00","322,136.00","337,981.00","","","","","","","","","","","","","",""
"09.05.2026","10:01:00","Exchange","","EXCHANGE INVOICE NO  45133","","160.00","","","15,685.00","322,136.00","337,821.00","","","","","","","","","","","","","",""
"09.05.2026","11:42:00","Vendor Payment-Cash","I/26-27/006696","GOURI SANKAR ASSOCIATES","","638.00","","","15,047.00","322,136.00","337,183.00","","","","","","","","","","","","","",""
"09.05.2026","11:55:00","Vendor Payment-Cash","HAL/26-27/00571","GOURI SANKAR  AGENCY","","2,462.00","","","12,585.00","322,136.00","334,721.00","","","","","","","","","","","","","",""
"09.05.2026","12:42:00","Vendor Payment-Cash","GTF12330","SOYETA TRADING CO","","797.00","","","11,788.00","322,136.00","333,924.00","","","","","","","","","","","","","",""
"09.05.2026","13:06:00","Vendor Payment-Cash","FSL425025","GOURI SHANKAR AGENCY ","","4,881.00","","","6,907.00","322,136.00","329,043.00","","","","","","","","","","","","","",""
"09.05.2026","19:26:00","Vendor Payment-Cash","","COOCH BEHAR  BAZAAR (MURI,DIM)","","1,000.00","","","5,907.00","322,136.00","328,043.00","","","","","","","","","","","","","",""
"09.05.2026","19:26:00","Expense","","TOTO + CHARITY","","110.00","","","5,797.00","322,136.00","327,933.00","","","","","","","","","","","","","",""
"09.05.2026","22:13:00","Sale-Cash","","","4,824.00","","","","10,621.00","322,136.00","332,757.00","","","","","","","","","","","","","",""
"09.05.2026","22:13:00","Sale-UPI","","","","","4,554.00","","10,621.00","326,690.00","337,311.00","","","","","","","","","","","","","",""
"10.05.2026","09:32:00","Opening Balance","","","","","","","10,621.00","326,690.00","337,311.00","","","","","","","","","","","","","",""
"10.05.2026","21:29:00","Expense","","CHARITY","","20.00","","","10,601.00","326,690.00","337,291.00","","","","","","","","","","","","","",""
"10.05.2026","22:03:00","Sale-Cash","","","4,231.00","","","","14,832.00","326,690.00","341,522.00","","","","","","","","","","","","","",""
"10.05.2026","22:03:00","Sale-UPI","","","","","1,741.00","","14,832.00","328,431.00","343,263.00","","","","","","","","","","","","","",""
"11.05.2026","10:50:00","Opening Balance","","","","","","","14,832.00","328,431.00","343,263.00","","","","","","","","","","","","","",""
"11.05.2026","12:19:00","Vendor Payment-Cash","I/26-27/008556","GOURI SANKAR ASSOCIATES","","2,939.00","","","11,893.00","328,431.00","340,324.00","","","","","","","","","","","","","",""
"11.05.2026","12:44:00","Vendor Payment-Cash","A260001619","AALEKHYA ASSOCIATES","","1,206.00","","","10,687.00","328,431.00","339,118.00","","","","","","","","","","","","","",""
"11.05.2026","12:57:00","Vendor Payment-Cash","","SOYETA TRADAES CO","","3,273.00","","","7,414.00","328,431.00","335,845.00","","","","","","","","","","","","","",""
"11.05.2026","14:10:00","Vendor Payment-Cash"," ","SAHA AGENCY","","990.00","","","6,424.00","328,431.00","334,855.00","","","","","","","","","","","","","",""
"11.05.2026","14:11:00","Vendor Payment-Cash","AT/0229/26-27","ANIL TTRADERS ","","3,594.00","","","2,830.00","328,431.00","331,261.00","","","","","","","","","","","","","",""
"11.05.2026","20:06:00","Vendor Payment-Cash","2707","P G ENTERPRISE","","318.00","","","2,512.00","328,431.00","330,943.00","","","","","","","","","","","","","",""
"11.05.2026","20:07:00","Expense","","TOTO + CHARITY","","70.00","","","2,442.00","328,431.00","330,873.00","","","","","","","","","","","","","",""
"11.05.2026","22:15:00","Sale-Cash","","","5,239.00","","","","7,681.00","328,431.00","336,112.00","","","","","","","","","","","","","",""
"11.05.2026","22:15:00","Sale-UPI","","","","","2,496.00","","7,681.00","330,927.00","338,608.00","","","","","","","","","","","","","",""
"11.05.2026","22:16:00","Closing Balance","","","","","","","7,681.00","330,927.00","338,608.00","","","","","","","","","","","","","",""
"12.05.2026","09:17:00","Opening Balance","","","","","","","7,681.00","330,927.00","338,608.00","","","","","","","","","","","","","",""
"12.05.2026","11:54:00","Vendor Payment-Cash","I/26-27/008759","GOURI SANKAR ASSOCIATES ","","3,621.00","","","4,060.00","330,927.00","334,987.00","","","","","","","","","","","","","",""
"12.05.2026","14:15:00","Vendor Payment-Cash","GTF13215","SOYETA TRADING CO.","","1,887.00","","","2,173.00","330,927.00","333,100.00","","","","","","","","","","","","","",""
"12.05.2026","19:48:00","Vendor Payment-Cash","591","SUTRADHAR EXPORT & IMPORT","","600.00","","","1,573.00","330,927.00","332,500.00","","","","","","","","","","","","","",""
"12.05.2026","22:12:00","Sale-Cash","","","6,096.00","","","","7,669.00","330,927.00","338,596.00","","","","","","","","","","","","","",""
"12.05.2026","22:12:00","Sale-UPI","","","","","2,855.00","","7,669.00","333,782.00","341,451.00","","","","","","","","","","","","","",""
"12.05.2026","22:13:00","Closing Balance","","","","","","","7,669.00","333,782.00","341,451.00","","","","","","","","","","","","","",""
"13.05.2026","09:28:00","Opening Balance","","","","","","","7,669.00","333,782.00","341,451.00","","","","","","","","","","","","","",""
"13.05.2026","","Expense","","PAARCEL + TOTO VARA","","700.00","","","6,969.00","333,782.00","340,751.00","","","","","","","","","","","","","",""
"13.05.2026","","Vendor Payment-Cash","SCP/26-27/1210","SARADA FOOD MART","","1,428.00","","","5,541.00","333,782.00","339,323.00","","","","","","","","","","","","","",""
"13.05.2026","","Vendor Payment-Cash","2820","P G ENTERPRISE","","1,258.00","","","4,283.00","333,782.00","338,065.00","","","","","","","","","","","","","",""
"13.05.2026","","Expense","","CHARITY","","5.00","","","4,278.00","333,782.00","338,060.00","","","","","","","","","","","","","",""
"13.05.2026","","Sale-Cash","","","5,351.00","","","","9,629.00","333,782.00","343,411.00","","","","","","","","","","","","","",""
"13.05.2026","","Sale-UPI","","","","","3,566.00","","9,629.00","337,348.00","346,977.00","","","","","","","","","","","","","",""
"14.05.2026","","Opening Balance","","","","","","","9,629.00","337,348.00","346,977.00","","","","","","","","","","","","","",""
"14.05.2026","","Vendor Payment-Cash","","COOCH BEHAR BAZAAR ( GHEE, KINDER JOY , RAFFELO )","","1,238.00","","","8,391.00","337,348.00","345,739.00","","","","","","","","","","","","","",""
"14.05.2026","","Vendor Payment-Cash","2029","M/S PAUL & SONS","","2,491.00","","","5,900.00","337,348.00","343,248.00","","","","","","","","","","","","","",""
"14.05.2026","","Expense","","PLASTIC ","","330.00","","","5,570.00","337,348.00","342,918.00","","","","","","","","","","","","","",""
"14.05.2026","","Vendor Payment-Cash","33421","SAHA AGENCY","","256.00","","","5,314.00","337,348.00","342,662.00","","","","","","","","","","","","","",""
"14.05.2026","","Vendor Payment-Cash","IB/26-27/2562","NEW ICE BAR","","814.00","","","4,500.00","337,348.00","341,848.00","","","","","","","","","","","","","",""
"14.05.2026","","Expense","","TOTO + CHARITY","","45.00","","","4,455.00","337,348.00","341,803.00","","","","","","","","","","","","","",""
"14.05.2026","","Sale-Cash","","","6,930.00","","","","11,385.00","337,348.00","348,733.00","","","","","","","","","","","","","",""
"14.05.2026","","Sale-UPI","","","","","5,414.00","","11,385.00","342,762.00","354,147.00","","","","","","","","","","","","","",""
"15.05.2026","09:32:00","Opening Balance","","","","","","","11,385.00","342,762.00","354,147.00","","","","","","","","","","","","","",""
"15.05.2026","15:05:00","Vendor Payment-Cash","","COOCH BEHAR BAZAAR (JARU)","","498.00","","","10,887.00","342,762.00","353,649.00","","","","","","","","","","","","","",""
"15.05.2026","","Vendor Payment-Cash","","COOCH BEHAR BAZAAR ( SALONI, SUGAR FREE, DIM)","","3,800.00","","","7,087.00","342,762.00","349,849.00","","","","","","","","","","","","","",""
"15.05.2026","","Vendor Payment-Cash","26-27/SSA-1333","SANJAY SALES AGENCIES","","2,058.00","","","5,029.00","342,762.00","347,791.00","","","","","","","","","","","","","",""
"15.05.2026","","Expense","","TOTO + CHARITY","","55.00","","","4,974.00","342,762.00","347,736.00","","","","","","","","","","","","","",""
"15.05.2026","","Sale-Cash","","","4,134.00","","","","9,108.00","342,762.00","351,870.00","","","","","","","","","","","","","",""
"15.05.2026","","Sale-UPI","","","","","3,683.00","","9,108.00","346,445.00","355,553.00","","","","","","","","","","","","","",""
"16.05.2026","","Opening Balance","","","","","","","9,108.00","346,445.00","355,553.00","","","","","","","","","","","","","",""
"16.05.2026","","Vendor Payment-Cash","","COOCH BEHAR BAZAAR (PAMPERS,GILLETTE ,WHISPER)","","1,357.00","","","7,751.00","346,445.00","354,196.00","","","","","","","","","","","","","",""
"16.05.2026","","Vendor Payment-Cash","","COOCH BEHAR BAZAAR ( PICKLE,PAPAD,GARLIK PAST)","","1,556.00","","","6,195.00","346,445.00","352,640.00","","","","","","","","","","","","","",""
"16.05.2026","","Vendor Payment-Cash","","COOCH BEHAR BAZAAR (SUGAR)","","2,260.00","","","3,935.00","346,445.00","350,380.00","","","","","","","","","","","","","",""
"16.05.2026","","Vendor Payment-Cash","2933","P G ENTERPRISE","","238.00","","","3,697.00","346,445.00","350,142.00","","","","","","","","","","","","","",""
"16.05.2026","","Vendor Payment-Cash","3857","P G ENTERPRISE","","96.00","","","3,601.00","346,445.00","350,046.00","","","","","","","","","","","","","",""
"16.05.2026","","Sale-Cash","","","4,355.00","","","","7,956.00","346,445.00","354,401.00","","","","","","","","","","","","","",""
"16.05.2026","","Sale-UPI","","","","","4,242.00","","7,956.00","350,687.00","358,643.00","","","","","","","","","","","","","",""
"17.05.2026","","Opening Balance","","","","","","","7,956.00","350,687.00","358,643.00","","","","","","","","","","","","","",""
"17.05.2026","","Vendor Payment-Cash","3883","P G ENTERPRISE","","297.00","","","7,659.00","350,687.00","358,346.00","","","","","","","","","","","","","",""
"17.05.2026","","Sale-Cash","","","9,542.00","","","","17,201.00","350,687.00","367,888.00","","","","","","","","","","","","","",""
"17.05.2026","","Sale-UPI","","","","","2,494.00","","17,201.00","353,181.00","370,382.00","","","","","","","","","","","","","",""
"18.05.2026","","Opening Balance","","","","","","","17,201.00","353,181.00","370,382.00","","","","","","","","","","","","","",""
"18.05.2026","","Vendor Payment-Cash","I/26-27/010443","GOURI SANKAR ASSOCIATES","","715.00","","","16,486.00","353,181.00","369,667.00","","","","","","","","","","","","","",""
"18.05.2026","","Vendor Payment-Cash","A260001945","AALEKHYA ASSOCIATES ","","1,967.00","","","14,519.00","353,181.00","367,700.00","","","","","","","","","","","","","",""
"18.05.2026","","Vendor Payment-Cash","91","PRAN","","1,462.00","","","13,057.00","353,181.00","366,238.00","","","","","","","","","","","","","",""
"18.05.2026","","Vendor Payment-Cash","9","JOYGURU ENTERPRISE ","","893.00","","","12,164.00","353,181.00","365,345.00","","","","","","","","","","","","","",""
"18.05.2026","","Expense","","SPS PARRCELL PVT LTD + TOTO","","430.00","","","11,734.00","353,181.00","364,915.00","","","","","","","","","","","","","",""
"18.05.2026","","Vendor Payment-Cash","370","N BISWAS & CHOWDHURY ","","2,118.00","","","9,616.00","353,181.00","362,797.00","","","","","","","","","","","","","",""
"18.05.2026","","Vendor Payment-Cash","3948","P G ENTERPRISE","","119.00","","","9,497.00","353,181.00","362,678.00","","","","","","","","","","","","","",""
"18.05.2026","","Expense","","CHARITY","","20.00","","","9,477.00","353,181.00","362,658.00","","","","","","","","","","","","","",""
"18.05.2026","","Sale-Cash","","","9,189.00","","","","18,666.00","353,181.00","371,847.00","","","","","","","","","","","","","",""
"18.05.2026","","Sale-UPI","","","","","3,310.00","","18,666.00","356,491.00","375,157.00","","","","","","","","","","","","","",""
"19.05.2026","","Opening Balance","","","","","","","18,666.00","356,491.00","375,157.00","","","","","","","","","","","","","",""
"19.05.2026","","Vendor Payment-Cash","","COOCH BEHAR BAZAAR (DIM)","","380.00","","","18,286.00","356,491.00","374,777.00","","","","","","","","","","","","","",""
"19.05.2026","","Vendor Payment-Cash","R000229","APARNA ENTERPRISE ","","700.00","","","17,586.00","356,491.00","374,077.00","","","","","","","","","","","","","",""
"19.05.2026","","Vendor Payment-Cash","GTF16920","SOYETA TRADING CO","","1,826.00","","","15,760.00","356,491.00","372,251.00","","","","","","","","","","","","","",""
"19.05.2026","","Vendor Payment-Cash","4003","P G ENTERPRISE ","","1,316.00","","","14,444.00","356,491.00","370,935.00","","","","","","","","","","","","","",""
"19.05.2026","","Vendor Payment-Cash","SIT-512","AMRITA SALES AGENCY","","893.00","","","13,551.00","356,491.00","370,042.00","","","","","","","","","","","","","",""
"19.05.2026","","Sale-Cash","","","4,571.00","","","","18,122.00","356,491.00","374,613.00","","","","","","","","","","","","","",""
"19.05.2026","","Sale-UPI","","","","","4,410.00","","18,122.00","360,901.00","379,023.00","","","","","","","","","","","","","",""
"20.05.2026","","Opening Balance","","","","","","","18,122.00","360,901.00","379,023.00","","","","","","","","","","","","","",""
"20.05.2026","","Vendor Payment-Cash","SCP/26-27/1517","SARADA FOOD MART","","1,271.00","","","16,851.00","360,901.00","377,752.00","","","","","","","","","","","","","",""
"20.05.2026","","Vendor Payment-Cash","DE_012600995","DAYAL ENTERPRISE","","2,432.00","","","14,419.00","360,901.00","375,320.00","","","","","","","","","","","","","",""
"20.05.2026","","Vendor Payment-Cash","","DAYAL ENTERPRISE","","1,553.00","","","12,866.00","360,901.00","373,767.00","","","","","","","","","","","","","",""
"20.05.2026","","Vendor Payment-Cash","","COOCH BEHAR BAZAAR ( SATTO)","","1,550.00","","","11,316.00","360,901.00","372,217.00","","","","","","","","","","","","","",""
"20.05.2026","","Expense","","CHARITY","","20.00","","","11,296.00","360,901.00","372,197.00","","","","","","","","","","","","","",""
"20.05.2026","","Sale-Cash","","","5,069.00","","","","16,365.00","360,901.00","377,266.00","","","","","","","","","","","","","",""
"20.05.2026","","Sale-UPI","","","","","3,612.00","","16,365.00","364,513.00","380,878.00","","","","","","","","","","","","","",""
"21.05.2026","01:19:44","Closing Balance","","","","","","","16,365.00","364,513.00","380,878.00","","","","","","","","","","","","","",""
"21.05.2026","09:40:37","Opening Balance","`","","","","","","16,365.00","364,513.00","380,878.00","","","","","","","","","","","","","",""
"21.05.2026","13:56:28","Vendor Payment-Cash","GST001522","JAISWAL AGENCY","","4,140.00","","","12,225.00","364,513.00","376,738.00","","","","","","","","","","","","","",""
"21.05.2026","14:39:08","Vendor Payment-Cash","IB/26-27/2942","NEW ICE BAR","","2,134.00","","","10,091.00","364,513.00","374,604.00","","","","","","","","","","","","","",""
"21.05.2026","18:43:39","Vendor Payment-Cash","36","COOCH BEHAR BAZAAR (PAPAD,ROCHER)","","1,600.00","","","8,491.00","364,513.00","373,004.00","","","","","","","","","","","","","",""
"21.05.2026","19:03:05","Vendor Payment-Cash","4082","P G ENTERPRISE","","127.00","","","8,364.00","364,513.00","372,877.00","","","","","","","","","","","","","",""
"21.05.2026","19:08:08","Vendor Payment-Cash","","COOCH BEHAR BAZAAR (DIM,MURI)","","1,300.00","","","7,064.00","364,513.00","371,577.00","","","","","","","","","","","","","",""
"21.05.2026","19:49:24","Expense","","TOTO + CHARITY ","","60.00","","","7,004.00","364,513.00","371,517.00","","","","","","","","","","","","","",""
"21.05.2026","22:12:22","Sale-Cash","","","6,734.00","","","","13,738.00","364,513.00","378,251.00","","","","","","","","","","","","","",""
"21.05.2026","22:12:25","Sale-UPI","","","","","2,804.00","","13,738.00","367,317.00","381,055.00","","","","","","","","","","","","","",""
"21.05.2026","22:13:03","Closing Balance","","","","","","","13,738.00","367,317.00","381,055.00","","","","","","","","","","","","","",""
"22.05.2026","09:29:16","Opening Balance","","","","","","","13,738.00","367,317.00","381,055.00","","","","","","","","","","","","","",""
"22.05.2026","14:44:34","Vendor Payment-Cash","GTF19834","SOYETA TRADING CO.","","1,152.00","","","12,586.00","367,317.00","379,903.00","","","","","","","","","","","","","",""
"22.05.2026","17:32:26","Vendor Payment-Cash","708","SUTRADHAR EXPORT AND IMPORT","","674.00","","","11,912.00","367,317.00","379,229.00","","","","","","","","","","","","","",""
"22.05.2026","19:15:42","Vendor Payment-Cash","JJGST2600480","LAXMI TRADERS","","530.00","","","11,382.00","367,317.00","378,699.00","","","","","","","","","","","","","",""
"22.05.2026","19:21:10","Vendor Payment-Cash","BOS2600475","LAXMI TRADERS","","1,868.00","","","9,514.00","367,317.00","376,831.00","","","","","","","","","","","","","",""
"22.05.2026","19:38:24","Vendor Payment-Cash","4129","P G ENTERPRISE","","266.00","","","9,248.00","367,317.00","376,565.00","","","","","","","","","","","","","",""
"22.05.2026","22:13:15","Sale-Cash","","","3,634.00","","","","12,882.00","367,317.00","380,199.00","","","","","","","","","","","","","",""
"22.05.2026","22:13:19","Sale-UPI","","","","","6,500.00","","12,882.00","373,817.00","386,699.00","","","","","","","","","","","","","",""
"22.05.2026","22:19:23","Closing Balance","","","","","","","12,882.00","373,817.00","386,699.00","","","","","","","","","","","","","",""
"23.05.2026","09:27:54","Opening Balance","","","","","","","12,882.00","373,817.00","386,699.00","","","","","","","","","","","","","",""
"23.05.2026","11:06:58","Vendor Payment-Cash","20","SANJAY SALES AGENCIES","","9,087.00","","","3,795.00","373,817.00","377,612.00","","","","","","","","","","","","","",""
"23.05.2026","15:59:26","Vendor Payment-Cash","A035","COOCH BEHAR BAZAAR(SATTO)","","230.00","","","3,565.00","373,817.00","377,382.00","","","","","","","","","","","","","",""
"23.05.2026","19:00:18","Vendor Payment-Cash","","COOCH BEHAR BAZAAR (DIM)","","360.00","","","3,205.00","373,817.00","377,022.00","","","","","","","","","","","","","",""
"23.05.2026","19:02:43","Expense","","PLASTIC BAGS","","600.00","","","2,605.00","373,817.00","376,422.00","","","","","","","","","","","","","",""
"23.05.2026","20:45:53","Vendor Payment-Cash","4179","P G ENTERPRISE ","","562.00","","","2,043.00","373,817.00","375,860.00","","","","","","","","","","","","","",""
"23.05.2026","22:14:33","Sale-Cash","","","4,882.00","","","","6,925.00","373,817.00","380,742.00","","","","","","","","","","","","","",""
"23.05.2026","22:14:35","Sale-UPI","","","","","3,013.00","","6,925.00","376,830.00","383,755.00","","","","","","","","","","","","","",""
"24.05.2026","09:53:16","Opening Balance","","","","","","","6,925.00","376,830.00","383,755.00","","","","","","","","","","","","","",""
"24.05.2026","17:15:07","Vendor Payment-Cash","","COOCH BEHAR BAZZAR ( KINDERJOY)","","360.00","","","6,565.00","376,830.00","383,395.00","","","","","","","","","","","","","",""
"24.05.2026","21:09:23","Vendor Payment-Cash","4205","P G ENTERPRISE","","939.00","","","5,626.00","376,830.00","382,456.00","","","","","","","","","","","","","",""
"24.05.2026","22:13:26","Sale-Cash","","","6,562.00","","","","12,188.00","376,830.00","389,018.00","","","","","","","","","","","","","",""
"24.05.2026","22:13:30","Sale-UPI","","","","","5,759.00","","12,188.00","382,589.00","394,777.00","","","","","","","","","","","","","",""
"25.05.2026","09:18:20","Opening Balance","","","","","","","12,188.00","382,589.00","394,777.00","","","","","","","","","","","","","",""
"25.05.2026","11:58:56","Vendor Payment-Cash","I/26-27/012110","GOURI SANKAR ASSOCIATES","","652.00","","","11,536.00","382,589.00","394,125.00","","","","","","","","","","","","","",""
"25.05.2026","12:00:09","Expense","","PAKEGIN PLASTIC ","","70.00","","","11,466.00","382,589.00","394,055.00","","","","","","","","","","","","","",""
"25.05.2026","12:36:52","Vendor Payment-Cash","A260002298","AALEKHYA ASSOCIATES","","1,102.00","","","10,364.00","382,589.00","392,953.00","","","","","","","","","","","","","",""
"25.05.2026","22:10:15","Sale-Cash","","","5,247.00","","","","15,611.00","382,589.00","398,200.00","","","","","","","","","","","","","",""
"25.05.2026","22:10:17","Sale-UPI","","","","","2,263.00","","15,611.00","384,852.00","400,463.00","","","","","","","","","","","","","",""
"26.05.2026","11:43:03","Opening Balance","","","","","","","15,611.00","384,852.00","400,463.00","","","","","","","","","","","","","",""
"26.05.2026","11:43:34","Vendor Payment-Cash","GTF20924","SOYTA TRADING CO ","","8,424.00","","","7,187.00","384,852.00","392,039.00","","","","","","","","","","","","","",""
"26.05.2026","11:44:38","Expense","","BLADE ","","100.00","","","7,087.00","384,852.00","391,939.00","","","","","","","","","","","","","",""
"26.05.2026","21:43:31","Vendor Payment-Cash","SIT-588","AMRITA SALES AGENCY ","","1,264.00","","","5,823.00","384,852.00","390,675.00","","","","","","","","","","","","","",""
"26.05.2026","22:09:55","Vendor Payment-Cash","4249","P G ENTERPRISE","","187.00","","","5,636.00","384,852.00","390,488.00","","","","","","","","","","","","","",""
"26.05.2026","22:12:58","Sale-Cash","","","3,218.00","","","","8,854.00","384,852.00","393,706.00","","","","","","","","","","","","","",""
"26.05.2026","22:12:59","Sale-UPI","","","","","7,385.00","","8,854.00","392,237.00","401,091.00","","","","","","","","","","","","","",""
"27.05.2026","09:24:46","Opening Balance","","","","","","","8,854.00","392,237.00","401,091.00","","","","","","","","","","","","","",""
"27.05.2026","10:50:25","Vendor Payment-Cash","SCP/26-27/1737","SARADA FOOD MARAT","","603.00","","","8,251.00","392,237.00","400,488.00","","","","","","","","","","","","","",""
"27.05.2026","21:08:18","Vendor Payment-Cash","4319","P G ENTERPRISE","","244.00","","","8,007.00","392,237.00","400,244.00","","","","","","","","","","","","","",""
"27.05.2026","21:11:49","Sale-Cash","","","3,936.00","","","","11,943.00","392,237.00","404,180.00","","","","","","","","","","","","","",""
"27.05.2026","21:11:50","Sale-UPI","","","","","2,652.00","","11,943.00","394,889.00","406,832.00","","","","","","","","","","","","","",""
"29.05.2026","11:19:02","Opening Balance","","","","","","","11,943.00","394,889.00","406,832.00","","","","","","","","","","","","","",""
"29.05.2026","18:43:59","Vendor Payment-Cash","725","SUTRADHAR EXPORT & IMPORT","","700.00","","","11,243.00","394,889.00","406,132.00","","","","","","","","","","","","","",""
"29.05.2026","19:09:08","Vendor Payment-Cash","","COOCH BEHAR ( DIM)","","720.00","","","10,523.00","394,889.00","405,412.00","","","","","","","","","","","","","",""
"29.05.2026","22:04:38","Sale-Cash","","","4,170.00","","","","14,693.00","394,889.00","409,582.00","","","","","","","","","","","","","",""
"29.05.2026","22:04:40","Sale-UPI","","","","","9,869.00","","14,693.00","404,758.00","419,451.00","","","","","","","","","","","","","",""
"30.05.2026","09:17:03","Opening Balance","","","","","","","14,693.00","404,758.00","419,451.00","","","","","","","","","","","","","",""
"30.05.2026","11:46:10","Vendor Payment-Cash","25","SANJAY SALE AGENCIEY","","5,855.00","","","8,838.00","404,758.00","413,596.00","","","","","","","","","","","","","",""
"30.05.2026","12:25:02","Vendor Payment-Cash","I/26-27/013613","GOURI SANKAR ASSOCIATES","","605.00","","","8,233.00","404,758.00","412,991.00","","","","","","","","","","","","","",""
"30.05.2026","15:00:00","Vendor Payment-Cash","IB/26-27/3539","NEW ICE BAR","","2,963.00","","","5,270.00","404,758.00","410,028.00","","","","","","","","","","","","","",""
"30.05.2026","16:23:42","Vendor Payment-Cash","6","COOCH BEHAR BAZZAR ","","450.00","","","4,820.00","404,758.00","409,578.00","","","","","","","","","","","","","",""
"30.05.2026","16:50:27","Vendor Payment-Cash","9","SHARMA & SONS ","","747.00","","","4,073.00","404,758.00","408,831.00","","","","","","","","","","","","","",""
"30.05.2026","19:51:48","Vendor Payment-Cash","4506","P G ENTERPRISE","","1,271.00","","","2,802.00","404,758.00","407,560.00","","","","","","","","","","","","","",""
"30.05.2026","22:07:07","Expense","","CHARITY","","15.00","","","2,787.00","404,758.00","407,545.00","","","","","","","","","","","","","",""
"30.05.2026","22:16:17","Sale-Cash","","","7,639.00","","","","10,426.00","404,758.00","415,184.00","","","","","","","","","","","","","",""
"30.05.2026","22:16:19","Sale-UPI","","","","","3,795.00","","10,426.00","408,553.00","418,979.00","","","","","","","","","","","","","",""
"31.05.2026","09:40:44","Opening Balance","","","","","","","10,426.00","408,553.00","418,979.00","","","","","","","","","","","","","",""
"31.05.2026","18:30:21","Vendor Payment-Cash","3615","P G ENNTERPRISE","","190.00","","","10,236.00","408,553.00","418,789.00","","","","","","","","","","","","","",""
"31.05.2026","22:25:32","Sale-Cash","","","6,846.00","","","","17,082.00","408,553.00","425,635.00","","","","","","","","","","","","","",""
"31.05.2026","22:25:34","Sale-UPI","","","","","5,596.00","","17,082.00","414,149.00","431,231.00","","","","","","","","","","","","","",""
"01.06.2026","09:31:50","Opening Balance","","","","","","","17,082.00","414,149.00","431,231.00","","","","","","","","","","","","","",""
"01.06.2026","12:35:25","Vendor Payment-Cash","A260002611","AALEKHYA ASSOCIATES","","1,356.00","","","15,726.00","414,149.00","429,875.00","","","","","","","","","","","","","",""
"01.06.2026","13:26:56","Vendor Payment-Cash","R001071","APARNA ENTERPRISE","","777.00","","","14,949.00","414,149.00","429,098.00","","","","","","","","","","","","","",""
"01.06.2026","17:15:57","Vendor Payment-Cash","","JOYGURU ENTERPRISE","","1,620.00","","","13,329.00","414,149.00","427,478.00","","","","","","","","","","","","","",""
"01.06.2026","20:34:44","Vendor Payment-Cash","","COOCH BEHAR BAZAAR( GHEE,RAFELO,KINDERJOY)","","4,535.00","","","8,794.00","414,149.00","422,943.00","","","","","","","","","","","","","",""
"01.06.2026","20:35:47","Vendor Payment-Cash","9423","P G ENTERPRISE ","","307.00","","","8,487.00","414,149.00","422,636.00","","","","","","","","","","","","","",""
"01.06.2026","21:41:09","Expense","","TOTO + CHARITY","","120.00","","","8,367.00","414,149.00","422,516.00","","","","","","","","","","","","","",""
"01.06.2026","22:12:30","Sale-Cash","","","3,169.00","","","","11,536.00","414,149.00","425,685.00","","","","","","","","","","","","","",""
"01.06.2026","22:12:31","Sale-UPI","","","","","4,337.00","","11,536.00","418,486.00","430,022.00","","","","","","","","","","","","","",""
"01.06.2026","22:25:38","Closing Balance","","","","","","","11,536.00","418,486.00","430,022.00","","","","","","","","","","","","","",""
"02.06.2026","09:22:57","Opening Balance","","","","","","","11,536.00","418,486.00","430,022.00","","","","","","","","","","","","","",""
"02.06.2026","09:56:39","Vendor Payment-Cash","AT/0378/26-27","ANIL TRADERS","","4,971.00","","","6,565.00","418,486.00","425,051.00","","","","","","","","","","","","","",""
"02.06.2026","12:17:39","Vendor Payment-Cash","271","MAA OSIYA COMMUNICATION","","450.00","","","6,115.00","418,486.00","424,601.00","","","","","","","","","","","","","",""
"02.06.2026","22:12:07","Sale-Cash","","","9,248.00","","","","15,363.00","418,486.00","433,849.00","","","","","","","","","","","","","",""
"02.06.2026","22:12:09","Sale-UPI","","","","","3,813.00","","15,363.00","422,299.00","437,662.00","","","","","","","","","","","","","",""
"02.06.2026","22:17:57","Closing Balance","","","","","","","15,363.00","422,299.00","437,662.00","","","","","","","","","","","","","",""
"03.06.2026","09:29:38","Opening Balance","","","","","","","15,363.00","422,299.00","437,662.00","","","","","","","","","","","","","",""
"03.06.2026","10:12:18","Expense","","AGARBATTI  + CHARITY + MAMO BOOK + TOTO","","160.00","","","15,203.00","422,299.00","437,502.00","","","","","","","","","","","","","",""
"03.06.2026","11:42:37","Vendor Payment-Cash","496","N . BISWAS & CHOWDHURY ","","5,959.00","","","9,244.00","422,299.00","431,543.00","","","","","","","","","","","","","",""
"03.06.2026","11:45:51","Vendor Payment-Cash","SCP/26-27/1986","SARADA FOOD MART","","1,207.00","","","8,037.00","422,299.00","430,336.00","","","","","","","","","","","","","",""
"03.06.2026","19:07:38","Vendor Payment-Cash","9504","P G ENTERPRISE","","556.00","","","7,481.00","422,299.00","429,780.00","","","","","","","","","","","","","",""
"03.06.2026","19:28:41","Vendor Payment-Cash","NB01","COOCH BEHAR BAZZAR ( MURI , DIM, NOKUL DANA , BATTERY ETC)","","2,100.00","","","5,381.00","422,299.00","427,680.00","","","","","","","","","","","","","",""
"03.06.2026","20:48:28","Vendor Payment-Cash","57","BALADEB GROCERIES","","3,590.00","","","1,791.00","422,299.00","424,090.00","","","","","","","","","","","","","",""
"03.06.2026","22:21:49","Sale-Cash","","","12,405.00","","","","14,196.00","422,299.00","436,495.00","","","","","","","","","","","","","",""
"03.06.2026","22:21:52","Sale-UPI","","","","","3,964.00","","14,196.00","426,263.00","440,459.00","","","","","","","","","","","","","",""
"03.06.2026","22:25:18","Closing Balance","","","","","","","14,196.00","426,263.00","440,459.00","","","","","","","","","","","","","",""
"04.06.2026","09:38:00","Opening Balance","","","","","","","14,196.00","426,263.00","440,459.00","","","","","","","","","","","","","",""