" Barcode","HSN CODE","Item Name","MRP","Sale Price ","Purchase Price","Margin %","Markup %","Discount on MRP %","Profit per Unit (INR)","","","","","","","","","","","","","","","","",""
"8901030557781","","2 IN 1 90 ML","18","17","14.28","16","19.05","5.56","2.72","","","","","","","","","","","","","","","","",""
"8902080002283","22029090","7 UP 400","20","20","18","10","11.11","0","2","","","","","","","","","","","","","","","","",""
"8902080002269","22029990","7 UP EXTRA FIZZ 250 ML","10","10","8","20","25","0","2","","","","","","","","","","","","","","","","",""
"8901030951169","21050000","AAM PANNA CHUSKI 60 ML","10","10","9.32","6.8","7.3","0","0.68","","","","","","","","","","","","","","","","",""
"8901030739002","21050000","AAMRAS  55G","40","40","13.32","66.7","200.3","0","26.68","","","","","","","","","","","","","","","","",""
"8901725015671","11061000","AASHIRVAAD CHANA BESAN 200 G","30","28","23.53","15.96","19","6.67","4.47","","","","","","","","","","","","","","","","",""
"8901725015664","11061000","AASHIRVAAD CHANA BESAN 500 G","75","65","54","16.92","20.37","13.33","11","","","","","","","","","","","","","","","","",""
"8909081001840","21061000","AASHIRVAAD MINI SOYA CHUNKS 200 G","47","40","35","12.5","14.29","14.89","5","","","","","","","","","","","","","","","","",""
"8909081001864","21061000","AASHIRVAAD MINI SOYA CHUNKS 40 G","10","10","7.16","28.4","39.66","0","2.84","","","","","","","","","","","","","","","","",""
"8909081007408","25010090","AASHIRVAAD SALT 1 KG","30","26","21.68","16.62","19.93","13.33","4.32","","","","","","","","","","","","","","","","",""
"8909081004834","11010000","AASHIRVAAD SHUDH CHAKKI ATTA  1 KG","56","55","49.02","10.87","12.2","1.79","5.98","","","","","","","","","","","","","","","","",""
"8901725121129","11010000","AASHIRVAAD SHUDH CHAKKI ATTA  5 KG","283","245","237.08","3.23","3.34","13.43","7.92","","","","","","","","","","","","","","","","",""
"8901725006839","11010000","AASHIRVAAD SHUDH CHAKKI ATTA  5.5 KG","283","250","239.57","4.17","4.35","11.66","10.43","","","","","","","","","","","","","","","","",""
"8901725006839","11010000","AASHIRVAAD SHUDH CHAKKI ATTA 1 KG","56","52","49.02","5.73","6.08","7.14","2.98","","","","","","","","","","","","","","","","",""
"8909081001833","21061000","AASHIRVAAD SOYA CHUNKS 200 G","50","40","35","12.5","14.29","20","5","","","","","","","","","","","","","","","","",""
"8909081001857","21061000","AASHIRVAAD SOYA CHUNKS 40 G","10","10","8.24","17.6","21.36","0","1.76","","","","","","","","","","","","","","","","",""
"","82142090","AGARO NAIL CIPPER","35","30","27.5","8.33","9.09","14.29","2.5","","","","","","","","","","","","","","","","",""
"8906006435773","38089191","ALL OUT ULTRA  45 ML","105","94","92","2.13","2.17","10.48","2","","","","","","","","","","","","","","","","",""
"8906044993440","22029990","ALO FRUIT ANAAR 160 ML","20","20","16.33","18.35","22.47","0","3.67","","","","","","","","","","","","","","","","",""
"8906044993518","8109060","ALO FRUIT LITCHI 160 ML","20","20","16.33","18.35","22.47","0","3.67","","","","","","","","","","","","","","","","",""
"8906044993525","22029920","ALO FRUIT MANGO 160 ML","20","20","16.33","18.35","22.47","0","3.67","","","","","","","","","","","","","","","","",""
"8906044993532","22029920","ALO FRUIT MIXED FRUIT 160 ML","20","20","16.33","18.35","22.47","0","3.67","","","","","","","","","","","","","","","","",""
"8906044993471","22029920","ALO FRUT GUAVA 160 ML","20","20","16.33","18.35","22.47","0","3.67","","","","","","","","","","","","","","","","",""
"8906044993495","2202","ALO FRUT KIWI 160 ML","20","20","16.33","18.35","22.47","0","3.67","","","","","","","","","","","","","","","","",""
"8906044995680","22029920","ALO FRUT PINEAPPLE 160 ML","20","20","16.33","18.35","22.47","0","3.67","","","","","","","","","","","","","","","","",""
"8904362534031","7129090","ALPS BEETROOT 5 G","10","10","7.9","21","26.58","0","2.1","","","","","","","","","","","","","","","","",""
"8904362532426","33049990","ALPS GOOD NESS FLAXSEED GEL FOR HAIR & SKIN 300 ML","265","240","172.8","28","20","9.43","67.2","","","","","","","","","","","","","","","","",""
"8904362534932","30039011","ALPS GOOD NESS MULTANI MITTI BEAUTY MASK FOR SKIN & HAIR 10 G","10","10","7.5","25","20","0","2.5","","","","","","","","","","","","","","","","",""
"8904362534949","30039011","ALPS GOOD NESS SANDALWOOD BEUTY MASK FOR SKIN $ HAIR 5 G","10","10","7.5","25","20","0","2.5","","","","","","","","","","","","","","","","",""
"8904362515832","33049990","ALPS GOODNESS ROSEMARY WATER 100 ML","230","210","165.6","21.14","20","8.7","44.4","","","","","","","","","","","","","","","","",""
"8906175540100","4059020","AMBO GHEE 250ML","185","185","140","24.32","32.14","0","45","","","","","","","","","","","","","","","","",""
"89061967201786","21069099","AMBO SOAN PAPDI","65","60","45","25","33.33","7.69","15","","","","","","","","","","","","","","","","",""
"8901803000568","30049011","AMRUTAJAN STRONG PAIN BALM  3.6 G","20","20","16.33","18.35","22.47","0","3.67","","","","","","","","","","","","","","","","",""
"8901262230124","18069010","AMUL A GIFT FOR SOMEONE YOU LOVE 175 G","200","170","140","17.65","21.43","15","30","","","","","","","","","","","","","","","","",""
"8901262151344","22029930","AMUL BADAM SHAKERS 200 ML","40","39","34","12.82","14.71","2.5","5","","","","","","","","","","","","","","","","",""
"8901262071130","18069010","AMUL BITTER 150 G","200","170","137","19.41","24.09","15","33","","","","","","","","","","","","","","","","",""
"8901262010016","4051000","AMUL BUTTER 100 G","60","56","50.9","9.11","10.02","6.67","5.1","","","","","","","","","","","","","","","","",""
"8901262010320","4051000","AMUL BUTTER 200 G","122","115","109","5.22","5.5","5.74","6","","","","","","","","","","","","","","","","",""
"8901262221368","19059020","AMUL BUTTER NANKHATAI  200 G","90","83","72.66","12.46","14.23","7.78","10.34","","","","","","","","","","","","","","","","",""
"8901262020046","4063000","AMUL CHEESE 100 G","80","80","73","8.75","9.59","0","7","","","","","","","","","","","","","","","","",""
"8901262020039","4063000","AMUL CHEESE 225 G","130","128","114.3","10.7","11.99","1.54","13.7","","","","","","","","","","","","","","","","",""
"8901262020015","4063000","AMUL CHEESE SLICE 200 G","140","135","122.4","9.33","10.29","3.57","12.6","","","","","","","","","","","","","","","","",""
"8901262071062","18069040","AMUL CHOCOLATE SYRUP 30 G","10","10","0","100","0","0","10","","","","","","","","","","","","","","","","",""
"8901262070522","18069040","AMUL CHOCOLATE SYRUP 650 G","140","126","115","8.73","9.57","10","11","","","","","","","","","","","","","","","","",""
"8901262070546","18069010","AMUL CHOCOMINIS 250 G","130","130","116","10.77","20","0","14","","","","","","","","","","","","","","","","",""
"8901262030809","4059020","AMUL COW GHEE 100 ML","85","85","72","15.29","20","0","13","","","","","","","","","","","","","","","","",""
"8901262030519","4059020","AMUL COW GHEE 500 ML","325","320","300","6.25","6.67","1.54","20","","","","","","","","","","","","","","","","",""
"8901262260374","4012000","AMUL COW MILK 500 ML","31","30","28.66","4.47","4.68","3.23","1.34","","","","","","","","","","","","","","","","",""
"8901262072670","18069010","AMUL DARK CHOCOLATE 125 G","150","140","114","18.57","22.81","6.67","26","","","","","","","","","","","","","","","","",""
"8901262070454","18069010","AMUL DARK CHOCOLATE 55% RICH IN COCOA  35 G","45","45","37","17.78","21.62","0","8","","","","","","","","","","","","","","","","",""
"8901262151863","4015000","AMUL FRESH CREAM 250 ML","72","72","67","6.94","7.46","0","5","","","","","","","","","","","","","","","","",""
"8901262070539","18069010","AMUL FRUIT `N` NUT 55%DARK CHOCOLATE 150 G","180","180","145","19.44","20","0","35","","","","","","","","","","","","","","","","",""
"8901262071543","18069010","AMUL FRUIT NUT I LOVE YOU 150 G","200","180","160","11.11","12.5","10","20","","","","","","","","","","","","","","","","",""
"8901262150989","4012000","AMUL GOLD 1 L","83","78","75.25","3.53","3.65","6.02","2.75","","","","","","","","","","","","","","","","",""
"8901262150095","4012000","AMUL GOLD 200 ML","18","17","16.06","5.53","5.85","5.56","0.94","","","","","","","","","","","","","","","","",""
"8901262150200","4012000","AMUL GOLD 500 ML","42","42","39.5","5.95","6.33","0","2.5","","","","","","","","","","","","","","","","",""
"8901262260107","4012000","AMUL GOLD MILKY MILK 500 ML","36","36","35","2.78","20","0","1","","","","","","","","","","","","","","","","",""
"8901262071703","18069010","AMUL INDIA TWILIGHT TRYST SINGLE ORIGIN DARK CHOCOLATE  125 G","200","200","170","15","17.65","0","30","","","","","","","","","","","","","","","","",""
"8901262220385","","AMUL KAJU KATRI 200 G","230","230","208","9.57","10.58","0","22","","","","","","","","","","","","","","","","",""
"8901262150699","22029930","AMUL KOOL 150 ML","25","24","20.2","15.83","18.81","4","3.8","","","","","","","","","","","","","","","","",""
"8901262152068","22029930","AMUL KOOL CAFE 200 ML","30","29","25.4","12.41","14.17","3.33","3.6","","","","","","","","","","","","","","","","",""
"8901262151306","22029930","AMUL KOOL KAFE 200 ML","35","34","29.64","12.82","14.71","2.86","4.36","","","","","","","","","","","","","","","","",""
"8901262151313","22029930","AMUL KOOL KOKO 200 ML","35","34","29.64","12.82","14.71","2.86","4.36","","","","","","","","","","","","","","","","",""
"8901262202046","4039010","AMUL LASSI 150ML","10","10","9","10","11.11","0","1","","","","","","","","","","","","","","","","",""
"8901262200189","4039010","AMUL LASSI 200 ML","20","20","17.13","14.35","16.75","0","2.87","","","","","","","","","","","","","","","","",""
"8901262180108","4069000","AMUL MALAI PANEER 210 G","76","74","65","12.16","13.85","2.63","9","","","","","","","","","","","","","","","","",""
"8901262180146","4069000","AMUL MALAI PANEER FRESH 1 KG","435","430","390","9.3","10.26","1.15","40","","","","","","","","","","","","","","","","",""
"8901262180115","4069000","AMUL MALAI PANEER FRESH 200 G","95","90","81","10","11.11","5.26","9","","","","","","","","","","","","","","","","",""
"8901262200271","4039090","AMUL MASTI DAHI 200 G","20","20","18.5","7.5","8.11","0","1.5","","","","","","","","","","","","","","","","",""
"8901262200622","4039090","AMUL MASTI DAHI 390 G","35","35","32.5","7.14","7.69","0","2.5","","","","","","","","","","","","","","","","",""
"8901262200035","4039090","AMUL MASTI DAHI 400 G","47","47","46.66","0.72","0.73","0","0.34","","","","","","","","","","","","","","","","",""
"8901262200028","4039090","AMUL MASTI DAHI CUP 200 G","24","24","22","8.33","9.09","0","2","","","","","","","","","","","","","","","","",""
"8901262201162","4039090","AMUL MISHTI DOI  80 G","15","15","13","13.33","15.38","0","2","","","","","","","","","","","","","","","","",""
"8901262200868","","AMUL MISHTI DOI 200 G","35","34","31","8.82","9.68","2.86","3","","","","","","","","","","","","","","","","",""
"8901262201155","4039090","AMUL MISHTI DOI 400 G","65","65","57","12.31","14.04","0","8","","","","","","","","","","","","","","","","",""
"8901262260138","4012000","AMUL SHAKTI MILKY MILK 500 ML","33","32","30.75","3.91","4.07","3.03","1.25","","","","","","","","","","","","","","","","",""
"8901262260152","401","AMUL SILM N TRIM MILLK 500 ML","27","27","26","3.7","3.85","0","1","","","","","","","","","","","","","","","","",""
"8901262080118","4021010","AMUL SPRAY 200 G","103","98","92.4","5.71","6.06","4.85","5.6","","","","","","","","","","","","","","","","",""
"8901262080057","4021020","AMUL SPRAY INFANT MILK FOOD 500 G","255","230","217.33","5.51","5.83","9.8","12.67","","","","","","","","","","","","","","","","",""
"8901262071048","18069010","AMUL SUGAR FREE 55% DARK CHOCOLATE 150 G","180","180","145","19.44","20","0","35","","","","","","","","","","","","","","","","",""
"8901262150064","4012000","AMUL TAAZA 1 L","77","77","73.33","4.77","5","0","3.67","","","","","","","","","","","","","","","","",""
"8901262150088","4012000","AMUL TAAZA 200 ML","17","16","15.03","6.06","6.45","5.88","0.97","","","","","","","","","","","","","","","","",""
"8901262150217","4012000","AMUL TAAZA 500 ML","39","39","36.87","5.46","5.78","0","2.13","","","","","","","","","","","","","","","","",""
"8901262200271","4039090","AMUL TAK DAHI 200 G","20","20","18.5","7.5","20","0","1.5","","","","","","","","","","","","","","","","",""
"8901262200622","4039090","AMUL TAK DAHI 390 G","35","35","32.5","7.14","20","0","2.5","","","","","","","","","","","","","","","","",""
"8901262153270","22029920","AMUL TRU ORANGE 150 ML","10","10","9","10","11.11","0","1","","","","","","","","","","","","","","","","",""
"8901262080279","4022920","AMULSPRAY 20 G","10","10","9.25","7.5","8.11","0","0.75","","","","","","","","","","","","","","","","",""
"8901262080101","4021020","AMULSPRAY INFANT MILK FOOD INFAN MILK SUBSTITUTE 1 KG","495","490","462","5.71","20","1.01","28","","","","","","","","","","","","","","","","",""
"8901262090322","4029990","AMULYA DAIRY WHITENER 500 G","245","240","217.46","9.39","10.37","2.04","22.54","","","","","","","","","","","","","","","","",""
"8901951958308","","ANGEL HORPECK 200 ML","44","44","44","0","0","0","0","","","","","","","","","","","","","","","","",""
"8902268011731","19054000","ANMOL BUTER RUSK 180 G","30","28","23.33","16.68","20.02","6.67","4.67","","","","","","","","","","","","","","","","",""
"8902268011595","19053100","ANMOL BUTTER BAKE 128 G","20","19","16.19","14.79","17.36","5","2.81","","","","","","","","","","","","","","","","",""
"8902268009820","19053100","ANMOL DREAM LITE 144 G","20","19","16.19","14.79","17.36","5","2.81","","","","","","","","","","","","","","","","",""
"8902268013537","19053100","ANMOL MARIE PLUS 134 G","30","29","24.28","16.28","19.44","3.33","4.72","","","","","","","","","","","","","","","","",""
"8902268012035","19053100","ANMOL MARIE PLUS 270 G","40","38","31.66","16.68","20.03","5","6.34","","","","","","","","","","","","","","","","",""
"8902268014770","19059090","ANMOL SNACK IT 121 G","20","19","16.43","13.53","15.64","5","2.57","","","","","","","","","","","","","","","","",""
"8902268015852","19053211","ANMOL TOP ROYALE 185 G","30","29","24.86","14.28","16.65","3.33","4.14","","","","","","","","","","","","","","","","",""
"8902268015111","19053100","ANMOL YUMMY CREAM 110 G","18","18","16.42","8.78","9.62","0","1.58","","","","","","","","","","","","","","","","",""
"8902268013674","19053100","ANMOLJADOO 136 G","20","19","16.19","14.79","17.36","5","2.81","","","","","","","","","","","","","","","","",""
"8906007976220","20019000","ANNAPURNA CHILLI PICKLE 200 G","70","65","60","7.69","8.33","7.14","5","","","","","","","","","","","","","","","","",""
"8901832000157","4059020","ANNAPURNA COW GHEE 1 L","790","765","718","6.14","6.55","3.16","47","","","","","","","","","","","","","","","","",""
"8901832000027","4059020","ANNAPURNA DESI GHEE 1L","590","590","550","6.78","7.27","0","40","","","","","","","","","","","","","","","","",""
"8901832081002","4059020","ANNAPURNA GHEE  100 ML","92","90","77","14.44","16.88","2.17","13","","","","","","","","","","","","","","","","",""
"8901832202506","4059020","ANNAPURNA GHEE  250 ML","218","210","177","15.71","18.64","3.67","33","","","","","","","","","","","","","","","","",""
"8901832205002","4059020","ANNAPURNA GHEE 500 ML","415","415","340","18.07","22.06","0","75","","","","","","","","","","","","","","","","",""
"8906007970723","21039090","ANNAPURNA GINGER & GARLIC PASTE","5","10","4","60","150","-100","6","","","","","","","","","","","","","","","","",""
"8906007976527","21039090","ANNAPURNA KASUNDI 200 G","55","50","40","20","25","9.09","10","","","","","","","","","","","","","","","","",""
"8906007976572","21033000","ANNAPURNA KASUNDI 675 G","80","75","57","24","31.58","6.25","18","","","","","","","","","","","","","","","","",""
"8906007976121","20019000","ANNAPURNA MANGO PICKLE 200 G","66","60","46","23.33","30.43","9.09","14","","","","","","","","","","","","","","","","",""
"8906007976022","20019090","ANNAPURNA MIXED PICKLE 200 G","66","60","46","23.33","30.43","9.09","14","","","","","","","","","","","","","","","","",""
"8906007971072","20089913","ANNAPURNA ORANGE SQUASH FRUIT SQUASH 700 ML","165","165","120","27.27","37.5","0","45","","","","","","","","","","","","","","","","",""
"8906007970945","21031000","ANNAPURNA SOYA SAUCE 240 G","55","53","45","15.09","17.78","3.64","8","","","","","","","","","","","","","","","","",""
"8906007975575","22090020","ANNAPURNA VINEGAR 650 ML","45","45","35","22.22","28.57","0","10","","","","","","","","","","","","","","","","",""
"8906007974073","","ANNNAPURNA MANGO PANA FRUIT SQUASH 700 ML","170","170","125","26.47","36","0","45","","","","","","","","","","","","","","","","",""
"8906007975537","30049011","ANNNAPURNA VINEGAR WHITE 300 ML","30","30","23","23.33","30.43","0","7","","","","","","","","","","","","","","","","",""
"","","ANOOP BESAN PURE TASTY & HEALTHY 200 G","32","","20","0","20","100","-20","","","","","","","","","","","","","","","","",""
"","","ANOOP SATTU CHEERS TO GOOD HEALTH","40","","26","0","20","100","-26","","","","","","","","","","","","","","","","",""
"8906007975537","30049011","ANTISEPTIC SUTHOL NEEM 200 ML","90","88","77.1","12.39","14.14","2.22","10.9","","","","","","","","","","","","","","","","",""
"8902080504060","22019090","AQUAFINA 1 L","20","18","9.92","44.89","81.45","10","8.08","","","","","","","","","","","","","","","","",""
"8902080504046","22011010","AQUAFINA 500 ML","10","9","6.55","27.22","37.4","10","2.45","","","","","","","","","","","","","","","","",""
"4987176351708","34025000","ARIEL PERFECTWASH 70 G","10","10","7","30","42.86","0","3","","","","","","","","","","","","","","","","",""
"","19059020","ARJUN BISCUITS 25","30","30","22","26.67","36.36","0","8","","","","","","","","","","","","","","","","",""
"","19059090","ATTA SANDWICH BREAD 325 G","40","40","35","12.5","14.29","0","5","","","","","","","","","","","","","","","","",""
"8901242101208","11031110","BA20MBIND DALIA 250 G","20","20","16.25","18.75","23.08","0","3.75","","","","","","","","","","","","","","","","",""
"8906014765961","","BAJAJ ALMOND DROPS OIL 95 ML+15 ML","80","78","71.26","8.64","9.46","2.5","6.74","","","","","","","","","","","","","","","","",""
"8906014765978","33059011","BAJAJ AMOND DROPS 185 ML","160","155","140","9.68","10.71","3.13","15","","","","","","","","","","","","","","","","",""
"8906014765947","33059011","BAJAJ AMOND DROPS 49.5 ML","37","36","33.02","8.28","9.02","2.7","2.98","","","","","","","","","","","","","","","","",""
"8906014765725","15131900","BAJAJ GOLD COCONUT OIL 175 ML","130","125","100.45","19.64","24.44","3.85","24.55","","","","","","","","","","","","","","","","",""
"8906014766012","33059019","BAJAJ GOLD COCONUT OIL 50+35 ML ML","73","68","56.4","17.06","20.57","6.85","11.6","","","","","","","","","","","","","","","","",""
"8906045192156","33074900","BALAJI CAMPHOR","25","25","23.03","7.88","8.55","0","1.97","","","","","","","","","","","","","","","","",""
"8906045192132","33049990","BALAJI DARSHAN ASLI CHANDAN","80","70","41.58","40.6","68.35","12.5","28.42","","","","","","","","","","","","","","","","",""
"8906045192866","","BALAJI DARSHAN BHARATHI INCENSE STICKS","65","65","35.5","45.38","83.1","0","29.5","","","","","","","","","","","","","","","","",""
"8906045192866","","BALAJI DARSHAN LEADER  80 G","65","60","35.5","40.83","69.01","7.69","24.5","","","","","","","","","","","","","","","","",""
"","","BALRAJ`S  30","30","30","25","16.67","20","0","5","","","","","","","","","","","","","","","","",""
"","","BE U ALL DAY TIC TAC","60","60","30","50","100","0","30","","","","","","","","","","","","","","","","",""
"8904362534451","33041000","BEETROOT LIP BALM","200","175","144","17.71","21.53","12.5","31","","","","","","","","","","","","","","","","",""
"","19053100","BEKARI BISCUITS 20","20","20","17","15","17.65","0","3","","","","","","","","","","","","","","","","",""
"","","BELLAVITA ORGANIC UNISEX PERFUME GIFT SET","649","545","389.4","28.55","39.96","16.02","155.6","","","","","","","","","","","","","","","","",""
"","","BIG BISCUITS 35","35","35","30","14.29","16.67","0","5","","","","","","","","","","","","","","","","",""
"8906005500755","21069099","BIKAJI  KHATTA MEETHA TANA-BANA 200 G","56","54","46","14.81","17.39","3.57","8","","","","","","","","","","","","","","","","",""
"8905950003526","21069099","BIKAJI ALL IN ONE KUCH-KUCH 200 G","60","60","48","20","25","0","12","","","","","","","","","","","","","","","","",""
"8905950003526","21069099","BIKAJI ALL IN ONE KUCH-KUCH 200 G","60","60","48","20","25","0","12","","","","","","","","","","","","","","","","",""
"8905950003601","21069099","BIKAJI ALOO BHUJIA 40G","10","10","8.33","16.7","20.05","0","1.67","","","","","","","","","","","","","","","","",""
"8906005500366","21069099","BIKAJI ALOO BHUJIA TANA-BANA 200 G","58","56","46","17.86","21.74","3.45","10","","","","","","","","","","","","","","","","",""
"8905950003441","21069099","BIKAJI BIKANERI BHUJIA 200 G","58","56","46","17.86","21.74","3.45","10","","","","","","","","","","","","","","","","",""
"","","BIKAJI BIKANERI BHUJIA 36 G","10","10","8.33","16.7","20.05","0","1.67","","","","","","","","","","","","","","","","",""
"8906005502346","21069099","BIKAJI CHIPS CLASSIC SALTED 65 G","20","20","17","15","17.65","0","3","","","","","","","","","","","","","","","","",""
"","","BIKAJI CHIPS CREAM AND ONION","20","","17","0","20","100","-17","","","","","","","","","","","","","","","","",""
"8906005504548","21069099","BIKAJI CHIPS MAST MASALA","20","20","17","15","17.65","0","3","","","","","","","","","","","","","","","","",""
"8905950000495","19059080","BIKAJI CHIPS SOUR CREAM&ONION 65 G","20","20","17","15","17.65","0","3","","","","","","","","","","","","","","","","",""
"","","BIKAJI CHIPS TANGY TOMATO","20","","17","0","20","100","-17","","","","","","","","","","","","","","","","",""
"8905950001119","21069099","BIKAJI CHIPS TOMATO SALSA 65 G","20","20","17","15","17.65","0","3","","","","","","","","","","","","","","","","",""
"","","BIKAJI CHIWDA 40 G","10","10","8.33","16.7","20.05","0","1.67","","","","","","","","","","","","","","","","",""
"8906005509291","20081920","BIKAJI CLASSIC SALTED PEANUTS 36 G","10","10","8.33","16.7","20.05","0","1.67","","","","","","","","","","","","","","","","",""
"","","BIKAJI COCKTAIL NUT MIX","10","","8.3","0","20","100","-8.3","","","","","","","","","","","","","","","","",""
"","","BIKAJI CRUSTY NUTS","10","","8.3","0","20","100","-8.3","","","","","","","","","","","","","","","","",""
"8906005500526","21069099","BIKAJI JHALMURI 40 G","10","10","8.33","16.7","20.05","0","1.67","","","","","","","","","","","","","","","","",""
"8906005501813","21069099","BIKAJI KOLKATA CHANA CHUR 200 G","58","55","46","16.36","19.57","3","9","","","","","","","","","","","","","","","","",""
"","","BIKAJI KOLKATA CHANA CHUR 440 G","115","115","95","17.39","21.05","0","20","","","","","","","","","","","","","","","","",""
"8905950002260","21069099","BIKAJI KOLKATA CHANACHUR 200 G","58","60","46","23.33","30.43","-2","14","","","","","","","","","","","","","","","","",""
"8905950003519","21069099","BIKAJI KUCH - KUCH  400 G","115","110","90","18.18","22.22","5","20","","","","","","","","","","","","","","","","",""
"8905950002369","21069099","BIKAJI KUCH-KUCH  200 G","58","56","46","17.86","21.74","2","10","","","","","","","","","","","","","","","","",""
"8905950002352","21069099","BIKAJI KUCH-KUCH AL IN ONE 400 G","115","105","90","14.29","16.67","10","15","","","","","","","","","","","","","","","","",""
"","","BIKAJI MANBHAVAN SOANPAPDI 450 G","135","135","105","22.22","28.57","0","30","","","","","","","","","","","","","","","","",""
"8906005501585","21069099","BIKAJI MASTKIN 350 G","140","140","115","17.86","21.74","0","25","","","","","","","","","","","","","","","","",""
"","","BIKAJI MOONG DAL 15 G","5","5","4.16","16.8","20.19","0","0.84","","","","","","","","","","","","","","","","",""
"","","BIKAJI NAVRATAN 400 G","115","115","95","17.39","21.05","0","20","","","","","","","","","","","","","","","","",""
"8906005504241","","BIKAJI PANCHARATNA 350 G","140","140","115","17.86","21.74","0","25","","","","","","","","","","","","","","","","",""
"8906005506276","21069099","BIKAJI PANNER BHUJIA 32 G","10","10","8.33","16.7","20.05","0","1.67","","","","","","","","","","","","","","","","",""
"","","BIKAJI PAPAD MOONG AND URAD DAL 200 G","70","70","50","28.57","40","0","20","","","","","","","","","","","","","","","","",""
"8906005500854","21069099","BIKAJI SAB-KUCH 200 G","58","55","46","16.36","19.57","3","9","","","","","","","","","","","","","","","","",""
"8906005503268","21069099","BIKAJI SOANPAPDI 200 G","62","58","46","20.69","26.09","4","12","","","","","","","","","","","","","","","","",""
"8905950000174","21069099","BIKAJI SUB - KUCH 440 G","115","110","90","18.18","22.22","5","20","","","","","","","","","","","","","","","","",""
"8906005500885","21069099","BIKAJI SUB-KUCH 400 G","115","108","90","16.67","20","7","18","","","","","","","","","","","","","","","","",""
"8906005500786","21069099","BIKAJI TANA-BANA 400 G","115","108","90","16.67","20","7","18","","","","","","","","","","","","","","","","",""
"8905950003700","","BIKAJI TANA-BANA KHATTA MEETHA  200 G","60","55","46","16.36","19.57","5","9","","","","","","","","","","","","","","","","",""
"8909081007804","19059080","BINGO  KILLLIN CREAM & ONION 11.2 G","5","5","4.12","17.6","21.36","0","0.88","","","","","","","","","","","","","","","","",""
"8909081003073","21069099","BINGO  TEDHE MEDHE XTRAA TEEKHA","20","20","16.08","19.6","24.38","0","3.92","","","","","","","","","","","","","","","","",""
"8901725004903","19049000","BINGO CHEESE NACHOS FLAVOUR 44.8 G","20","20","0","100","0","0","20","","","","","","","","","","","","","","","","",""
"8901725004866","19059040","BINGO CHILI LIMON NACHOS  FLAVOUR  23.5 G","10","10","8.07","19.3","23.92","0","1.93","","","","","","","","","","","","","","","","",""
"8909081008092","19049000","BINGO CHILLI KNOCKIN 44.8 G","20","20","16.08","19.6","24.38","0","3.92","","","","","","","","","","","","","","","","",""
"8901725007553","21069099","BINGO CREAM & ONION 48 G","20","20","16.08","19.6","24.38","0","3.92","","","","","","","","","","","","","","","","",""
"8909081007811","19059030","BINGO KILLIN CREAM& ONION 23.5 G","10","10","8.25","17.5","21.21","0","1.75","","","","","","","","","","","","","","","","",""
"8909081007828","21069099","BINGO KILLIN CREAM&INION 48 G","20","20","16.02","19.9","24.84","0","3.98","","","","","","","","","","","","","","","","",""
"8909081007156","21069099","BINGO MAD ANGLES  ACHAARI MASTI 47 G","20","20","17.08","14.6","17.1","0","2.92","","","","","","","","","","","","","","","","",""
"","","BINGO MAD ANGLES 14 G","5","5","4.54","9.2","10.13","0","0.46","","","","","","","","","","","","","","","","",""
"8901725013677","19049000","BINGO MAD ANGLES ACHAARI MASTI  32 G","10","10","8.07","19.3","23.92","0","1.93","","","","","","","","","","","","","","","","",""
"8901725013660","21069099","BINGO MAD ANGLES ACHAARI MASTI 15 G","5","5","4.39","12.2","13.9","0","0.61","","","","","","","","","","","","","","","","",""
"8901725013806","19049000","BINGO MAD ANGLES CHAAT MASTI 15 G","5","5","4.37","12.6","14.42","0","0.63","","","","","","","","","","","","","","","","",""
"8901725018702","21069099","BINGO MAD ANGLES RED ALERT 64 G","20","20","16.08","19.6","24.38","0","3.92","","","","","","","","","","","","","","","","",""
"8909081007866","21069099","BINGO MASALA MASSACRE 48 G","20","20","17.08","14.6","17.1","0","2.92","","","","","","","","","","","","","","","","",""
"8901725004897","21069099","BINGO NACHOS CHILLI LIMON 44.8 G","20","19","16.08","15.37","18.16","1","2.92","","","","","","","","","","","","","","","","",""
"8901725007447","21069099","BINGO ORIGINAL CHILLI SPRINKLED 45.9 G","20","19","16.08","15.37","18.16","1","2.92","","","","","","","","","","","","","","","","",""
"8901725007102","","BINGO ORIGINAL PATATO CHIPS  STYLE CHILI 21.4G","10","10","8.77","12.3","14.03","0","1.23","","","","","","","","","","","","","","","","",""
"8909081002076","19059030","BINGO ORIGINAL POTATO CHIPS STYLE  HIMALAYAN PINK SALT 21.4 G","10","10","8.07","19.3","23.92","0","1.93","","","","","","","","","","","","","","","","",""
"8909081007170","19059090","BINGO POTATO CHIPS 31 G","20","20","16.59","17.05","20.55","0","3.41","","","","","","","","","","","","","","","","",""
"8909081007125","19059090","BINGO POTATO CHIPS 32 G","20","20","16.58","17.1","20.63","0","3.42","","","","","","","","","","","","","","","","",""
"8901725011017","19059030","BINGO TEDHE MEDHE 19.2 G","5","5","4.12","17.6","21.36","0","0.88","","","","","","","","","","","","","","","","",""
"8909081009488","21069099","BINGO TEDHE MEDHE 40.6 G","10","10","8","20","25","0","2","","","","","","","","","","","","","","","","",""
"8901725003012","21069099","BINGO TEDHE MEDHE ACHAARI MASTI 18.2 G","5","5","4.29","14.2","16.55","0","0.71","","","","","","","","","","","","","","","","",""
"8909081009440","19049000","BINGO TEDHE MEDHE ACHAARI MASTI 38.4 G","10","10","8.25","17.5","21.21","0","1.75","","","","","","","","","","","","","","","","",""
"8909081009464","","BINGO TEDHE MEDHE CHATPATA TWIST 40.6 G","10","10","8.25","17.5","21.21","0","1.75","","","","","","","","","","","","","","","","",""
"8901725118938","21069060","BINGO TEDHE MEDHE MASALA 21.5 G","5","5","4.12","17.6","21.36","0","0.88","","","","","","","","","","","","","","","","",""
"8901725118921","21069060","BINGO TEDHE MEDHE MASALA TADKA 80 G","20","20","16.08","19.6","24.38","0","3.92","","","","","","","","","","","","","","","","",""
"8901725000226","21069099","BINGO TEDHE MEDHE PUNJABI TADKA 19.2 G","5","5","4.24","15.2","17.92","0","0.76","","","","","","","","","","","","","","","","",""
"8901725000233","21069099","BINGO TEDHE MEDHE PUNJABI TADKA 38.4 G","10","10","0","100","0","0","10","","","","","","","","","","","","","","","","",""
"8909081003059","19049000","BINGO TEDHE MEDHE XTRAA TEEKHA 17.1 G","5","5","4.11","17.8","21.65","0","0.89","","","","","","","","","","","","","","","","",""
"8909081009471","21069099","BINGO THEDHE MEDHE 40 G","10","10","8.25","17.5","21.21","0","1.75","","","","","","","","","","","","","","","","",""
"8909081007729","19049000","BINGO THRILLLINNG TOMATO 11.2 G","5","5","4.29","14.2","16.55","0","0.71","","","","","","","","","","","","","","","","",""
"8909081010033","","BINGO XXX CHILLI CHEESE 15 G","5","5","4.37","12.6","14.42","0","0.63","","","","","","","","","","","","","","","","",""
"8909081010071","21069099","BINGO XXX HOT &  SWEET 15 G","5","5","4.37","12.6","14.42","0","0.63","","","","","","","","","","","","","","","","",""
"8909081009990","","BINGO XXX HOT & SPICY 15 G","5","5","4.37","12.6","14.42","0","0.63","","","","","","","","","","","","","","","","",""
"8901725004422","21069099","BINGO!  CHEESE NACHOS 23.5 G","10","10","8.07","19.3","23.92","0","1.93","","","","","","","","","","","","","","","","",""
"","","BISK FARM BUTTER BISCOTTI 180 G","27","27","25.44","5.78","6.13","0","1.56","","","","","","","","","","","","","","","","",""
"8901928043006","19053100","BISK FARM CHAMP MILKUIT 300 G","40","40","34.28","14.3","16.69","0","5.72","","","","","","","","","","","","","","","","",""
"8901928272703","19059020","BISK FARM CHATPATA SPICY 200 G","35","35","30","14.29","16.67","0","5","","","","","","","","","","","","","","","","",""
"","","BISK FARM CHEESE LICKS 150 G","35","35","30.31","13.4","15.47","0","4.69","","","","","","","","","","","","","","","","",""
"8901928312904","19053100","BISK FARM COCO MALAI 200G","27","27","23.14","14.3","16.68","0","3.86","","","","","","","","","","","","","","","","",""
"8901928202007","19053100","BISK FARM CRISPY CREAM  CRACKER 250 G","45","45","39.37","12.51","14.3","0","5.63","","","","","","","","","","","","","","","","",""
"8901928231755","19053100","BISK FARM EAT FIT DIGESTIVE 175 G","35","35","30.31","13.4","15.47","0","4.69","","","","","","","","","","","","","","","","",""
"8901928202755","19059090","BISK FARM EAT FIT SUGAR FREE LITE CRACKER 300 G","45","45","39.37","12.51","14.3","0","5.63","","","","","","","","","","","","","","","","",""
"8901928292008","19059020","BISK FARM EAT FIT SUGAR FREE MASALA CRACKER 250 G","40","40","35.71","10.73","12.01","0","4.29","","","","","","","","","","","","","","","","",""
"8901928023701","19059020","BISK FARM EAT FIT THIN ARROWROOT 300 G","40","40","35","12.5","14.29","0","5","","","","","","","","","","","","","","","","",""
"8901928611502","19059090","BISK FARM ENGLISH CRACKER CREAM 150 G","35","35","35","0","0","0","0","","","","","","","","","","","","","","","","",""
"8901928352504","19053100","BISK FARM GOOGGLY THE TASTE WITH A TWIST 240  G","35","35","30.15","13.86","16.09","0","4.85","","","","","","","","","","","","","","","","",""
"8906017862841","19053100","BISK FARM HEYLO ARTISAN OSMANIA COOKIES 100 G","40","40","35.71","10.73","12.01","0","4.29","","","","","","","","","","","","","","","","",""
"8901928562507","19053100","BISK FARM HEYLO BUTTER COOKIES 200 G","35","35","30.31","13.4","15.47","0","4.69","","","","","","","","","","","","","","","","",""
"8901928421804","19053100","BISK FARM HEYLO CASHEW COOKIES 200 G","35","35","30.31","13.4","15.47","0","4.69","","","","","","","","","","","","","","","","",""
"8901928692006","","BISK FARM JEERA WONDER 190 G","30","30","26.78","10.73","12.02","0","3.22","","","","","","","","","","","","","","","","",""
"8901928152500","19059090","BISK FARM MAST JEERA 200 G","45","45","38.97","13.4","15.47","0","6.03","","","","","","","","","","","","","","","","",""
"8906017862476","17049090","BISK FARM PEANUT CHIKKKI  40 G","10","10","8.34","16.6","19.9","0","1.66","","","","","","","","","","","","","","","","",""
"","","BISK FARM PETIT BEURRE ZERO ADDED SUGAR THE TASTE OF FRANCE 250 G","40","40","34.28","14.3","16.69","0","5.72","","","","","","","","","","","","","","","","",""
"8901928753004","19053100","BISK FARM RICH MARIIE 280 G","35","35","30.15","13.86","16.09","0","4.85","","","","","","","","","","","","","","","","",""
"8901928112009","19053100","BISK FARM ROYAL BOURBON CHOCOLATEY INDULGENCE 153 G","35","35","31.25","10.71","12","0","3.75","","","","","","","","","","","","","","","","",""
"8906017860083","19053100","BISK FARM ROYAL BOURBON CINNAMON 153 G","35","35","31.25","10.71","12","0","3.75","","","","","","","","","","","","","","","","",""
"8906017861318","19054000","BISK FARM RUSKIT BUTTER RUSK  200 G","40","40","34.28","14.3","16.69","0","5.72","","","","","","","","","","","","","","","","",""
"","","BISK FARM RUSKIT DRY CAKE 100 G","35","35","30","14.29","16.67","0","5","","","","","","","","","","","","","","","","",""
"8906017861325","19054000","BISK FARM RUSKIT GOLD 180 G","35","35","30.31","13.4","15.47","0","4.69","","","","","","","","","","","","","","","","",""
"8901928771503","19053100","BISK FARM SO SWEET BUTTER 150 G","40","40","34.93","12.68","14.51","0","5.07","","","","","","","","","","","","","","","","",""
"8901928652505","19053100","BISK FARM SO SWEET CRISPY 250 G","40","40","34.64","13.4","15.47","0","5.36","","","","","","","","","","","","","","","","",""
"8906017862988","21069099","BISK FARM SOAN PAPDI 200 G","55","55","44.46","19.16","23.71","0","10.54","","","","","","","","","","","","","","","","",""
"","","BISK FARM SUGAR FREE MARIE 300 G","50","50","43.3","13.4","15.47","0","6.7","","","","","","","","","","","","","","","","",""
"","","BISK FARM TIFFUN CREAM ROLL MIXED FRUIT","10","10","8.57","14.3","16.69","0","1.43","","","","","","","","","","","","","","","","",""
"","","BISK FARM TIFFUN CREAM ROLL VANILLA","10","10","8.57","14.3","16.69","0","1.43","","","","","","","","","","","","","","","","",""
"8906017863176","19059090","BISK FARM TIFFUN SLICE  CHOCOLATE CAKE 70 G","20","20","17.14","14.3","16.69","0","2.86","","","","","","","","","","","","","","","","",""
"8906017863244","19059010","BISK FARM TIFFUN SLICE FRUIT FUSION CAKE 70 G","20","20","17.14","14.3","16.69","0","2.86","","","","","","","","","","","","","","","","",""
"8906017863084","19059010","BISK FARM TIFFUN SLICE MAWA CAKE 60 G","20","20","17.14","14.3","16.69","0","2.86","","","","","","","","","","","","","","","","",""
"8901928222401","19059090","BISK FARM TOP 214 G","30","30","25.98","13.4","15.47","0","4.02","","","","","","","","","","","","","","","","",""
"8901928302509","19059020","BISK FARM TOP GOLD 189 G","30","30","25.98","13.4","15.47","0","4.02","","","","","","","","","","","","","","","","",""
"8901928221756","19053100","BISK FARM TOP HERBS 200 G","35","35","30.31","13.4","15.47","0","4.69","","","","","","","","","","","","","","","","",""
"8901157025033","38089191","BLACK HIT ANTI MOSQUITO  200 ML","120","118","109","7.63","8.26","2","9","","","","","","","","","","","","","","","","",""
"","25010090","BLACK SALT POWDER  100 G","15","10","3","70","233.33","5","7","","","","","","","","","","","","","","","","",""
"8904214802448","33049990","BLUE HEAVEN INSTANT NAIL PAINT REMOVER 28 ML","45","40","27","32.5","48.15","5","13","","","","","","","","","","","","","","","","",""
"","3304","BODHU TROL ALTA","31","24","16.27","32.21","47.51","7","7.73","","","","","","","","","","","","","","","","",""
"8909106061446","22029930","BOOST MILKSHAKE  BADAM FLAVOUR 180 ML","35","35","28.91","17.4","21.07","0","6.09","","","","","","","","","","","","","","","","",""
"8909106061439","22029930","BOOST MILKSHAKE CARAMEL FLAVOUR 180 ML","35","35","28.91","17.4","21.07","0","6.09","","","","","","","","","","","","","","","","",""
"8901030818660","19011090","BOOST SE 500 G ICON JAR","240","230","219.44","4.59","4.81","10","10.56","","","","","","","","","","","","","","","","",""
"8901248126335","33049990","BORO PLUS HEALTHSKIN DOODH KESAR BODY LOTION 300  ML","319","310","276","10.97","12.32","9","34","","","","","","","","","","","","","","","","",""
"8901248101103","30049011","BORO PLUS HEALTHY SKIN AYURVEDIC ANTISEPTIC CREAM 19 ML","45","45","45","0","0","0","0","","","","","","","","","","","","","","","","",""
"","27121090","BORO PLUS VASOCARE HERBAL PETROLEUM JELLY  15 ML","10","10","8.75","12.5","14.29","0","1.25","","","","","","","","","","","","","","","","",""
"8901531300015","30049011","BOROLINE ANTISEPTIC AYURVEDIC CREAM 20 G","45","43","39","9.3","10.26","2","4","","","","","","","","","","","","","","","","",""
"8901531300329","30049011","BOROLINE RAKSHA 5 G","10","10","7.65","23.5","30.72","0","2.35","","","","","","","","","","","","","","","","",""
"8901531300206","30049011","BOROLINE SX 100 G","183","178","160","10.11","11.25","5","18","","","","","","","","","","","","","","","","",""
"8901531300022","30049011","BOROLINE SX 40 G","85","83","73","12.05","13.7","2","10","","","","","","","","","","","","","","","","",""
"8901531300107","33049990","BOROLINE ULTRA SMOOTH 40 G","100","96","83","13.54","15.66","4","13","","","","","","","","","","","","","","","","",""
"7622202309885","19019090","BOURN VITA 500 G","249","245","219.57","10.38","11.58","4","25.43","","","","","","","","","","","","","","","","",""
"","","BOX CAKE 70","70","65","45","30.77","44.44","7.14","20","","","","","","","","","","","","","","","","",""
"","","BOX COOKIES 65","65","60","45","25","33.33","7.69","15","","","","","","","","","","","","","","","","",""
"","","BOX CREAM ROLL 70","70","65","49","24.62","32.65","7.14","16","","","","","","","","","","","","","","","","",""
"","","BOX HOME BAKE COOKIES","70","65","50","23.08","30","7.14","15","","","","","","","","","","","","","","","","",""
"","","BOX HOME CRUNCH COOKIES","65","60","45","25","33.33","7.69","15","","","","","","","","","","","","","","","","",""
"","","BOX KAJU 75","75","70","49","30","42.86","6.67","21","","","","","","","","","","","","","","","","",""
"","","BRATINNIA GOBBLES VANILLA CHOCO 34 G","10","","8.67","0","20","100","-8.67","","","","","","","","","","","","","","","","",""
"","","BREAD KING 175 G","20","20","15","25","33.33","0","5","","","","","","","","","","","","","","","","",""
"8901063371026","19053100","BRITANNIA  MARI GOLD 80 G","10","10","8.94","10.6","11.86","0","1.06","","","","","","","","","","","","","","","","",""
"8901063325791","19054000","BRITANNIA  TOASTEA MILK ATTA RUSK 200 G","35","34","31.31","7.91","8.59","1","2.69","","","","","","","","","","","","","","","","",""
"8901063369030","19053100","BRITANNIA 50-50 CHEEZE  DIPPED 150 G","50","48","44.64","7","7.53","2","3.36","","","","","","","","","","","","","","","","",""
"8901063367326","19053100","BRITANNIA 50-50 MASKA CHASKA 114.1 G","30","29","27.32","5.79","6.15","1","1.68","","","","","","","","","","","","","","","","",""
"","","BRITANNIA BOURBON 160 G","35","","31.87","0","20","100","-31.87","","","","","","","","","","","","","","","","",""
"8901063139350","19053100","BRITANNIA BOURBON 500 G","125","120","81.96","31.7","46.41","5","38.04","","","","","","","","","","","","","","","","",""
"8901063401082","4069000","BRITANNIA CHEESE CUBES 200 G","127","125","116.51","6.79","7.29","2","8.49","","","","","","","","","","","","","","","","",""
"8901063371101","19053100","BRITANNIA DOODH MARIE GOLD 229 G","30","29","26.02","10.28","11.45","1","2.98","","","","","","","","","","","","","","","","",""
"8901063368750","19059010","BRITANNIA FUDGE CHOCO BROWNIE  40 G","20","20","15.25","23.75","31.15","0","4.75","","","","","","","","","","","","","","","","",""
"8901063368552","19059010","BRITANNIA GOBBLES MARBLE FLAVOURED VANILLA CHOCO","30","30","25.09","16.37","19.57","0","4.91","","","","","","","","","","","","","","","","",""
"8901063368569","19059020","BRITANNIA GOBBLES RED VELVET CAKE 122 GG","30","29","26.83","7.48","8.09","1","2.17","","","","","","","","","","","","","","","","",""
"","","BRITANNIA GOLMAAL 61.9G","10","10","0","100","0","0","10","","","","","","","","","","","","","","","","",""
"8901063093744","19053100","BRITANNIA GOOD DAY CASHEW ALMOND 248 G","40","39","35.78","8.26","9","1","3.22","","","","","","","","","","","","","","","","",""
"8901063158351","19053100","BRITANNIA GOOD DAY CHUNKIES COCONUT  100 G","40","40","36.43","8.93","9.8","0","3.57","","","","","","","","","","","","","","","","",""
"8901063370111","19053100","BRITANNIA GOOD DAY FRUIT & NUT 97.5 G","20","20","17.53","12.35","14.09","0","2.47","","","","","","","","","","","","","","","","",""
"","19053100","BRITANNIA GOOD DAY FRUIT NUT 97.5 G","20","20","17.53","12.35","14.09","0","2.47","","","","","","","","","","","","","","","","",""
"8901063370098","19053100","BRITANNIA GOOD DAY JEERA 97.5 G","20","20","17.89","10.55","11.79","0","2.11","","","","","","","","","","","","","","","","",""
"8901063029408","19053100","BRITANNIA JIMJAM","10","10","9.1","9","9.89","0","0.9","","","","","","","","","","","","","","","","",""
"","","BRITANNIA JIMJAM NAUGHTY JAM 100 G","25","25","22.76","8.96","9.84","0","2.24","","","","","","","","","","","","","","","","",""
"8901063019232","19053100","BRITANNIA LITTLE HEARTS","10","10","9.1","9","9.89","0","0.9","","","","","","","","","","","","","","","","",""
"8901063023956","19053100","BRITANNIA MARIE GOLD 400 G","50","48","44.32","7.67","8.3","2","3.68","","","","","","","","","","","","","","","","",""
"8901063035249","19053100","BRITANNIA MILK BIKIS 188 G","50","50","43.82","12.36","14.1","0","6.18","","","","","","","","","","","","","","","","",""
"8901063028258","19053100","BRITANNIA NICE TIME 152 G","25","25","22.77","8.92","9.79","0","2.23","","","","","","","","","","","","","","","","",""
"8901063032989","19053100","BRITANNIA PURE MAGIC CHOCO STARS","25","25","22.36","10.56","11.81","0","2.64","","","","","","","","","","","","","","","","",""
"8901063155596","19053100","BRITANNIA TIGER COCONUT 75.6 G","10","10","8.94","10.6","11.86","0","1.06","","","","","","","","","","","","","","","","",""
"8901063325920","19054000","BRITANNIA TOAST RUSK  1 KG","240","210","168.31","19.85","24.77","30","41.69","","","","","","","","","","","","","","","","",""
"8901063325708","19054000","BRITANNIA TOASTEA BUTTER RUSK 200 G","35","35","31.31","10.54","11.79","0","3.69","","","","","","","","","","","","","","","","",""
"8901063032958","19053100","BRITANNIA TREAT CREME WAFERS 31.5 G","10","10","9.1","9","9.89","0","0.9","","","","","","","","","","","","","","","","",""
"8901063146457","22029930","BRITANNIA WINKIN COW CHOCOLATE THICK SHAKE 180 ML","37","35","25.86","26.11","35.34","2","9.14","","","","","","","","","","","","","","","","",""
"8901063146464","22029930","BRITANNIA WINKIN COW STRAWBERY THIC SHAKE 180 ML","37","35","25.86","26.11","35.34","2","9.14","","","","","","","","","","","","","","","","",""
"8901063146488","22029930","BRITANNIA WINKIN COW VANILLA THICK SHAKE 180 ML","37","35","26.02","25.66","34.51","2","8.98","","","","","","","","","","","","","","","","",""
"8901063368484","19059010","BRITANNIYA  CAKE GOBBLES  ORANGE BITES 33 G","10","10","8.63","13.7","15.87","0","1.37","","","","","","","","","","","","","","","","",""
"8901063368491","19059090","BRITANNIYA  CAKE GOBBLES  PINEAPPLE PLUNGE 33 G","10","10","8.63","13.7","15.87","0","1.37","","","","","","","","","","","","","","","","",""
"8901063368514","19059010","BRITANNIYA  CAKE GOBBLES BUTTER BLAST 33 G","10","10","8.63","13.7","15.87","0","1.37","","","","","","","","","","","","","","","","",""
"8901063368675","1905","BRITANNIYA  CAKE GOBBLES CHOCO CHILL 110 G","30","30","25.89","13.7","15.87","0","4.11","","","","","","","","","","","","","","","","",""
"8901063368477","19059010","BRITANNIYA  CAKE GOBBLES CHOCO CHILL 33 G","10","10","8.63","13.7","15.87","0","1.37","","","","","","","","","","","","","","","","",""
"8901063368460","19059010","BRITANNIYA  CAKE GOBBLES FRUITY FAN 33 G","10","10","8.63","13.7","15.87","0","1.37","","","","","","","","","","","","","","","","",""
"8901063368668","1905","BRITANNIYA  CAKE GOBBLES FRUITY FUN 110 G","30","30","25.89","13.7","15.87","0","4.11","","","","","","","","","","","","","","","","",""
"8901063368507","19059020","BRITANNIYA  CAKE GOBBLES MILKY MASTI 33 G","10","10","8.63","13.7","15.87","0","1.37","","","","","","","","","","","","","","","","",""
"8901063371033","19059020","BRITANNIYA  MARI GOLD 320 G","40","39","35.45","9.1","10.01","1","3.55","","","","","","","","","","","","","","","","",""
"8901063014466","19053100","BRITANNIYA  VITA MARIE GOLD 263 G","40","39","35.45","9.1","10.01","1","3.55","","","","","","","","","","","","","","","","",""
"8901063016613","19059020","BRITANNIYA 50-50 CLASSIC SWEET & SALTY 200 G","35","35","31.31","10.54","11.79","0","3.69","","","","","","","","","","","","","","","","",""
"8901063018334","1905","BRITANNIYA 50-50 TIME PASS 142 G","25","25","22.36","10.56","11.81","0","2.64","","","","","","","","","","","","","","","","",""
"8901063139213","19053100","BRITANNIYA BOURBON CRÈME BISCUIT WITH CHOCOLATE 150 G","35","35","31.87","8.94","9.82","0","3.13","","","","","","","","","","","","","","","","",""
"8901063139374","19053100","BRITANNIYA BOURBON CRÈME BISCUIT WITH CHOCOLATE 60 G","10","10","9.1","9","9.89","0","0.9","","","","","","","","","","","","","","","","",""
"8901063144095","","BRITANNIYA BUTTER TOP 200 G","30","30","26.83","10.57","11.82","0","3.17","","","","","","","","","","","","","","","","",""
"8901063367388","19053100","BRITANNIYA GOL MAL 50-50 BUTTER 224 G","30","30","25.76","14.13","16.46","0","4.24","","","","","","","","","","","","","","","","",""
"8901063367364","19059020","BRITANNIYA GOL MAL KALA JEERA 214 G","30","30","26.83","10.57","11.82","0","3.17","","","","","","","","","","","","","","","","",""
"8901063092303","19053100","BRITANNIYA GOOD DAY BUTTER COOKIES 250 G","40","40","36.54","8.65","9.47","0","3.46","","","","","","","","","","","","","","","","",""
"8901063092525","19053100","BRITANNIYA GOOD DAY CASHEW ALMOND COOKIES 250 G","40","40","35.78","10.55","11.79","0","4.22","","","","","","","","","","","","","","","","",""
"8901063029415","19053100","BRITANNIYA JIMJAM  150 G","40","40","36.42","8.95","9.83","0","3.58","","","","","","","","","","","","","","","","",""
"8901063029309","1905","BRITANNIYA JIMJAM POPS 70 G","18","18","16.39","8.94","9.82","0","1.61","","","","","","","","","","","","","","","","",""
"8901063012585","19053100","BRITANNIYA MILK BIKIS    ATTA 280 G","40","40","35.78","10.55","11.79","0","4.22","","","","","","","","","","","","","","","","",""
"8901063142831","19053100","BRITANNIYA NUTRI CHOICE 58 G","10","10","8.94","10.6","11.86","0","1.06","","","","","","","","","","","","","","","","",""
"8901063142022","19053100","BRITANNIYA NUTRI CHOICE DIGESTIVE 250 G","55","54","49.19","8.91","9.78","1","4.81","","","","","","","","","","","","","","","","",""
"8901063026308","19059090","BRITANNIYA NUTRI CHOICE SUGAR FREE   295 G","45","45","40.25","10.56","11.8","0","4.75","","","","","","","","","","","","","","","","",""
"8901063138162","19053100","BRITANNIYA NUTRI CHOICE THIN ARROWROOT 300 G","40","40","36.63","8.42","9.2","0","3.37","","","","","","","","","","","","","","","","",""
"8901063138131","1905","BRITANNIYA NUTRI CHOICE THIN ARROWROOT 400 G","54","54","49.17","8.94","9.82","0","4.83","","","","","","","","","","","","","","","","",""
"8901063325760","19054000","BRITANNIYA TOASTEA PREMIUM BAKE RUSK 200 G","40","40","35.78","10.55","11.79","0","4.22","","","","","","","","","","","","","","","","",""
"8901063032941","190532","BRITANNIYA TREAT CREME WAFERS 31.5 G","10","10","8.94","10.6","11.86","0","1.06","","","","","","","","","","","","","","","","",""
"8901063032446","19059040","BRITANNIYA TREAT CROISSANT COCOA CRÈME 48.5 G","20","20","17.41","12.95","14.88","0","2.59","","","","","","","","","","","","","","","","",""
"8901063032484","190590","BRITANNIYA TREAT CROISSANT MIXED FRUIT 50.5 G","20","20","17.42","12.9","14.81","0","2.58","","","","","","","","","","","","","","","","",""
"8901063032453","1905","BRITANNIYA TREAT CROISSANT VANILLA CRÈME 48.5 G","20","20","17.42","12.9","14.81","0","2.58","","","","","","","","","","","","","","","","",""
"8901063369023","406","BRITTANIA CHEEZE DIPPED 30 G","10","10","8.92","10.8","12.11","0","1.08","","","","","","","","","","","","","","","","",""
"8901030518591","11022000","BROWN & POLSON CORNFLOUR 100 G","28","25","20.73","17.08","20.6","3","4.27","","","","","","","","","","","","","","","","",""
"","19059090","BROWN BREAD SUGAR FREE BREAD 200 G","25","25","20","20","25","0","5","","","","","","","","","","","","","","","","",""
"8901030904554","21011120","BRU INSTANT 25 G","140","140","126.91","9.35","10.31","0","13.09","","","","","","","","","","","","","","","","",""
"8901030742392","21011120","BRU INSTANT PURE  COFFEE 1 G","2","2","1.72","14","16.28","0","0.28","","","","","","","","","","","","","","","","",""
"8901030904561","21011120","BRU INSTANT PURE  COFFEE 50 G","270","260","241.17","7.24","7.81","10","18.83","","","","","","","","","","","","","","","","",""
"8901030904578","21011120","BRU INSTANT PURE COFFEE 100 G","540","530","483.41","8.79","9.64","10","46.59","","","","","","","","","","","","","","","","",""
"8901030543067","21050000","BUTTER SCOTCH CUP 90 ML","25","24","19.84","17.33","20.97","1","4.16","","","","","","","","","","","","","","","","",""
"8909106038783","21050000","BUTTERSCOTCH CONE 45 ML","9","9","7.45","17.22","20.81","0","1.55","","","","","","","","","","","","","","","","",""
"","","BUTTERSCOTCH ICE CREAM 700 M L","160","","137.55","0","20","100","-137.55","","","","","","","","","","","","","","","","",""
"7622202252372","19053100","CADBURY  OREO 108.55 G","26","25","3.85","84.6","549.35","1","21.15","","","","","","","","","","","","","","","","",""
"7622202818462","18069010","CADBURY 5 STAR 35.2 G","20","20","17","15","17.65","0","3","","","","","","","","","","","","","","","","",""
"7622202819278","18069010","CADBURY 5 STAR 3D 24.7 G","20","20","17","15","17.65","0","3","","","","","","","","","","","","","","","","",""
"7622202818400","18069010","CADBURY 5STAR 20.2 G","10","10","8.65","13.5","15.61","0","1.35","","","","","","","","","","","","","","","","",""
"7622201808044","18069010","CADBURY 5STAR OREO 22 G","20","18","10.2","43.33","76.47","2","7.8","","","","","","","","","","","","","","","","",""
"7622202335624","18069010","CADBURY ALMOND TREAT 70 G","125","120","106","11.67","13.21","5","14","","","","","","","","","","","","","","","","",""
"7622202294365","18069010","CADBURY BOURNVILLE CLASSIC 30 G","53","50","45.06","9.88","10.96","3","4.94","","","","","","","","","","","","","","","","",""
"7622202325991","1806","CADBURY BOURNVILLE CLASSIC 75 G","134","125","113.94","8.85","9.71","9","11.06","","","","","","","","","","","","","","","","",""
"7622202325908","18069090","CADBURY BOURNVILLE FRUIT&NUT 75 G","134","127","105.97","16.56","19.85","7","21.03","","","","","","","","","","","","","","","","",""
"7622202325939","18069010","CADBURY BOURVILE CRANBERRY  78 G","134","130","113.94","12.35","14.1","4","16.06","","","","","","","","","","","","","","","","",""
"7622202832857","18069090","CADBURY CELEBRATIONS 109.64 G","110","105","95.23","9.3","10.26","5","9.77","","","","","","","","","","","","","","","","",""
"7622202832871","18069090","CADBURY CELEBRATIONS 153.26 G","160","155","136.05","12.23","13.93","5","18.95","","","","","","","","","","","","","","","","",""
"7622202832819","18069010","CADBURY CELEBRATIONS 54.88 G","50","49","43.29","11.65","13.19","1","5.71","","","","","","","","","","","","","","","","",""
"7622202326172","18063100","CADBURY DAIRY MILK  ROAST ALMOND 52 G","98","95","83.33","12.28","14","3","11.67","","","","","","","","","","","","","","","","",""
"7622202818332","18069010","CADBURY DAIRY MILK 12.1 G","10","10","8.65","13.5","15.61","0","1.35","","","","","","","","","","","","","","","","",""
"7622202328800","18069010","CADBURY DAIRY MILK 18 G","20","20","17","15","17.65","0","3","","","","","","","","","","","","","","","","",""
"7622202324819","18069010","CADBURY DAIRY MILK 36 G","49","46","41.66","9.43","10.42","3","4.34","","","","","","","","","","","","","","","","",""
"7622202329494","18069090","CADBURY DAIRY MILK 40 G","45","44","38.26","13.05","15","1","5.74","","","","","","","","","","","","","","","","",""
"7622202271861","18069010","CADBURY DAIRY MILK 46 G","98","95","83.33","12.28","14","3","11.67","","","","","","","","","","","","","","","","",""
"7622202324840","18069010","CADBURY DAIRY MILK 75 G","107","103","90.98","11.67","13.21","4","12.02","","","","","","","","","","","","","","","","",""
"7622202271830","1806","CADBURY DAIRY MILK BUBBLY 112 G","214","205","181.97","11.23","12.66","9","23.03","","","","","","","","","","","","","","","","",""
"7622202346385","18069010","CADBURY DAIRY MILK CHOCOLATE 105 G","98","95","83.33","12.28","14","3","11.67","","","","","","","","","","","","","","","","",""
"7622202324789","18069010","CADBURY DAIRY MILK CHOCOLATE 75 G","107","105","90.98","13.35","15.41","2","14.02","","","","","","","","","","","","","","","","",""
"","","CADBURY DAIRY MILK CRACKLE","49","49","40","18.37","22.5","0","9","","","","","","","","","","","","","","","","",""
"7622202819445","18069010","CADBURY DAIRY MILK CRISPELLO 14.1 G","10","10","8.65","13.5","15.61","0","1.35","","","","","","","","","","","","","","","","",""
"7622202324758","1806","CADBURY DAIRY MILK CRISPELLO 35 G","40","40","34.01","14.98","17.61","0","5.99","","","","","","","","","","","","","","","","",""
"7622202373664","18069010","CADBURY DAIRY MILK CRISPELLO19.5 G","20","20","17","15","17.65","0","3","","","","","","","","","","","","","","","","",""
"7622202326028","1806","CADBURY DAIRY MILK FRUIT&NUT 51 G","98","95","83.33","12.28","14","3","11.67","","","","","","","","","","","","","","","","",""
"7622202816543","18063100","CADBURY DAIRY MILK FRUT&NUT  129 G","214","205","181.97","11.23","12.66","9","23.03","","","","","","","","","","","","","","","","",""
"7622202326141","18063200","CADBURY DAIRY MILK HAZELNUT 54 G","98","95","83.33","12.28","14","3","11.67","","","","","","","","","","","","","","","","",""
"7622202356209","1806","CADBURY DAIRY MILK MILKINIS 17 G","20","20","15.88","20.6","25.94","0","4.12","","","","","","","","","","","","","","","","",""
"7622202326363","1806","CADBURY DAIRY MILK MOUSSE 110 G","214","205","181.97","11.23","12.66","9","23.03","","","","","","","","","","","","","","","","",""
"7622202816413","1806","CADBURY DAIRY MILK OREO 124 G","214","205","181.97","11.23","12.66","9","23.03","","","","","","","","","","","","","","","","",""
"7622202326264","1806","CADBURY DAIRY MILK ROAST ALMOND 134 G","214","205","181.97","11.23","12.66","9","23.03","","","","","","","","","","","","","","","","",""
"7622202326295","18069090","CADBURY DAIRY MILK SILK 134 G","214","205","181.97","11.23","12.66","9","23.03","","","","","","","","","","","","","","","","",""
"7622202325878","18069010","CADBURY DAIRY MILK SILK 55 G","89","85","75.68","10.96","12.32","4","9.32","","","","","","","","","","","","","","","","",""
"7622202326325","18069010","CADBURY DAIRY MILK SILK GANACHE 54 G","98","98","87.5","10.71","12","0","10.5","","","","","","","","","","","","","","","","",""
"7622202326059","1806","CADBURY DAIRY MILK SILK MUSSE 48.5 G","98","95","83.33","12.28","14","3","11.67","","","","","","","","","","","","","","","","",""
"7622201757915","18069010","CADBURY DAIRY MILK YOU MELT MY 250 G","370","350","314.63","10.11","11.24","20","35.37","","","","","","","","","","","","","","","","",""
"7622202818363","18069010","CADBURY DAIRY MILK20.2 G","20","20","17.5","12.5","14.29","0","2.5","","","","","","","","","","","","","","","","",""
"7622202334009","18069010","CADBURY DAURY MILK 12.1 G","10","10","8.65","13.5","15.61","0","1.35","","","","","","","","","","","","","","","","",""
"7622202820823","18069010","CADBURY FUSE 23 G","20","20","17","15","17.65","0","3","","","","","","","","","","","","","","","","",""
"7622202330384","18069010","CADBURY FUSE 43 G","20","20","38.26","-91.3","-47.73","0","-18.26","","","","","","","","","","","","","","","","",""
"7622202819995","18069010","CADBURY GEMS 7.34 G","5","5","4.32","13.6","15.74","0","0.68","","","","","","","","","","","","","","","","",""
"7622202252419","19053100","CADBURY OREO 108.55 G","26","25","21.38","14.48","16.93","1","3.62","","","","","","","","","","","","","","","","",""
"7622202225512","19053100","CADBURY OREO 41.75 G","10","10","8.65","13.5","15.61","0","1.35","","","","","","","","","","","","","","","","",""
"7622202225550","19053100","CADBURY OREO CHOCO CREMR","10","10","8.65","13.5","15.61","0","1.35","","","","","","","","","","","","","","","","",""
"7622202334511","18069010","CADBURY PERK 10.3 G","5","5","4.32","13.6","15.74","0","0.68","","","","","","","","","","","","","","","","",""
"7622202819339","19053290","CADBURY PERK 20.6 G","10","10","8.65","13.5","15.61","0","1.35","","","","","","","","","","","","","","","","",""
"","19059010","CAKE 30","30","30","24","20","25","0","6","","","","","","","","","","","","","","","","",""
"8909081006760","17049090","CAND YMAN FRUITEE FUN 11 G","5","5","0","100","0","0","5","","","","","","","","","","","","","","","","",""
"8909081006869","17049090","CANDY MAN FRUITEE FUN 3.5 G","1","1","0.5","50","100","0","0.5","","","","","","","","","","","","","","","","",""
"8909081002472","18069020","CANDYMAN CHOCO DOUBLE","1","1","0.5","50","100","0","0.5","","","","","","","","","","","","","","","","",""
"8909081006784","17049090","CANDYMAN FRUITEE FUN","5","5","0","100","0","0","5","","","","","","","","","","","","","","","","",""
"8909081006777","17049090","CANDYMAN FRUITEE FUN 11 G","5","5","4.25","15","17.65","0","0.75","","","","","","","","","","","","","","","","",""
"8901725013158","17049090","CANDYMAN FRUITEEFUN 3 IN 1","1","1","0.85","15","17.65","0","0.15","","","","","","","","","","","","","","","","",""
"8901725119874","17049020","CANDYMAN TADKA 10 G","5","5","4.3","14","16.28","0","0.7","","","","","","","","","","","","","","","","",""
"","","CANDYMAN TADKA TANGY POPS JELLY WITH FRUIT PULP","1","1","0.85","15","17.65","0","0.15","","","","","","","","","","","","","","","","",""
"","","CANNDYMAN CREME LACTO","1","1","0.85","15","17.65","0","0.15","","","","","","","","","","","","","","","","",""
"","","CETAPHIL GENTLE SKIN CLEANSER 118 ML","459","","186","0","20","100","-186","","","","","","","","","","","","","","","","",""
"","","CETAPHIL MOISTURISING LOTION 100 ML","620","","567","0","20","100","-567","","","","","","","","","","","","","","","","",""
"","","CETAPHIL OILY SKIN CLEANSER 118 ML","749","","634","0","20","100","-634","","","","","","","","","","","","","","","","",""
"8909081003387","20052000","CHEESE WOWZERS 16 G","5","5","3.83","23.4","30.55","0","1.17","","","","","","","","","","","","","","","","",""
"8906007971720","21039020","CHILLI SAUCE 90 G","25","25","20","20","25","0","5","","","","","","","","","","","","","","","","",""
"8901030912764","18069010","CHOCO BAR  SR 70 ML","18","18","14.28","20.67","26.05","0","3.72","","","","","","","","","","","","","","","","",""
"8901030970238","18069010","CHOCO BROWNIE FUDGE 100 ML","45","45","35.75","20.56","25.87","0","9.25","","","","","","","","","","","","","","","","",""
"","18069010","CHOCO FLAKES 200 G","267","175","116","33.71","50.86","92","59","","","","","","","","","","","","","","","","",""
"8901030677601","18069010","CHOCOBAR MINI JR 45 ML","9","9","7.46","17.11","20.64","0","1.54","","","","","","","","","","","","","","","","",""
"8901030783524","21050000","CHOCOTASTIC SUNDAE 100 ML","35","35","28.25","19.29","23.89","0","6.75","","","","","","","","","","","","","","","","",""
"","33049930","CICA SUNSCREEN 50 G","240","210","172.8","17.71","21.53","30","37.2","","","","","","","","","","","","","","","","",""
"8901030975813","33051090","CILINIC PLUS+ STORONG & LONG+ EGG 80 ML","55","50","43.45","13.1","15.07","5","6.55","","","","","","","","","","","","","","","","",""
"8901023028519","34011190","CINTHOL COOL 40 G","10","10","8.25","17.5","21.21","0","1.75","","","","","","","","","","","","","","","","",""
"8901023028502","34011190","CINTHOL LIME 40 G","10","10","8.25","17.5","21.21","0","1.75","","","","","","","","","","","","","","","","",""
"","64039920","CLASSICAL SANDAL 90 G","75","65","54.05","16.85","20.26","10","10.95","","","","","","","","","","","","","","","","",""
"8902519002617","4820","CLASSMATE  BENGALI COPY","34","34","24.86","26.88","36.77","0","9.14","","","","","","","","","","","","","","","","",""
"8902519009678","4820","CLASSMATE  ENGLISH COPY","38","38","27.91","26.55","36.15","0","10.09","","","","","","","","","","","","","","","","",""
"8902519002990","4820","CLASSMATE  MATH COPY","34","34","24.86","26.88","36.77","0","9.14","","","","","","","","","","","","","","","","",""
"8902519013118","4820","CLASSMATE  SQUARE COPY","34","34","24.86","26.88","36.77","0","9.14","","","","","","","","","","","","","","","","",""
"","","CLEAN & CLEAR 20 ML","30","","24.1","0","20","100","-24.1","","","","","","","","","","","","","","","","",""
"8901012189498","33049990","CLEAN CLEAR FOAMING 50 ML","99","99","84.93","14.21","16.57","0","14.07","","","","","","","","","","","","","","","","",""
"","3402","CLEAN PINE BATH ROOM CLEANER 500 ML","799","149","106","28.86","40.57","650","43","","","","","","","","","","","","","","","","",""
"8901030907555","33059011","CLEAR ANTI DANDRUFF NOURISHING HAIR OIL 150 ML","133","128","119.39","6.73","7.21","5","8.61","","","","","","","","","","","","","","","","",""
"8901030866340","33051090","CLEAR ANTI DANDRUFF SHAMPOO 170 ML","187","180","147.73","17.93","21.84","7","32.27","","","","","","","","","","","","","","","","",""
"8906097500176","39204900","CLING FILM WIDTH 300 MM","221","199","170","14.57","17.06","22","29","","","","","","","","","","","","","","","","",""
"8909106041875","33051090","CLINIC PLUS  EGG PROTEIN 6ML","1","1","0.77","23","29.87","0","0.23","","","","","","","","","","","","","","","","",""
"8909106046351","33051090","CLINIC PLUS S&L 6 ML","1","1","0.77","23","29.87","0","0.23","","","","","","","","","","","","","","","","",""
"8909106065949","33051090","CLINIC PLUS+ HEALTH SAMPOO STRONG & LONG +175 ML","140","135","110.6","18.07","22.06","5","24.4","","","","","","","","","","","","","","","","",""
"8909106065932","33051090","CLINIC PLUS+ HEALTH SAMPOO STRONG & LONG +80 ML","49","47","38.71","17.64","21.42","2","8.29","","","","","","","","","","","","","","","","",""
"8901030975837","33059090","CLINIC PLUS+ HEALTH SAMPOO WITH EGG PROTEIN  355 ML","365","350","294.9","15.74","18.68","15","55.1","","","","","","","","","","","","","","","","",""
"8901030558924","33059011","CLINIC PLUS+ NOURISHING HAIR OIL 100 ML","65","62","58.35","5.89","6.26","3","3.65","","","","","","","","","","","","","","","","",""
"8909106065956","33051090","CLINIC PLUS+ STORONG &LONG+ 355 ML","340","330","274.7","16.76","20.13","10","55.3","","","","","","","","","","","","","","","","",""
"8909106071759","33061020","CLOSE UP  ZING PROTECT SHILD 80 G","55","55","49.5","10","11.11","0","5.5","","","","","","","","","","","","","","","","",""
"8909106053564","33061020","CLOSEUP SUPERFRESH ZING PROTECT SHIELD 150 G","129","125","110.01","11.99","13.63","4","14.99","","","","","","","","","","","","","","","","",""
"8909106071612","33061020","CLOSEUP SUPERFRESH ZING PROTECT SHIELD 45 G","20","20","17.41","12.95","14.88","0","2.59","","","","","","","","","","","","","","","","",""
"8906100180791","96039000","CLOTH BRUSH","45","40","30","25","33.33","5","10","","","","","","","","","","","","","","","","",""
"8901764012907","22021090","COCACOLA 2.25 L","100","97","91.77","5.39","5.7","3","5.23","","","","","","","","","","","","","","","","",""
"8901764012914","22021090","COCACOLA 250 ML","20","20","17.53","12.35","14.09","0","2.47","","","","","","","","","","","","","","","","",""
"8901764012273","22021090","COCACOLA 750 ML","40","40","36.7","8.25","8.99","0","3.3","","","","","","","","","","","","","","","","",""
"8901764011252","22021090","COCACOLA CAN 300 ML","40","40","36.7","8.25","8.99","0","3.3","","","","","","","","","","","","","","","","",""
"","","COCO MAMA COCONUT WATER 200 ML","30","","25","0","20","100","-25","","","","","","","","","","","","","","","","",""
"","","COCO MAMA EXOTIC LITCHI COCONUT WATER 200 ML","30","","25","0","20","100","-25","","","","","","","","","","","","","","","","",""
"","","COCO MAMA JUICY APPLE COCONUT WATER 200 ML","30","","25","0","20","100","-25","","","","","","","","","","","","","","","","",""
"","","COCO MAMA LUSH GUAVA COCONUT WATER 200 ML","30","","25","0","20","100","-25","","","","","","","","","","","","","","","","",""
"","","COCO MAMA SPICED JEERA COCONUT WATER 200 ML","30","","25","0","20","100","-25","","","","","","","","","","","","","","","","",""
"","","COCO MAMA ZESTY MANGO COCONUT WATER 200 ML","30","","25","0","20","100","-25","","","","","","","","","","","","","","","","",""
"8901314786241","33061020","COLGATE  STRONG TEETH 16 G","10","10","8.33","16.7","20.05","0","1.67","","","","","","","","","","","","","","","","",""
"8901314009586","33061020","COLGATE ACTIVE SALT 100 G","75","75","68.18","9.09","10","0","6.82","","","","","","","","","","","","","","","","",""
"8901314763686","33061020","COLGATE ANTICAVITY TOOTHPASTE 36 G","20","20","17.08","14.6","17.1","0","2.92","","","","","","","","","","","","","","","","",""
"8901314542175","96032100","COLGATE KIDS ULTRA SOFT","30","27","22.5","16.67","20","3","4.5","","","","","","","","","","","","","","","","",""
"8901314786531","33061020","COLGATE MAXFRESH  17 G","10","10","8.33","16.7","20.05","0","1.67","","","","","","","","","","","","","","","","",""
"8850006961629","33061020","COLGATE MAXFRESH  42 G","20","20","17.08","14.6","17.1","0","2.92","","","","","","","","","","","","","","","","",""
"8901314544964","33061020","COLGATE SENSITIVE","65","60","48.33","19.45","24.15","5","11.67","","","","","","","","","","","","","","","","",""
"8901314765352","33061020","COLGATE STRONG TEETH 100 G","70","70","63.5","9.29","10.24","0","6.5","","","","","","","","","","","","","","","","",""
"8901314765314","33061020","COLGATE STRONG TEETH 200 G","130","130","118.18","9.09","10","0","11.82","","","","","","","","","","","","","","","","",""
"8901314717429","33061020","COLGATE STRONG TEETH 38 G","20","20","17.08","14.6","17.1","0","2.92","","","","","","","","","","","","","","","","",""
"8901314537652","96032100","COLGATE ZIG ZZG DEEP CLEAN BETWEEN TEETH","30","27","22.5","16.67","20","3","4.5","","","","","","","","","","","","","","","","",""
"8901314507334","96032100","COLGET ZIG ZAG","30","27","22.5","16.67","20","3","4.5","","","","","","","","","","","","","","","","",""
"8901396465003","34022090","COLIN 250 ML","75","72","67.52","6.22","6.64","3","4.48","","","","","","","","","","","","","","","","",""
"8901396476146","34022090","COLIN 500 ML","115","110","103.1","6.27","6.69","5","6.9","","","","","","","","","","","","","","","","",""
"8901396460404","34022090","COLLIN 125 ML","42","42","38.54","8.24","8.98","0","3.46","","","","","","","","","","","","","","","","",""
"8909106021945","34029019","COMFORT  FABRIC CONDITIONER FABRIK 210 ML","60","58","52.66","9.21","10.14","2","5.34","","","","","","","","","","","","","","","","",""
"8909106022058","34029019","COMFORT FABRIC CONDITIONER 430 ML","120","118","111.11","5.84","6.2","2","6.89","","","","","","","","","","","","","","","","",""
"8909106022034","34029019","COMFORT FABRIC CONDITIONER 860 ML","235","230","208.89","9.18","10.11","5","21.11","","","","","","","","","","","","","","","","",""
"8901030962028","34029019","COMFORT FABRIC CONDITIONER BLUE 18 ML","4","4","3.4","15","17.65","0","0.6","","","","","","","","","","","","","","","","",""
"8909106021938","34029019","COMFORT FABRIC CONDITIONER GREEN 860 ML","235","230","206.27","10.32","11.5","5","23.73","","","","","","","","","","","","","","","","",""
"8909106022010","34029019","COMFORT FABRIC CONDITIONER LILY FRESH 210 ML","58","56","52.66","5.96","6.34","2","3.34","","","","","","","","","","","","","","","","",""
"8909106022003","34029019","COMFORT FABRIC CONDITIONER MORNING FRESH 210 ML","58","56","52.66","5.96","6.34","2","3.34","","","","","","","","","","","","","","","","",""
"8909106022041","34029019","COMFORT FABRIC CONDITIONER PINK 860 ML","235","225","206.27","8.32","9.08","10","18.73","","","","","","","","","","","","","","","","",""
"8721274500400","2105000","CORNETTO ALMOND CRUNCH 105 ML","45","45","37.49","16.69","20.03","0","7.51","","","","","","","","","","","","","","","","",""
"8901030891847","21050000","CORNETTO BUTTER SCOTCH 115 ML","45","45","33.37","25.84","34.85","0","11.63","","","","","","","","","","","","","","","","",""
"8901030891854","21050000","CORNETTO CHOCO VANILLA 105 ML","25","25","19.84","20.64","26.01","0","5.16","","","","","","","","","","","","","","","","",""
"8901030891830","21050000","CORNETTO DOUBL CHOCOLATE 105 ML","35","35","27.77","20.66","26.04","0","7.23","","","","","","","","","","","","","","","","",""
"8901030771699","21050000","CORNETTO OREO  112 ML","70","65","54.16","16.68","20.01","5","10.84","","","","","","","","","","","","","","","","",""
"8909106032941","21050000","CORNETTO STRAWBERRY VANILL 105 ML","35","35","28.24","19.31","23.94","0","6.76","","","","","","","","","","","","","","","","",""
"8901751009965","87120010","CYCLE  NAIVEDYA","72","68","58","14.71","17.24","4","10","","","","","","","","","","","","","","","","",""
"8901751802894","33074100","CYCLE  OM SHANTHI PURE DHUNO 75 G","50","45","38","15.56","18.42","5","7","","","","","","","","","","","","","","","","",""
"","","CYCLE FLUTE AGARBATHI AAMRASIYA","65","65","45","30.77","44.44","0","20","","","","","","","","","","","","","","","","",""
"8901751021141","33074100","CYCLE LIA CHANDANAM 100 G","55","50","41.66","16.68","20.02","5","8.34","","","","","","","","","","","","","","","","",""
"8901751021158","33074100","CYCLE LIA FLORESS 90 G","55","50","41.66","16.68","20.02","5","8.34","","","","","","","","","","","","","","","","",""
"8901751021165","33074100","CYCLE LIA JAS 100 G","55","50","41.66","16.68","20.02","5","8.34","","","","","","","","","","","","","","","","",""
"","","CYCLE LIA LILLIUM PEACEFUL CHARMING","55","55","41.66","24.25","32.02","0","13.34","","","","","","","","","","","","","","","","",""
"8901751021219","33074100","CYCLE LIA PRIME ROSE 100 G","50","50","41.66","16.68","20.02","0","8.34","","","","","","","","","","","","","","","","",""
"8901751800623","59080010","CYCLE OM SHANITHI COTTON WICKS","15","15","10.8","28","38.89","0","4.2","","","","","","","","","","","","","","","","",""
"8901751803266","59080010","CYCLE OM SHANTHI PURE PUJA TIL OIL 500 ML","135","125","102.18","18.26","22.33","10","22.82","","","","","","","","","","","","","","","","",""
"8901751800913","59080010","CYCLE OM SHANTI PURE CHANDAN POWDER 50 G","50","48","40","16.67","20","2","8","","","","","","","","","","","","","","","","",""
"8901751029239","33074100","CYCLE POPULAR CHANDAN 120 G","70","42","35","16.67","20","28","7","","","","","","","","","","","","","","","","",""
"8901751029246","33074100","CYCLE POPULAR MOGRA 120 G","70","42","35","16.67","20","28","7","","","","","","","","","","","","","","","","",""
"8901751800937","291429","CYCLE PURE CAMPHOR 20 G","50","45","30","33.33","50","5","15","","","","","","","","","","","","","","","","",""
"8901751019254","3307","CYCLE RYTHAM AMBER 97 G","55","50","41.66","16.68","20.02","5","8.34","","","","","","","","","","","","","","","","",""
"","8712","CYCLE SALTA COTTON","15","12","9","25","33.33","3","3","","","","","","","","","","","","","","","","",""
"8901751019025","33074100","CYCLE SANDALUM SDRGF 85 G","55","50","41.66","16.68","20.02","5","8.34","","","","","","","","","","","","","","","","",""
"","","CYCLE YAGNA NATURAL INCENSE","50","50","41.66","16.68","20.02","0","8.34","","","","","","","","","","","","","","","","",""
"8901537071018","10063020","DAAWAT BIRYANI BASMATI RICE 1 KG","250","200","176.19","11.91","13.51","50","23.81","","","","","","","","","","","","","","","","",""
"8901537074354","10062000","DAAWAT BROWN BASMATI RICE 1 KG","200","190","176","7.37","7.95","10","14","","","","","","","","","","","","","","","","",""
"8901537061293","11041200","DAAWAT DALIYA 500 G","55","45","34.29","23.8","31.23","10","10.71","","","","","","","","","","","","","","","","",""
"8901537032019","10063020","DAAWAT DUBAR BASMATI RICE 1 KG","167","120","99.05","17.46","21.15","47","20.95","","","","","","","","","","","","","","","","",""
"8901537074231","10063020","DAAWAT PULAV BASMATI RICE 1 KG","177","135","114.29","15.34","18.12","42","20.71","","","","","","","","","","","","","","","","",""
"8901537006010","10063020","DAAWAT ROZANA BASMATI RICE GOLD 1 KG","120","95","80.95","14.79","17.36","25","14.05","","","","","","","","","","","","","","","","",""
"89009499","33059011","DABUR AMLA HAIR OIL   45 ML","20","20","0","100","0","0","20","","","","","","","","","","","","","","","","",""
"33059011","33059011","DABUR AMLA HAIR OIL 100 ML","50","50","43.03","13.94","16.2","0","6.97","","","","","","","","","","","","","","","","",""
"89009536","33059011","DABUR AMLA HAIR OIL 45 ML","20","20","0","100","0","0","20","","","","","","","","","","","","","","","","",""
"8901207038389","33059011","DABUR AMLA HAIRE OIL 180 ML","105","100","89","11","12.36","5","11","","","","","","","","","","","","","","","","",""
"8901207038396","33059011","DABUR AMLA HAIRE OIL 275 ML","149","144","130","9.72","10.77","5","14","","","","","","","","","","","","","","","","",""
"8901207044168","17024020","DABUR GLUCOPLUS-C 125 G","55","55","39.29","28.56","39.98","0","15.71","","","","","","","","","","","","","","","","",""
"89009611","33030020","DABUR GULABARI 59 ML","30","30","26.16","12.8","14.68","0","3.84","","","","","","","","","","","","","","","","",""
"","","DABUR HAJMOLA LMLI","1","1","0.84","16","19.05","0","0.16","","","","","","","","","","","","","","","","",""
"8901207005374","4090000","DABUR HONEY 100 G","70","68","60","11.76","13.33","2","8","","","","","","","","","","","","","","","","",""
"8901207025365","4090000","DABUR HONEY 250 ML","125","120","106.33","11.39","12.86","5","13.67","","","","","","","","","","","","","","","","",""
"8901207045370","4090000","DABUR HONEY 50 G","45","45","0","100","0","0","45","","","","","","","","","","","","","","","","",""
"8901207003875","30049011","DABUR LAL BABY TAIL 100 ML","150","140","125","10.71","12","10","15","","","","","","","","","","","","","","","","",""
"8901207003868","30049011","DABUR LAL BABY TAIL 50 ML","75","70","63","10","11.11","5","7","","","","","","","","","","","","","","","","",""
"","33061020","DABUR LAL POWDER 16 G","10","10","8.33","16.7","20.05","0","1.67","","","","","","","","","","","","","","","","",""
"8901207027307","33061020","DABUR RED PASTE 100 GM","69","69","60.76","11.94","13.56","0","8.24","","","","","","","","","","","","","","","","",""
"8901207055119","33061020","DABUR RED PASTE 40 G","20","20","17.15","14.25","16.62","0","2.85","","","","","","","","","","","","","","","","",""
"8901207046438","33061020","DABUR RED PASTE FOR TEETH AND GUMS","10","10","8.33","16.7","20.05","0","1.67","","","","","","","","","","","","","","","","",""
"8901207050749","33061020","DABUR RED PASTE FOR TEETH AND GUMS 100 G","78","78","70","10.26","11.43","0","8","","","","","","","","","","","","","","","","",""
"89008720","33059011","DABUR SARSON AMLA  OIL 65 ML","20","20","17.08","14.6","17.1","0","2.92","","","","","","","","","","","","","","","","",""
"","33059011","DABUR SPECIAL QUICK ABSORBING LIGHT HAIR OIL 100 ML","60","60","51.36","14.4","16.82","0","8.64","","","","","","","","","","","","","","","","",""
"","33059011","DABUR SPECIAL QUICK ABSORBING LIGHT HAIR OIL 200 ML","106","100","92","8","8.7","6","8","","","","","","","","","","","","","","","","",""
"","","DAILY ENERGY MIX 100 G","349","149","99","33.56","50.51","200","50","","","","","","","","","","","","","","","","",""
"7622202324871","18063100","DAIRY MILK 36 G","49","49","41.66","14.98","17.62","0","7.34","","","","","","","","","","","","","","","","",""
"7622202326110","18069010","DAIRY MILK SILK OREO 58.5 G","98","98","83.33","14.97","17.6","0","14.67","","","","","","","","","","","","","","","","",""
"8904422708730","33061020","DANT KANTI NATURAL TOOTHPASTE 100 G","56","56","50","10.71","12","0","6","","","","","","","","","","","","","","","","",""
"8901595862818","21031000","DARK  SOY SAUCE 90G","25","25","20.24","19.04","23.52","0","4.76","","","","","","","","","","","","","","","","",""
"8909081005046","19053211","DARK FANTASY CHOCO FILLS 230 G","150","90","78.52","12.76","14.62","60","11.48","","","","","","","","","","","","","","","","",""
"8901725015275","19053100","DARK FANTASY CHOCO FILLS 69 G","35","35","30","14.29","16.67","0","5","","","","","","","","","","","","","","","","",""
"8909081010552","1905","DARK FANTASY SWISS ROLL 21.6 G","10","10","8.17","18.3","22.4","0","1.83","","","","","","","","","","","","","","","","",""
"8901595862726","21031000","DARK SOY SAUCE 210 G","56","50","20.24","59.52","147.04","6","29.76","","","","","","","","","","","","","","","","",""
"","","DEEP BRITE","25","10","6.66","33.4","50.15","15","3.34","","","","","","","","","","","","","","","","",""
"8906100180937","39249090","DELUXE DUDT PAN","75","70","50","28.57","40","5","20","","","","","","","","","","","","","","","","",""
"8904482801907","33072000","DENNVER ORIGINAL 150 ML","230","160","132.89","16.94","20.4","70","27.11","","","","","","","","","","","","","","","","",""
"8901450008238","33030050","DENVER BLACK.CODE 60 ML","399","270","226.1","16.26","19.42","129","43.9","","","","","","","","","","","","","","","","",""
"8904482801556","33072000","DENVER BLAZE 150 ML","230","160","132.89","16.94","20.4","70","27.11","","","","","","","","","","","","","","","","",""
"8901450011986","33072000","DENVER CALIBER HAMILTON 50 ML","80","66","55","16.67","20","14","11","","","","","","","","","","","","","","","","",""
"","","DENVER GOAT 150 ML","230","160","132.89","16.94","20.4","70","27.11","","","","","","","","","","","","","","","","",""
"8901450008375","33030090","DENVER HAMILTON","80","66","55","16.67","20","14","11","","","","","","","","","","","","","","","","",""
"8904482800542","33072000","DENVER HAMILTON 18 ML","75","60","50","16.67","20","15","10","","","","","","","","","","","","","","","","",""
"8901450003288","33072000","DENVER HAMILTON 50 ML","80","66","55","16.67","20","14","11","","","","","","","","","","","","","","","","",""
"8901450008269","33072000","DENVER HAMILTON 60 ML","399","270","226.1","16.26","19.42","129","43.9","","","","","","","","","","","","","","","","",""
"8904482801860","33072000","DENVER HAMILTON DEODORANT BODY SPRAY 150 ML","230","160","132.89","16.94","20.4","70","27.11","","","","","","","","","","","","","","","","",""
"8904482801990","33072000","DENVER HAMILTON HONOUR 150 ML","230","160","132.89","16.94","20.4","70","27.11","","","","","","","","","","","","","","","","",""
"8901450012655","33072000","DENVER HAMILTON HONOUR 60 ML","399","270","226.1","16.26","19.42","129","43.9","","","","","","","","","","","","","","","","",""
"8904482801877","33072000","DENVER HAMILTON IMPERIAL 150 ML","230","160","132.89","16.94","20.4","70","27.11","","","","","","","","","","","","","","","","",""
"8901450008276","33072000","DENVER HAMILTON IMPERIAL 60 ML","399","270","226.1","16.26","19.42","129","43.9","","","","","","","","","","","","","","","","",""
"8904482801884","33072000","DENVER HAMILTON PRIDE 150 ML","230","160","132.89","16.94","20.4","70","27.11","","","","","","","","","","","","","","","","",""
"8901450015076","33072000","DENVER HONOUR HAMILTON","80","66","55","16.67","20","14","11","","","","","","","","","","","","","","","","",""
"","33072000","DENVER HONOUR HAMILTON 50 ML","80","66","17.5","73.48","277.14","14","48.5","","","","","","","","","","","","","","","","",""
"8901450011993","33072000","DENVER IMPERIAL HAMILTON 50 ML","80","66","55","16.67","20","14","11","","","","","","","","","","","","","","","","",""
"","","DENVER MEN BOSY SOAP 125 G","180","170","123.64","27.27","37.5","10","46.36","","","","","","","","","","","","","","","","",""
"8901450004674","33072000","DENVER ORIGINAL BLACK.CODE 50 ML","80","66","55","16.67","20","14","11","","","","","","","","","","","","","","","","",""
"","","DENVER POWDER 100 G","99","99","85.49","13.65","15.8","0","13.51","","","","","","","","","","","","","","","","",""
"","33072000","DENVER PRIDE HAMILTON 50 ML","0","0","","0","0","0","0","","","","","","","","","","","","","","","","",""
"8901450011399","33030010","DENVER SPORTING CLUB 60 ML","399","271.32","226.1","16.67","20","127.68","45.22","","","","","","","","","","","","","","","","",""
"8904482801891","33074900","DENVER SPORTING CLUB VICTOR 150 ML","230","159.47","132.89","16.67","20","70.53","26.58","","","","","","","","","","","","","","","","",""
"8901450015519","33030090","DENVER VICTOR 60 ML","399","271.32","226.1","16.67","20","127.68","45.22","","","","","","","","","","","","","","","","",""
"8901248164276","33049190","DERMI COOL 150 g","159","150","135.87","9.42","10.4","9","14.13","","","","","","","","","","","","","","","","",""
"8901248164252","33049190","DERMI COOL 50 g","55","55","47","14.55","17.02","0","8","","","","","","","","","","","","","","","","",""
"8901396350101","34013090","DETTOL  60 ML","41.49","40","36.33","9.18","10.1","1.49","3.67","","","","","","","","","","","","","","","","",""
"8901396603054","30049087","DETTOL 180 ML 1+1 FREE","99","95","86.54","8.91","9.78","4","8.46","","","","","","","","","","","","","","","","",""
"8901396602460","34011190","DETTOL 45 G","10","10","0","100","0","0","10","","","","","","","","","","","","","","","","",""
"8901396350200","30049099","DETTOL ANTISEPTIC 125 ML","83","80","0","100","0","3","80","","","","","","","","","","","","","","","","",""
"","","DETTOL COOL SET 4 + 1 FREE","182","182","168.51","7.41","8.01","0","13.49","","","","","","","","","","","","","","","","",""
"8901396389675","34013090","DETTOL HW 650 ML","99","95","85.75","9.74","10.79","4","9.25","","","","","","","","","","","","","","","","",""
"","","DETTOL ORIGINAL SET  4 + 1 FREE","182","182","168.51","7.41","8.01","0","13.49","","","","","","","","","","","","","","","","",""
"8901396324584","34013019","DETTOL ORIGINAL200 ML","99","95","86.58","8.86","9.73","4","8.42","","","","","","","","","","","","","","","","",""
"8901396389163","3402","DETTOL POWDER TO LIQUID 8 G","10","10","9","10","11.11","0","1","","","","","","","","","","","","","","","","",""
"8901396602361","38089400","DETTOL SANITIZER 47 ML","30","30","0","100","0","0","30","","","","","","","","","","","","","","","","",""
"8901396602156","34011190","DETTOL SKINCARE  400 G","154","150","139","7.33","7.91","4","11","","","","","","","","","","","","","","","","",""
"","","DF BUTTERSCOTCH 700 ML","125","125","103.81","16.95","20.41","0","21.19","","","","","","","","","","","","","","","","",""
"","","DF CHOCOCHIPS 700 ML","145","145","118.63","18.19","22.23","0","26.37","","","","","","","","","","","","","","","","",""
"","","DF MANGO 700 ML","135","135","111.23","17.61","21.37","0","23.77","","","","","","","","","","","","","","","","",""
"","","DF VANILLA 700 ML","105","105","73.5","30","42.86","0","31.5","","","","","","","","","","","","","","","","",""
"","","DHOKA 100 G","35","35","14.96","57.26","133.96","0","20.04","","","","","","","","","","","","","","","","",""
"8904250312970","33074100","DHOOP CONES","90","72","52","27.78","38.46","18","20","","","","","","","","","","","","","","","","",""
"8901764061257","22021090","DIET COKE CAN 300 ML","40","40","36.7","8.25","8.99","0","3.3","","","","","","","","","","","","","","","","",""
"","407","DIM","7","6","5","16.67","20","1","1","","","","","","","","","","","","","","","","",""
"8906007971713","21031000","DIPTIPS SOYA SAUCE 90 G","25","24","20","16.67","20","1","4","","","","","","","","","","","","","","","","",""
"","","DISC CHOCO BROWNIE CORNETTO72 G","60","","44.38","0","20","100","-44.38","","","","","","","","","","","","","","","","",""
"","8062010","DO DO KISHMISH 500 G","260","260","240","7.69","8.33","0","20","","","","","","","","","","","","","","","","",""
"","28289011","DOLPHIN  BLEACHIN POWDER 500 G","55","34","28.39","16.5","19.76","21","5.61","","","","","","","","","","","","","","","","",""
"8939112735536","38089990","DOLPHIN HERBAL PHENYIL 500 ML","70","50","39.83","20.34","25.53","20","10.17","","","","","","","","","","","","","","","","",""
"8939112735840","34029051","DOLPHIN LIME FTESH 500 ML","85","50","41.53","16.94","20.39","35","8.47","","","","","","","","","","","","","","","","",""
"","29029040","DOLPHIN NAPHTHALENE  100 G","50","30","25","16.67","20","20","5","","","","","","","","","","","","","","","","",""
"8939112735086","38089990","DOLPHIN PHENYLE  450 ML","85","50","39.83","20.34","25.53","35","10.17","","","","","","","","","","","","","","","","",""
"8939112735222","3206","DOLPHIN UJJALA WHITE 500 ML","67","40","33.05","17.38","21.03","27","6.95","","","","","","","","","","","","","","","","",""
"8939116055074","19059010","DONUT CAKE 50 G","20","20","17.5","12.5","14.29","0","2.5","","","","","","","","","","","","","","","","",""
"8909106042834","33059090","DOVE CONDITIONER 7 ML","4","4","3.03","24.25","32.01","0","0.97","","","","","","","","","","","","","","","","",""
"8909106019683","33051090","DOVE DAILY SHINE BIO PROTEIN  CARE 175 ML","285","260","230.27","11.43","12.91","25","29.73","","","","","","","","","","","","","","","","",""
"8909106035690","33051090","DOVE DAILY SHINE BIO-PROTEIN CARE BIG SHAMPOO 340 ML","435","400","351.46","12.14","13.81","35","48.54","","","","","","","","","","","","","","","","",""
"8909106035751","33051090","DOVE DAILY SHINE BIO-PROTEIN CARE MID SHAMPOO 180 ML","172","160","135.8","15.13","17.82","12","24.2","","","","","","","","","","","","","","","","",""
"8909106036055","33051090","DOVE DAILY SHINE SMALL SHAMPOO 75 MKL","60","55","47.4","13.82","16.03","5","7.6","","","","","","","","","","","","","","","","",""
"8901030873218","34013019","DOVE DEEP MOISTURE BODY WASH 250 ML","155","125","103.59","17.13","20.67","30","21.41","","","","","","","","","","","","","","","","",""
"8909106035775","33051090","DOVE DRYNESS CARE BIO-PROTEIN  MID SHAMPOO 180 ML","172","160","135.88","15.08","17.75","12","24.12","","","","","","","","","","","","","","","","",""
"8909106035706","33051090","DOVE DRYNESS CARE BIO-PROTEIN BIG SHAMPOO 340 ML","435","400","351.46","12.14","13.81","35","48.54","","","","","","","","","","","","","","","","",""
"8909106036079","33051090","DOVE DRYNESS CARE BIO-PROTEIN SMALL SHAMPOO 75 ML","60","55","47.4","13.82","16.03","5","7.6","","","","","","","","","","","","","","","","",""
"8909106045125","33073000","DOVE EXFOLIATING BODY WASH 300 ML","225","190","162.49","14.48","16.93","35","27.51","","","","","","","","","","","","","","","","",""
"8901030670428","33059090","DOVE GLYCOLIC + HHYDRATION SHAMPOO 175 ML","177","165","139.83","15.25","18","12","25.17","","","","","","","","","","","","","","","","",""
"8909106000339","33059090","DOVE GLYCOLIC + HHYDRATION SHAMPOO 180 ML","299","280","241.58","13.72","15.9","19","38.42","","","","","","","","","","","","","","","","",""
"8909106035843","33051090","DOVE HAIR FALL RESCUE BIG PROTEIN 650 ML","970","650","544.25","16.27","19.43","320","105.75","","","","","","","","","","","","","","","","",""
"8909106035683","33051090","DOVE HAIR FALL RESCUE BIG SHAMPOO 340 ML","435","400","351.46","12.14","13.81","35","48.54","","","","","","","","","","","","","","","","",""
"8909106019706","33051090","DOVE HAIR FALL RESCUE BIO PROTEIN CARE 175 ML","285","270","230.27","14.71","17.25","15","39.73","","","","","","","","","","","","","","","","",""
"8909106035744","33051090","DOVE HAIR FALL RESCUE MID SHAPOO 180 ML","172","160","135.88","15.08","17.75","12","24.12","","","","","","","","","","","","","","","","",""
"8909106072633","33051090","DOVE HAIR FALL RESCURE 6 ML","2","2","1.47","26.5","36.05","0","0.53","","","","","","","","","","","","","","","","",""
"8909106036048","33051090","DOVE HAIR RESCUE SMALL SHAMPOO 75 ML","60","55","47.4","13.82","16.03","5","7.6","","","","","","","","","","","","","","","","",""
"8909106019751","33051090","DOVE INTENSE REPAIR BIO - PROTEIN SMALL CARE 75 ML","120","110","96.95","11.86","13.46","10","13.05","","","","","","","","","","","","","","","","",""
"8909106019690","33051090","DOVE INTENSE REPAIR BIO - PROTEINN CARE 175 ML","285","270","230.27","14.71","17.25","15","39.73","","","","","","","","","","","","","","","","",""
"8909106035768","33051090","DOVE INTENSE REPAIR SHAMPOO MID 180 ML","172","160","135.88","15.08","17.75","12","24.12","","","","","","","","","","","","","","","","",""
"8909106036062","33051090","DOVE INTENSE REPAIR SHAMPOO SMALL 75 ML","60","55","47.4","13.82","16.03","5","7.6","","","","","","","","","","","","","","","","",""
"8909106045118","33051090","DOVE NOURISHING BODY WASH 300 ML","185","150","130.53","12.98","14.92","35","19.47","","","","","","","","","","","","","","","","",""
"8909106037502","33051090","DOVE PEPTIDE BOND STRENGTH BIO - PROTEIN CARE 175 ML","328","310","265.16","14.46","16.91","18","44.84","","","","","","","","","","","","","","","","",""
"8901030795589","34011190","DOVE SERUM BAR  100 G","58","58","51.97","10.4","11.6","0","6.03","","","","","","","","","","","","","","","","",""
"8901030712999","34011190","DOVE SERUM BAR  50 G","25","23","20.23","12.04","13.69","2","2.77","","","","","","","","","","","","","","","","",""
"8909106041868","34011190","DOVE SERUM BAR  75 G","40","40","34.74","13.15","15.14","0","5.26","","","","","","","","","","","","","","","","",""
"","","DOVE SERUM BAR 25 G","15","15","13.88","7.47","8.07","0","1.12","","","","","","","","","","","","","","","","",""
"8721274500158","21069099","DRY FRUIT SHAHI RABDRI  50 ML","30","28","23.83","14.89","17.5","2","4.17","","","","","","","","","","","","","","","","",""
"","8041020","DUBAI DATES 500 G","299","210","155","26.19","35.48","89","55","","","","","","","","","","","","","","","","",""
"5000394182349","85068090","DURACELL 2X LONGER-LASTINC","25","25","16.66","33.36","50.06","0","8.34","","","","","","","","","","","","","","","","",""
"8906100180210","96031000","EAZO GRASS BROOM","115","90","63","30","42.86","25","27","","","","","","","","","","","","","","","","",""
"8908018331005","39232100","ELEFANT DAILY JUMBO DAILY USE GARBAGE BAGS","120","120","110","8.33","9.09","0","10","","","","","","","","","","","","","","","","",""
"8908018331029","39232100","ELEFANT DAILY MEDIUM DAILY USE GARBAGE BAGS","70","70","65","7.14","7.69","0","5","","","","","","","","","","","","","","","","",""
"8901248257312","33059011","EMAMI 7 IN ONE  50 ML","39","35","30.54","12.74","14.6","4","4.46","","","","","","","","","","","","","","","","",""
"8901248257329","33059011","EMAMI 7 IN ONE 100 ML","57","55","49.74","9.56","10.57","2","5.26","","","","","","","","","","","","","","","","",""
"8901248253543","33049910","EMAMI FAIR AND HANDSOME 100 G","220","210","191.99","8.58","9.38","10","18.01","","","","","","","","","","","","","","","","",""
"8901248253536","33049910","EMAMI SMART AND HANDSOME 30 G","95","90","82.91","7.88","8.55","5","7.09","","","","","","","","","","","","","","","","",""
"8901248253536","33049910","EMAMI SMART AND HANDSOME FOR MEN 18 G","40","40","34.91","12.73","14.58","0","5.09","","","","","","","","","","","","","","","","",""
"","","EMBAKE BISCUITS 40","40","40","34","15","17.65","0","6","","","","","","","","","","","","","","","","",""
"8905110008637","33072000","ENGAGE  MAN M2 PERFUME SPRAY 45 ML","110","80","65.04","18.7","23","30","14.96","","","","","","","","","","","","","","","","",""
"8905110008484","33030090","ENGAGE MAN AMBER HUES 25 ML","249","150","129.91","13.39","15.46","99","20.09","","","","","","","","","","","","","","","","",""
"8905110008620","33072000","ENGAGE MAN M1 PERFUME SPRAY 45 ML","110","80","65.04","18.7","23","30","14.96","","","","","","","","","","","","","","","","",""
"8905110011149","33072000","ENGAGE MAN MATE 150 ML","225","170","139.88","17.72","21.53","55","30.12","","","","","","","","","","","","","","","","",""
"8905110011156","33072000","ENGAGE MAN OUDH RUSH 150 ML","225","170","139.88","17.72","21.53","55","30.12","","","","","","","","","","","","","","","","",""
"8905110011132","33071010","ENGAGE MAN URGE 150 ML","225","170","139.88","17.72","21.53","55","30.12","","","","","","","","","","","","","","","","",""
"8905110007951","3303","ENGAGE PERFUME SPRAY W4","320","290","213.66","26.32","35.73","30","76.34","","","","","","","","","","","","","","","","",""
"8905110006046","33030090","ENGAGE VERONA WOMAN 100 ML","649","550","451","18","21.95","99","99","","","","","","","","","","","","","","","","",""
"8901725959005","330300","ENGAGE W1 FLORAL MUSKY 120 ML","230","150","130","13.33","15.38","80","20","","","","","","","","","","","","","","","","",""
"8901725959104","330300","ENGAGE W2 FLORAL FRUITY 120 ML","230","150","130","13.33","15.38","80","20","","","","","","","","","","","","","","","","",""
"8901725959203","330300","ENGAGE W3 CITRUS AROMATIC 120 ML","230","150","130","13.33","15.38","80","20","","","","","","","","","","","","","","","","",""
"8905110008583","3303","ENGAGE WOMAN PERFUME SPRAY W1 45 ML","110","90","65.04","27.73","38.38","20","24.96","","","","","","","","","","","","","","","","",""
"8901725951306","3303","ENGAGE WOMEN  DRIZZLE 150 ML","220","150","122.05","18.63","22.9","70","27.95","","","","","","","","","","","","","","","","",""
"8901725951009","3303","ENGAGE WOMEN BLUSH 150 ML","220","150","122.05","18.63","22.9","70","27.95","","","","","","","","","","","","","","","","",""
"8901725951108","3303","ENGAGE WOMEN SPELL 150 G","220","150","122.05","18.63","22.9","70","27.95","","","","","","","","","","","","","","","","",""
"8901725951207","33072000","ENGAGE WOMEN TEASE 150 ML","220","150","122.05","18.63","22.9","70","27.95","","","","","","","","","","","","","","","","",""
"8905110008590","33074900","ENGAGE WOMEN W2 45 ML","110","75","65.04","13.28","15.31","35","9.96","","","","","","","","","","","","","","","","",""
"","","ENGAGR VIBES PERFUME SET WOMEN","550","449","334.78","25.44","34.12","101","114.22","","","","","","","","","","","","","","","","",""
"8906020930094","27101972","ENGINE M. OIL 1 L","210","190","180","5.26","5.56","20","10","","","","","","","","","","","","","","","","",""
"8906020930117","27101972","ENGINE M. OIL 200 ML","55","50","40","20","25","5","10","","","","","","","","","","","","","","","","",""
"8906020930100","27101972","ENGINE M. OIL 500 ML","115","105","91.83","12.54","14.34","10","13.17","","","","","","","","","","","","","","","","",""
"8906020930124","27101972","ENGINE MOSTER OIL 1 L","260","195","187","4.1","4.28","65","8","","","","","","","","","","","","","","","","",""
"8901571013340","30049011","ENO POWDER JEERA &AJWAIN 5 G","10","10","7.04","29.6","42.05","0","2.96","","","","","","","","","","","","","","","","",""
"8901571006854","30049011","ENO POWDER LEMON 5 G","10","10","8.33","16.7","20.05","0","1.67","","","","","","","","","","","","","","","","",""
"8901571006885","30049011","ENO POWDER ORANGE 5 G","10","10","7.42","25.8","34.77","0","2.58","","","","","","","","","","","","","","","","",""
"8901691000824","850610","EVEREADY  AAA1012","18","18","16.03","10.94","12.29","0","1.97","","","","","","","","","","","","","","","","",""
"8901691000633","8506","EVEREADY AA1015","18","18","11","38.89","63.64","0","7","","","","","","","","","","","","","","","","",""
"8901786090501","9109100","EVEREST CHHOLE MASALA 50 G","46","45","38.7","14","16.28","1","6.3","","","","","","","","","","","","","","","","",""
"8901786430512","9092200","EVEREST CORIANDER 50 G","20","20","16.7","16.5","19.76","0","3.3","","","","","","","","","","","","","","","","",""
"8901786241019","9093200","EVEREST CUMIN 100 g","91","85","76.5","10","11.11","6","8.5","","","","","","","","","","","","","","","","",""
"38621400620","9042211","EVEREST KASHMIRI LAL 8G","10","10","8","20","25","0","2","","","","","","","","","","","","","","","","",""
"8901786410507","9042211","EVEREST KASHMIRILAL 50 G","55","50","44","12","13.64","5","6","","","","","","","","","","","","","","","","",""
"38619762161","9109100","EVEREST SHAHI BRIYANI MASALA 8G","10","10","8.4","16","19.05","0","1.6","","","","","","","","","","","","","","","","",""
"8901786530502","9109100","EVEREST SHAHI PANEER  MASALA 50 G","52","50","43.7","12.6","14.42","2","6.3","","","","","","","","","","","","","","","","",""
"8901786390519","9042211","EVEREST TIKHALAL 50 G","27","25","22.5","10","11.11","2","2.5","","","","","","","","","","","","","","","","",""
"8901786421015","9103030","EVEREST TURMERIC 100 G","46","45","38.3","14.89","17.49","1","6.7","","","","","","","","","","","","","","","","",""
"8901786420513","9103030","EVEREST TURMERIC 50 G","23","22","19.15","12.95","14.88","1","2.85","","","","","","","","","","","","","","","","",""
"4987176268693","850980","EVERYDAY CARE ORAL B","35","35","0","100","0","0","35","","","","","","","","","","","","","","","","",""
"8902102164036","96039000","EXO  BACTO SCRUB","10","10","8","20","25","0","2","","","","","","","","","","","","","","","","",""
"8902102164555","3401","EXO ANTI-BACTERIAL 90 G","10","10","8","20","25","0","2","","","","","","","","","","","","","","","","",""
"8902102164173","19059030","EXO FAMILY HEALTHY FAMILY  11 G","15","15","12","20","25","0","3","","","","","","","","","","","","","","","","",""
"8902102164692","3405","EXO ROUND 200 G","20","20","17","15","17.65","0","3","","","","","","","","","","","","","","","","",""
"8902102163633","34054000","EXO ROUND 500 G","60","58","52","10.34","11.54","2","6","","","","","","","","","","","","","","","","",""
"8909106049673","33049910","FAIR & LOVELY MULTI VITAMIN SERUM IN CREAM 25 G","72","70","64.8","7.43","8.02","2","5.2","","","","","","","","","","","","","","","","",""
"8906010015480","76071995","FALCON ALUMINIUM FOIL 9 METER","120","80","52","35","53.85","40","28","","","","","","","","","","","","","","","","",""
"8901764022906","22021010","FANTA 2.25 L","100","100","91.77","8.23","8.97","0","8.23","","","","","","","","","","","","","","","","",""
"8901764022609","22021010","FANTA 400 ML","20","20","18","10","11.11","0","2","","","","","","","","","","","","","","","","",""
"8901764022883","22021010","FANTA 740  ML","35","35","0","100","0","0","35","","","","","","","","","","","","","","","","",""
"89000571","22021010","FANTA 750 ML","30","30","27","10","11.11","0","3","","","","","","","","","","","","","","","","",""
"8904365700884","11081910","FARM B SAGOO","49","45","38","15.56","18.42","4","7","","","","","","","","","","","","","","","","",""
"8904365700877","11081910","FARM B SAGOO 450 G","99","95","76","20","25","4","19","","","","","","","","","","","","","","","","",""
"8904365700945","11031110","FARRM B DALIYA 300 G","55","50","42","16","19.05","5","8","","","","","","","","","","","","","","","","",""
"8904365700938","11031110","FARRM B DALIYA 500 G","85","75","65","13.33","15.38","10","10","","","","","","","","","","","","","","","","",""
"8904365700433","10082920","FARRMB BAJRA FLOUR 500 G","60","55","48","12.73","14.58","5","7","","","","","","","","","","","","","","","","",""
"8904365700716","11022000","FARRMB CORN FLOUR 100 G","25","24","19","20.83","26.32","1","5","","","","","","","","","","","","","","","","",""
"8904365700914","11029090","FARRMB GOLDEN KESHARI SOOJI 500 G","55","50","42","16","19.05","5","8","","","","","","","","","","","","","","","","",""
"8904365700440","11029090","FARRMB JOWAR FLOUR 500 G","60","55","48","12.73","14.58","5","7","","","","","","","","","","","","","","","","",""
"8904365700006","11041200","FARRMB ORIGINAL OATS 450 G","130","110","95","13.64","15.79","20","15","","","","","","","","","","","","","","","","",""
"","","FATA BISCUITS 60","60","55","44","20","25","5","11","","","","","","","","","","","","","","","","",""
"846656005668","22029920","FAZLEE MANGO 250 ML","20","20","17","15","17.65","0","3","","","","","","","","","","","","","","","","",""
"8909106045071","18069010","FEAST CHOCOLATE 70 ML","35","35","28.25","19.29","23.89","0","6.75","","","","","","","","","","","","","","","","",""
"8000500313183","18069010","FERRERO ROCHER 100 G","319","310","285","8.06","8.77","9","25","","","","","","","","","","","","","","","","",""
"8000500126936","18069010","FERRERO ROCHER 50 G","169","160","148","7.5","8.11","9","12","","","","","","","","","","","","","","","","",""
"","","FERRERO ROCHER MOMENTS 92.8 G","269","","240","0","20","100","-240","","","","","","","","","","","","","","","","",""
"8905110001720","3401","FIAMA BLACKCURRENT& BEARBERRY 75GM","35","35","31.11","11.11","12.5","0","3.89","","","","","","","","","","","","","","","","",""
"","","FIAMA CELEBRATIONS GEL BAR FAMILY PACK","329","310","255.88","17.46","21.15","19","54.12","","","","","","","","","","","","","","","","",""
"","","FIAMA GEL BAR FOREVER CELEBRATION 3 GEL BARS","186","180","144.66","19.63","24.43","6","35.34","","","","","","","","","","","","","","","","",""
"8905110007203","34011190","FIAMA GEL BAR PEACH & AVOCADO 75G","35","35","31.11","11.11","12.5","0","3.89","","","","","","","","","","","","","","","","",""
"8905110008842","34011190","FIAMA MEN SHOWER GEL  DC 450 ML","299","170","135.91","20.05","25.08","129","34.09","","","","","","","","","","","","","","","","",""
"8905110001737","340130","FIAMA SHOWER GEL B&B","60","50","40.36","19.28","23.89","10","9.64","","","","","","","","","","","","","","","","",""
"8905110009085","33073090","FIAMA SHOWER GEL L&J 250 ML","199","150","120.3","19.8","24.69","49","29.7","","","","","","","","","","","","","","","","",""
"8905110005865","33073090","FIAMA SHOWER GEL P&M 250 ML","199","150","120.3","19.8","24.69","49","29.7","","","","","","","","","","","","","","","","",""
"8901725928179","33073090","FIAMA SHOWER GELL B & B 450 ML","299","200","135.91","32.05","47.16","99","64.09","","","","","","","","","","","","","","","","",""
"8905110009092","33079090","FIAMA SHOWER L & J 450 ML","299","200","135.91","32.05","47.16","99","64.09","","","","","","","","","","","","","","","","",""
"8905110009047","34011190","FIMA GOLDEN SANDALWOOD OIL & PATCHOULI 75 G","35","35","31.11","11.11","12.5","0","3.89","","","","","","","","","","","","","","","","",""
"8906100180951","96039000","FLOOR CLEANING POCHA","60","50","30","40","66.67","10","20","","","","","","","","","","","","","","","","",""
"","49030020","FLOWER COLORING BOOK","210","180","149","17.22","20.81","30","31","","","","","","","","","","","","","","","","",""
"8904238301002","33072000","FOGG AMAZE 25 ML","85","75","60","20","25","10","15","","","","","","","","","","","","","","","","",""
"8904238303365","33072000","FOGG BLACK DARK NIGHT 120 ML","299","265","231.11","12.79","14.66","34","33.89","","","","","","","","","","","","","","","","",""
"8904238303303","33072000","FOGG BLACK SECRET EVENING 120 ML","299","265","231.11","12.79","14.66","34","33.89","","","","","","","","","","","","","","","","",""
"8904238303334","33072000","FOGG BLACK YOU TURN  120 ML","299","265","231.11","12.79","14.66","34","33.89","","","","","","","","","","","","","","","","",""
"8904238301026","33072000","FOGG CHARM 25 ML","85","75","60","20","25","10","15","","","","","","","","","","","","","","","","",""
"8908001158343","33072000","FOGG ESSENCE 120 ML","225","180","152.61","15.22","17.95","45","27.39","","","","","","","","","","","","","","","","",""
"8908001158541","33072000","FOGG FRESH AROMATIC 120 ML","275","210","172.39","17.91","21.82","65","37.61","","","","","","","","","","","","","","","","",""
"8908001158565","33072000","FOGG FRESH WOODY 120 ML","275","210","172.39","17.91","21.82","65","37.61","","","","","","","","","","","","","","","","",""
"8908001158305","33072000","FOGG MARCO 120 ML","225","185","152.61","17.51","21.22","40","32.39","","","","","","","","","","","","","","","","",""
"8904238301415","33072000","FOGG MASTER AGAR 120 ML","250","205","173.91","15.17","17.88","45","31.09","","","","","","","","","","","","","","","","",""
"8904238301392","33072000","FOGG MASTER CEDAR 120 ML","250","205","173.91","15.17","17.88","45","31.09","","","","","","","","","","","","","","","","",""
"8904238301422","33072000","FOGG MASTER OAK 120 ML","250","205","173.91","15.17","17.88","45","31.09","","","","","","","","","","","","","","","","",""
"8904238301408","33072000","FOGG MASTERFOGG MASTER PINE 120 ML","250","205","1733.91","-745.81","-88.18","45","-1528.91","","","","","","","","","","","","","","","","",""
"8908001158244","33072000","FOGG NAPOLEON  120 ML","225","185","152.61","17.51","21.22","40","32.39","","","","","","","","","","","","","","","","",""
"8904238303006","33072000","FOGG NEU COOL ORIENTAL 120 ML","249","210","177.54","15.46","18.28","39","32.46","","","","","","","","","","","","","","","","",""
"8904238303075","33072000","FOGG NEU FRESH CITRUS 120 ML","249","210","177.54","15.46","18.28","39","32.46","","","","","","","","","","","","","","","","",""
"8904238303020","33072000","FOGG NEU INTENSE COLOGNE 120 ML","249","210","177.54","15.46","18.28","39","32.46","","","","","","","","","","","","","","","","",""
"8904238303082","33072000","FOGG NEU SMOOTH FOUGERE 120 ML","249","210","177.54","15.46","18.28","39","32.46","","","","","","","","","","","","","","","","",""
"8904238301125","33072000","FOGG NICE 25 ML","85","70","60","14.29","16.67","15","10","","","","","","","","","","","","","","","","",""
"8908001158350","33072000","FOGG PARADISE 120 ML","225","185","152.61","17.51","21.22","40","32.39","","","","","","","","","","","","","","","","",""
"8904238301019","33072000","FOGG RELISH 25 ML","85","70","60","14.29","16.67","15","10","","","","","","","","","","","","","","","","",""
"8908001158312","33072000","FOGG ROYAL 120 ML","225","185","152.61","17.51","21.22","40","32.39","","","","","","","","","","","","","","","","",""
"8904238300135","33072000","FOGG SCENT BEUTIFUL SECRET WOMEN 100 ML","650","455","285.01","37.36","59.64","195","169.99","","","","","","","","","","","","","","","","",""
"8904238300326","33072000","FOGG SCENT DISCOVER 50 ML30","399","279","174","37.63","60.34","120","105","","","","","","","","","","","","","","","","",""
"8904238300128","33072000","FOGG SCENT I AM QUEEN WOMEN 100 ML","650","455","285.01","37.36","59.64","195","169.99","","","","","","","","","","","","","","","","",""
"8904238301989","33072000","FOGG SCENT IMPRESSIO 50 ML","399","279","174","37.63","60.34","120","105","","","","","","","","","","","","","","","","",""
"8904238300074","33072000","FOGG SCENT IMPRESSION 100 ML","650","455","285.01","37.36","59.64","195","169.99","","","","","","","","","","","","","","","","",""
"8904238300111","33072000","FOGG SCENT MAKE MY DAY WOMEN 100 ML","650","455","285.01","37.36","59.64","195","169.99","","","","","","","","","","","","","","","","",""
"8904238300371","33072000","FOGG SCENT TRUMP 50 ML","399","279","174","37.63","60.34","120","105","","","","","","","","","","","","","","","","",""
"8904238300340","33072000","FOGG SCENT TUXEDO 50 ML","399","279","174","37.63","60.34","120","105","","","","","","","","","","","","","","","","",""
"8904238300081","33072000","FOGG SCENT XPRESSIO 100 ML","650","455","285.01","37.36","59.64","195","169.99","","","","","","","","","","","","","","","","",""
"8904238301996","33072000","FOGG SCENT XPRESSIO 50 ML","399","279","174","37.63","60.34","120","105","","","","","","","","","","","","","","","","",""
"8904238300104","33072000","FOGG SCENT XTREMO 100 ML","650","455","285.01","37.36","59.64","195","169.99","","","","","","","","","","","","","","","","",""
"8904238302016","33072000","FOGG SCENT XTREMO 50 ML","399","279","174","37.63","60.34","120","105","","","","","","","","","","","","","","","","",""
"8906007285001","11061000","FORTUNE BESAN 200G","35","30","21.33","28.9","40.65","5","8.67","","","","","","","","","","","","","","","","",""
"8906007285018","11061000","FORTUNE BESAN 500 G","85","63","52.38","16.86","20.27","22","10.62","","","","","","","","","","","","","","","","",""
"8906007283205","10063020","FORTUNE BIRYANI SPECIAL BASMATI RICE 1 KG","210","160","133.33","16.67","20","50","26.67","","","","","","","","","","","","","","","","",""
"8906007289085","11010000","FORTUNE CHAKKI ATTA 5 KG","270","255","213.33","16.34","19.53","15","41.67","","","","","","","","","","","","","","","","",""
"8906007289139","11010000","FORTUNE CHAKKI FRESH ATTA 1 KG","54","50","42.38","15.24","17.98","4","7.62","","","","","","","","","","","","","","","","",""
"8906007287012","10063020","FORTUNE EVERDAY BASMATI RICE FULL GRAIN 1 KG","169","125","106.67","14.66","17.18","44","18.33","","","","","","","","","","","","","","","","",""
"8906007280952","15149120","FORTUNE KACHI GHANI  MUSTARD OIL 1L","210","175","161","8","8.7","35","14","","","","","","","","","","","","","","","","",""
"8906008811568","11010000","FORTUNE MAIDA 1 KG","74","65","49","24.62","32.65","9","16","","","","","","","","","","","","","","","","",""
"8906008811117","11010000","FORTUNE MAIDA 500 G","44","30","23.81","20.63","26","14","6.19","","","","","","","","","","","","","","","","",""
"8906007287395","2106","FORTUNE MINI SOYA CHUNKS 47 G","10","10","7.8","22","28.21","0","2.2","","","","","","","","","","","","","","","","",""
"","1006","FORTUNE MINIKIT 1 KG","60","60","0","100","0","0","60","","","","","","","","","","","","","","","","",""
"","1006","FORTUNE MINIKIT 500G","30","30","0","100","0","0","30","","","","","","","","","","","","","","","","",""
"8906008813043","1006","FORTUNE MINIKIT RICE 10 KG","850","625","571.43","8.57","9.37","225","53.57","","","","","","","","","","","","","","","","",""
"8906007280921","15149120","FORTUNE MUSTER OIL 182 G","49","41","34.76","15.22","17.95","8","6.24","","","","","","","","","","","","","","","","",""
"8906007280945","15149120","FORTUNE MUSTER OIL 455 G","124","95","82.85","12.79","14.67","29","12.15","","","","","","","","","","","","","","","","",""
"8906007280969","15149120","FORTUNE MUSTER OIL 910 G","215","170","161.9","4.76","5","45","8.1","","","","","","","","","","","","","","","","",""
"8906008819779","15159040","FORTUNE PHYSICALLY REFINED RICE BRAN OIL 750 G","155","140","119.04","14.97","17.61","15","20.96","","","","","","","","","","","","","","","","",""
"8906008812817","11041900","FORTUNE POHA - THINC 500 G","60","45","38.1","15.33","18.11","15","6.9","","","","","","","","","","","","","","","","",""
"8906007283144","21061000","FORTUNE SOYA CHUNK 200 G","47","40","34.23","14.43","16.86","7","5.77","","","","","","","","","","","","","","","","",""
"8906007283120","21061000","FORTUNE SOYA CHUNKS 1KG","169","130","100","23.08","30","39","30","","","","","","","","","","","","","","","","",""
"8906007283113","21061000","FORTUNE SOYA CHUNKS 47 G","10","10","7.8","22","28.21","0","2.2","","","","","","","","","","","","","","","","",""
"8906008818611","15079090","FORTUNE SOYA HEALTH 750 G","155","128","135","-5.47","-5.19","27","-7","","","","","","","","","","","","","","","","",""
"8906007280020","15079010","FORTUNE SOYABEAN OIL 400 G","92","80","80","0","0","12","0","","","","","","","","","","","","","","","","",""
"8906007283090","21061000","FORTUNE SOYS CHUNK MINI 200 g","47","40","36","10","11.11","7","4","","","","","","","","","","","","","","","","",""
"8906008811483","1701","FORTUNE SUGAR 1 KG","75","60","52.38","12.7","14.55","15","7.62","","","","","","","","","","","","","","","","",""
"","","FORTUNE SUJI 200 G","20","20","0","100","0","0","20","","","","","","","","","","","","","","","","",""
"8906008811131","11031120","FORTUNE SUJI 500 G","45","30","26","13.33","15.38","15","4","","","","","","","","","","","","","","","","",""
"8906007280242","15121910","FORTUNE SUN LITE REFINED 800 G","195","160","150.47","5.96","6.33","35","9.53","","","","","","","","","","","","","","","","",""
"8906008815160","713","FORTUNE UNPOLISHED ARHAR DAL 500g","125","85","70","17.65","21.43","40","15","","","","","","","","","","","","","","","","",""
"8906008815214","7134000","FORTUNE UNPOLISHED MASOOR MALKA BIG 500G","83","60","48.5","19.17","23.71","23","11.5","","","","","","","","","","","","","","","","",""
"8906008815290","7134000","FORTUNE UNPOLISHED MOONG DAL  500 G","100","75","61.5","18","21.95","25","13.5","","","","","","","","","","","","","","","","",""
"8906008815313","7133100","FORTUNE UNPOLISHED SONA MOONG DAL 500 GM","125","100","87.5","12.5","14.29","25","12.5","","","","","","","","","","","","","","","","",""
"8906007286039","7132000","FORTUNE UNPOLSIHED CHANA DAL 500 G","79","65","50","23.08","30","14","15","","","","","","","","","","","","","","","","",""
"","","FRUIT BUN","10","10","9","10","11.11","0","1","","","","","","","","","","","","","","","","",""
"","","FRUITS BREAD","40","40","32","20","25","0","8","","","","","","","","","","","","","","","","",""
"8906005508379","1905","FUN KEEN 35 G","10","10","8.5","15","17.65","0","1.5","","","","","","","","","","","","","","","","",""
"","7129020","GARLIC POEDWR BOTTLE 120 G","159","110","74","32.73","48.65","49","36","","","","","","","","","","","","","","","","",""
"","7129020","GARLIC POWDER POUCH 50 G","220","110","60","45.45","83.33","110","50","","","","","","","","","","","","","","","","",""
"","","GARNIER BRIGHT COMPLETE VITAMIN C 45 G","319","","241","0","20","100","-241","","","","","","","","","","","","","","","","",""
"4902430722193","33071010","GILLETTE FOAM REGULAR 50 G","95","90","78.89","12.34","14.08","5","11.11","","","","","","","","","","","","","","","","",""
"4987176150950","82121010","GILLETTE GUARD  7 UP TO SHAVES","25","20","20","0","0","5","0","","","","","","","","","","","","","","","","",""
"4987176280596","82122011","GILLETTE GUARD  SHAVES BLADE","15","14","11","21.43","27.27","1","3","","","","","","","","","","","","","","","","",""
"4987176355751","82122011","GILLETTE GUARD 3 IN 1","125","120","100","16.67","20","5","20","","","","","","","","","","","","","","","","",""
"","","GILLETTE GUARD 3 IN A BLED","99","95","85","10.53","11.76","4","10","","","","","","","","","","","","","","","","",""
"4987176332592","82121010","GILLETTE GUARD 7 UP TO SHAVES","25","28","16","42.86","75","-3","12","","","","","","","","","","","","","","","","",""
"","","GILLETTE LIME SHAVING CREAM 70 G","71","71","63","11.27","12.7","0","8","","","","","","","","","","","","","","","","",""
"4987176150578","33071010","GILLETTE REGULAR SHAVING CREAM  70 G","71","70","55.78","20.31","25.49","1","14.22","","","","","","","","","","","","","","","","",""
"4987176281234","96032100","GILLETTE SHAVE BRUSH","80","75","65","13.33","15.38","5","10","","","","","","","","","","","","","","","","",""
"4987176198242","33071010","GILLETTE SHAVING CREAM  30 G","40","40","0","100","0","0","40","","","","","","","","","","","","","","","","",""
"4987176198235","33071010","GILLETTE SHAVING CREAM 30 G","40","40","36.07","9.83","10.9","0","3.93","","","","","","","","","","","","","","","","",""
"","","GILLETTE SHAVING CREAM REGULAR 30 G","40","40","35","12.5","14.29","0","5","","","","","","","","","","","","","","","","",""
"4987176342645","82121010","GILLETTE VENUS SIMPLY","99","90","77.76","13.6","15.74","9","12.24","","","","","","","","","","","","","","","","",""
"","","GILLETTE WILKINNSON SWORD 5 N","15","15","10","33.33","50","0","5","","","","","","","","","","","","","","","","",""
"","9101210","GINGER POWDER BOTTLE 100 G","159","110","74","32.73","48.65","49","36","","","","","","","","","","","","","","","","",""
"","9101210","GINGER POWDER POUCH","220","110","60","45.45","83.33","110","50","","","","","","","","","","","","","","","","",""
"","11010000","GLOBAL CHOICE CHALER ATTTA","15","15","8","46.67","87.5","0","7","","","","","","","","","","","","","","","","",""
"8909106022591","33049910","GLOW & HANDSOME INSTANT BRIGHT NESSRAPID ACTION CREAM 25G","90","90","80.79","10.23","11.4","0","9.21","","","","","","","","","","","","","","","","",""
"8909106049697","33049910","GLOW & HANDSOME INSTANT BRIGHTNESSRAPID ACTION CREAM 50 G","175","170","157.1","7.59","8.21","5","12.9","","","","","","","","","","","","","","","","",""
"8909106049741","33049910","GLOW & LOVELY  MULTI VITAMIN+ 15 G","25","25","21.77","12.92","14.84","0","3.23","","","","","","","","","","","","","","","","",""
"8909106053403","33049910","GLOW & LOVELY BB CREAM 9 G","64","64","57.45","10.23","11.4","0","6.55","","","","","","","","","","","","","","","","",""
"8909106013445","33049910","GLOW & LOVELY BRIGHT GLOW FACEWASH 3X MULTI VITAMINS  50 G","89","85","77.09","9.31","10.26","4","7.91","","","","","","","","","","","","","","","","",""
"8901030704734","33049990","GLOW & LOVELY BRIGHTENING FACE SERUM 14 ML","215","205","178.79","12.79","14.66","10","26.21","","","","","","","","","","","","","","","","",""
"8909106022591","33049990","GLOW & LOVELY BRIGHTENING SUNSCREEN WITH VITA C 50 G","195","180","152.02","15.54","18.41","15","27.98","","","","","","","","","","","","","","","","",""
"8901030704734","33049990","GLOW & LOVELY MULTI VITAMIN SERUM IN CREAM","211","205","189.42","7.6","8.23","6","15.58","","","","","","","","","","","","","","","","",""
"8909106053465","33049910","GLOW & LOVELY SOFT BRIGHT 50 G","150","140","130.62","6.7","7.18","10","9.38","","","","","","","","","","","","","","","","",""
"8909106012455","33049910","GLOW & LOVELY UBTAN FACEWASH TURMERIK & SAFFRON  100 G","179","170","155.05","8.79","9.64","9","14.95","","","","","","","","","","","","","","","","",""
"8909106012448","33049910","GLOW & LOVELY UBTAN FACEWASH TURMERIK & SAFFRON 50 G","89","85","77.09","9.31","10.26","4","7.91","","","","","","","","","","","","","","","","",""
"8901030971242","33049910","GLOW & LOVELY WINTER GLOW CREAM 9 G","10","10","8.97","10.3","11.48","0","1.03","","","","","","","","","","","","","","","","",""
"8909106053472","33049930","GLOW & LOVELY WINTER MOISTURISE","80","78","69.66","10.69","11.97","2","8.34","","","","","","","","","","","","","","","","",""
"8901023030925","33059040","GODRAJ EXPERT RICH CREME-NATURAL BROWN  100 ML","130","120","109.12","9.07","9.97","10","10.88","","","","","","","","","","","","","","","","",""
"8901023031359","33059040","GODREJ  NEW EXPERT RICH CRÈME 11 ML","15","15","12.5","16.67","20","0","2.5","","","","","","","","","","","","","","","","",""
"","","GODREJ AER POWER POCKET BERRY RUSH","65","65","54.43","16.26","19.42","0","10.57","","","","","","","","","","","","","","","","",""
"8901023025068","33074900","GODREJ AER POWER POCKET BERRY RUSH 10 G","65","63","56","11.11","12.5","2","7","","","","","","","","","","","","","","","","",""
"8901023025846","33074900","GODREJ AER POWER POCKET JASMINE FLORAL 10 G","65","63","56","11.11","12.5","2","7","","","","","","","","","","","","","","","","",""
"8901023025075","33074900","GODREJ AER POWER POCKET ROSE FRESH 10 G","65","63","56","11.11","12.5","2","7","","","","","","","","","","","","","","","","",""
"","","GODREJ AER POWER POCKET ROSE FRESH BLOSSOM","65","65","54.43","16.26","19.42","0","10.57","","","","","","","","","","","","","","","","",""
"","","GODREJ AER SPRAY  COOL AQUA 200 ML","99","99","80","19.19","23.75","0","19","","","","","","","","","","","","","","","","",""
"8901157045109","33074900","GODREJ AER SPRAY FOREST FRESH 200 ML","99","99","81.87","17.3","20.92","0","17.13","","","","","","","","","","","","","","","","",""
"8901023005800","34029099","GODREJ EZEE  ALL NEW 250 G","65","60","49","18.33","22.45","5","11","","","","","","","","","","","","","","","","",""
"8901023005817","3402","GODREJ EZEE  LIQUID DETERGENT 500 G","130","100","68.17","31.83","46.69","30","31.83","","","","","","","","","","","","","","","","",""
"8901023005794","34029011","GODREJ EZEE 34 ML","10","10","9","10","11.11","0","1","","","","","","","","","","","","","","","","",""
"8901023019722","38089191","GODREJ GOOD KNIGHT  OIL 45 ML","85","82","75.12","8.39","9.16","3","6.88","","","","","","","","","","","","","","","","",""
"8901023019715","38089191","GODREJ GOOD NIGHT FLASH","105","100","97.02","2.98","3.07","5","2.98","","","","","","","","","","","","","","","","",""
"8901023026508","38089191","GODREJ GOOD NIGHT OIL","85","83","73.5","11.45","12.93","2","9.5","","","","","","","","","","","","","","","","",""
"8901023023460","34013090","GODREJ HAND WASH","10","10","0","100","0","0","10","","","","","","","","","","","","","","","","",""
"8901023028434","33074900","GODREJ POWER POCKET LEMON  10 G","65","62","56","9.68","10.71","3","6","","","","","","","","","","","","","","","","",""
"8901023029486","33059040","GODREJ SELFIE SHAMPOO HAIR COLOR 10 ML","15","15","12","20","25","0","3","","","","","","","","","","","","","","","","",""
"8901023029493","33059040","GODREJ SELFIE SHAMPOO NATURAL BROWN 10 ML","15","15","12.19","18.73","23.05","0","2.81","","","","","","","","","","","","","","","","",""
"8901023029806","33074100","GOOD KNIGHT AGARBATTI","10","10","7.13","28.7","40.25","0","2.87","","","","","","","","","","","","","","","","",""
"8901023019739","38089191","GOOD NIGHT FLASH COMB 90 ML","155","155","142.56","8.03","8.73","0","12.44","","","","","","","","","","","","","","","","",""
"","","GOOD VIBES SPF 50 PA++ SUNSCREEN 50 G","240","","172.8","0","20","100","-172.8","","","","","","","","","","","","","","","","",""
"","","GOOD VIBES SUNSCREEN VITAMIN C 50 G","240","","172","0","20","100","-172","","","","","","","","","","","","","","","","",""
"","9109990","GOTA BRIYANI MASALA","132","125","87","30.4","43.68","7","38","","","","","","","","","","","","","","","","",""
"8904362500753","90210","GREEN TEA 120 ML","235","200","169.2","15.4","18.2","35","30.8","","","","","","","","","","","","","","","","",""
"8906000423912","56012100","GUBB COTTON BALLS 50 PCS","64","61","39.68","34.95","53.73","3","21.32","","","","","","","","","","","","","","","","",""
"8906155741442","56012100","GUBB COTTON BUDS","79","66","47.4","28.18","39.24","13","18.6","","","","","","","","","","","","","","","","",""
"","","GUBB NON-WOVEN COTTON PADS FOR FACE CLEANSING MAKEUP REMOVER","154","154","92.4","40","66.67","0","61.6","","","","","","","","","","","","","","","","",""
"","","GULABARI PREMIUM ALL SKIN 120 ML","54","54","47.8","11.48","12.97","0","6.2","","","","","","","","","","","","","","","","",""
"8901088193870","33059011","HAIR & CARE ALOE VERAOLIVE OILGREEN TEA 100 ML","60","60","53.33","11.12","12.51","0","6.67","","","","","","","","","","","","","","","","",""
"8901088193818","33059011","HAIR & CARE ALOE VERAOLIVE OILGREEN TEA 200 ML","114","105","92","12.38","14.13","9","13","","","","","","","","","","","","","","","","",""
"89004876","30049011","HAJMOLA 50 TAB","25","28","25.45","9.11","10.02","-3","2.55","","","","","","","","","","","","","","","","",""
"89006290","30049011","HAJMOLA ANAR DANA 50 TAB","28","28","25.45","9.11","10.02","0","2.55","","","","","","","","","","","","","","","","",""
"89004883","30049011","HAJMOLA PUDINA 50 TAB","28","30","25.45","15.17","17.88","-2","4.55","","","","","","","","","","","","","","","","",""
"8909106059160","34011190","HAMAM NEEM  & TULSI SOAP 100 G","36","36","32.91","8.58","9.39","0","3.09","","","","","","","","","","","","","","","","",""
"8901396152002","38089400","HARPIC 10X TOTAL CLEAN 200 ML","46","46","41","10.87","12.2","0","5","","","","","","","","","","","","","","","","",""
"8901396151005","38089400","HARPIC 10X TOTAL CLEAN 500 ML","110","110","98","10.91","12.24","0","12","","","","","","","","","","","","","","","","",""
"8901396163107","34022090","HARPIC BATHROOM CLEANER 250 ML","61","60","55.16","8.07","8.77","1","4.84","","","","","","","","","","","","","","","","",""
"8901396153108","34022090","HARPIC BATHROOM CLEANER 500 ML","120","120","110","8.33","9.09","0","10","","","","","","","","","","","","","","","","",""
"8901396161851","34022090","HARPIC BATHROOM CLEANER LEMON FRESH 250 ML","63","63","57.12","9.33","10.29","0","5.88","","","","","","","","","","","","","","","","",""
"8901396153306","34022090","HARPIC BATHROOM CLEANER LEMON FRESH 500 ML","120","120","108.9","9.25","10.19","0","11.1","","","","","","","","","","","","","","","","",""
"8901396178200","34022090","HARPIC BATHROOM ULTRA 500 ML","149","145","133.46","7.96","8.65","4","11.54","","","","","","","","","","","","","","","","",""
"8901396174400","34022090","HARPIC POWER PLUS 900 ML","195","190","0","100","0","5","190","","","","","","","","","","","","","","","","",""
"4987176383969","33051090","HEAD & SHOULDERS ANTI- DANDRUFF AMOOTH & SILK SHAMPOO 1+1 FREE","395","299","204.69","31.54","46.07","96","94.31","","","","","","","","","","","","","","","","",""
"4987176073112","33051090","HEAD & SHOULDERS ANTI- DANDRUFF ANTI - HAIRFALL SHAMPOO 340 ML","395","299","215.47","27.94","38.77","96","83.53","","","","","","","","","","","","","","","","",""
"4987176072993","33051090","HEAD & SHOULDERS ANTI- DANDRUFF LEMON FRESH SHAMPOO 180 ML","199","190","156.85","17.45","21.13","9","33.15","","","","","","","","","","","","","","","","",""
"4987176073440","33051090","HEAD & SHOULDERS ANTI- DANDRUFF LEMON FRESH SHAMPOO 72 ML","79","79","66.31","16.06","19.14","0","12.69","","","","","","","","","","","","","","","","",""
"4987176072948","33051090","HEAD & SHOULDERS ANTI- DANDRUFF NEEM SHAMPOO 180 ML","235","235","213.28","9.24","10.18","0","21.72","","","","","","","","","","","","","","","","",""
"4987176073037","33051090","HEAD & SHOULDERS ANTI- DANDRUFF SMOOTH & SILK 180 ML","199","190","156.85","17.45","21.13","9","33.15","","","","","","","","","","","","","","","","",""
"4987176074171","33051090","HEAD & SHOULDERS ANTI-DANDRUFF SHAMPOO ANTI-HAIRFALL  72 ML","79","79","71.81","9.1","10.01","0","7.19","","","","","","","","","","","","","","","","",""
"4987176074195","33051090","HEAD&SHOULDERS ANTI-DANDRUFF SHAMPOO SMOOTH & SILK 72 ML","79","75","66.35","11.53","13.04","4","8.65","","","","","","","","","","","","","","","","",""
"4987176388650","33051090","HEAD&SHOULDERS OILY STICKS DANDRUFF CHARCOAL DEEP CLEAN","2","2","1.25","37.5","60","0","0.75","","","","","","","","","","","","","","","","",""
"8908012761624","90210","Health Premium Tea","140","135","120","11.11","12.5","5","15","","","","","","","","","","","","","","","","",""
"8909106030152","21039030","HELLIMANNS MAYO SMOKY TANDOORI VEG MAYONNAISE 85 G","46","46","41.67","9.41","10.39","0","4.33","","","","","","","","","","","","","","","","",""
"8901030872693","21039030","HELLIMANNS REAL MAYONNAISE  VEG 775 G","190","180","154.92","13.93","16.19","10","25.08","","","","","","","","","","","","","","","","",""
"8901030898105","21039030","HELLIMANNS REALL MAYONNAISE VEG 250 G","90","85","75.13","11.61","13.14","5","9.87","","","","","","","","","","","","","","","","",""
"8901030877131","21039030","HELLLMANN`S MAYONNAISE 85 G","38","38","32.77","13.76","15.96","0","5.23","","","","","","","","","","","","","","","","",""
"8901719100369","19053100","HIDE & SEEK 33 G","9","9","8.5","5.56","5.88","0","0.5","","","","","","","","","","","","","","","","",""
"","8504","HIGH VOLTAGE","15","10","6.25","37.5","60","5","3.75","","","","","","","","","","","","","","","","",""
"8901138848484","33049990","HIMALAYA ALOE VERA FACE GEL 100 ML","90","85","75.79","10.84","12.15","5","9.21","","","","","","","","","","","","","","","","",""
"8901138011055","33049990","HIMALAYA ALOE VERA FACE WASH 50 ML","95","90","82.9","7.89","8.56","5","7.1","","","","","","","","","","","","","","","","",""
"8901138511487","33049930","HIMALAYA BABY CREAM  50 ML","105","98","85.37","12.89","14.79","7","12.63","","","","","","","","","","","","","","","","",""
"8901138845476","33059011","HIMALAYA BABY HAIR OIL 100 ML","151","135","117.86","12.7","14.54","16","17.14","","","","","","","","","","","","","","","","",""
"","","HIMALAYA BABY HAIR OIL 50 ML","75","75","57.93","22.76","29.47","0","17.07","","","","","","","","","","","","","","","","",""
"8901138010508","33049990","HIMALAYA BABY LOTION 100 ML","125","115","97.55","15.17","17.89","10","17.45","","","","","","","","","","","","","","","","",""
"","","HIMALAYA BABY MASSAGE OIL + GENTLE BABY SOAP 50 G","150","150","115.85","22.77","29.48","0","34.15","","","","","","","","","","","","","","","","",""
"8901138010805","33049120","HIMALAYA BABY POWDER 100 G","111","100","86.63","13.37","15.43","11","13.37","","","","","","","","","","","","","","","","",""
"8901138511449","33051090","HIMALAYA BABY SHAMPOO  100 ML","106","100","82.73","17.27","20.88","6","17.27","","","","","","","","","","","","","","","","",""
"8901138511838","34011110","HIMALAYA BABY SOAP 75 G","62","58","48.39","16.57","19.86","4","9.61","","","","","","","","","","","","","","","","",""
"8901138005962","33049990","HIMALAYA BRIGHTENING VITAMIN C 50 ML","115","100","86.79","13.21","15.22","15","13.21","","","","","","","","","","","","","","","","",""
"8901138006112","33049990","HIMALAYA DARK SPORT CLEARING TURMERIC FACE WASH 50 ML","115","110","100.38","8.75","9.58","5","9.62","","","","","","","","","","","","","","","","",""
"8901138011024","33049990","HIMALAYA DARK SPOT CLEARING  FACE WASH 100 ML","220","210","192","8.57","9.38","10","18","","","","","","","","","","","","","","","","",""
"8901138006105","33049990","HIMALAYA DARK SPOT TURMERIC FACE SCRUB 50 G","110","105","95.99","8.58","9.39","5","9.01","","","","","","","","","","","","","","","","",""
"","","HIMALAYA GENTLE BABY CREAM 50 ML","105","105","81.1","22.76","29.47","0","23.9","","","","","","","","","","","","","","","","",""
"8901138509231","33041000","HIMALAYA LIP BALM","40","38","32","15.79","18.75","2","6","","","","","","","","","","","","","","","","",""
"8901138835156","33049990","HIMALAYA MOISTURIZING ALOE VERA FACIAL WIPES  10 WIPES","50","48","40","16.67","20","2","8","","","","","","","","","","","","","","","","",""
"8901138847265","33049990","HIMALAYA NATURAL ROSE FACE WASH 50 ML","90","85","78.54","7.6","8.23","5","6.46","","","","","","","","","","","","","","","","",""
"8901138844714","33051090","HIMALAYA NATURAL SHINE HENNA 120 G","75","70","59.93","14.39","16.8","5","10.07","","","","","","","","","","","","","","","","",""
"","","HIMALAYA NOURSHING SKIN CREAM 50 ML","95","95","79.98","15.81","18.78","0","15.02","","","","","","","","","","","","","","","","",""
"8901138000165","33049990","HIMALAYA POLLUTION DETOX CHARCOAL FACE WASH 50 ML","115","105","81.68","22.21","28.55","10","23.32","","","","","","","","","","","","","","","","",""
"8901138821913","33049990","HIMALAYA PURIFYING NEEM FACE SCRUB 50 G","95","90","82.9","7.89","8.56","5","7.1","","","","","","","","","","","","","","","","",""
"8901138512187","33049990","HIMALAYA PURIFYING NEEM FACE WASH 50 ML","90","85","78.54","7.6","8.23","5","6.46","","","","","","","","","","","","","","","","",""
"8901138835132","33049990","HIMALAYA PURIFYING NEEM FACIAL WIPES 10 N","50","48","38.74","19.29","23.9","2","9.26","","","","","","","","","","","","","","","","",""
"8901138828974","33049990","HIMALAYA SINCE NEEM FACIAL WIPES 25 N","120","110","92.99","15.46","18.29","10","17.01","","","","","","","","","","","","","","","","",""
"8901138837051","33049990","HIMALAYA TAN REMOVAL ORANGE FACE WASH 50 ML","115","110","100.38","8.75","9.58","5","9.62","","","","","","","","","","","","","","","","",""
"8901138511098","33049990","HIMLAYA PROTECTIVE SUNSCREEN 50 ML","120","115","98.03","14.76","17.31","5","16.97","","","","","","","","","","","","","","","","",""
"","","HOME LITES","10","10","7.56","24.4","32.28","0","2.44","","","","","","","","","","","","","","","","",""
"8906100180272","96039000","HOME WIPER","220","176","110","37.5","60","44","66","","","","","","","","","","","","","","","","",""
"8909106053137","19019090","HORLICKS  CLASSIC MALT 20 G","5","5","4.63","7.4","7.99","0","0.37","","","","","","","","","","","","","","","","",""
"","","HORLICKS 40 G","10","","9.07","0","20","100","-9.07","","","","","","","","","","","","","","","","",""
"8901030985973","19019090","HORLICKS CHOCOLATE 500 G","229","225","207.29","7.87","8.54","4","17.71","","","","","","","","","","","","","","","","",""
"8909106024564","19019090","HORLICKS CLASSIC MALT","209","205","189.18","7.72","8.36","4","15.82","","","","","","","","","","","","","","","","",""
"8909106025608","19019090","HORLICKS CLASSIC MALT 1 KG POUCH","399","385","361.17","6.19","6.6","14","23.83","","","","","","","","","","","","","","","","",""
"8901030976087","19019090","HORLICKS CLASSIC MALT ICONN JAR 200 G","95","95","85.56","9.94","11.03","0","9.44","","","","","","","","","","","","","","","","",""
"8901030949647","19019090","HORLICKS CLASSIC`S PLUS  400 G","284","280","250.5","10.54","11.78","4","29.5","","","","","","","","","","","","","","","","",""
"8901030976032","19019090","HORLICKS ICON JAR 500 G","234","230","211.82","7.9","8.58","4","18.18","","","","","","","","","","","","","","","","",""
"8901030824937","19019090","HORLICKS LITE  450 G","310","300","280.33","6.56","7.02","10","19.67","","","","","","","","","","","","","","","","",""
"8909106055681","19019090","HORLICKS MILKSHAKE CHOCO FLAVOUR 125 ML","20","20","17.04","14.8","17.37","0","2.96","","","","","","","","","","","","","","","","",""
"8909106061422","19019090","HORLICKS MILKSHAKE CLASSIC MALT 125 ML","20","20","17.04","14.8","17.37","0","2.96","","","","","","","","","","","","","","","","",""
"8909106055674","19019090","HORLICKS MILKSHAKE KESAR BADAM FLAVOUR 125 ML","20","20","17.04","14.8","17.37","0","2.96","","","","","","","","","","","","","","","","",""
"8901030960475","19019090","HORLICKS MOTHER`S PLUS 400 G","550","540","509.26","5.69","6.04","10","30.74","","","","","","","","","","","","","","","","",""
"8901030718946","19019090","HORLICKS PLAIN BISCUIT 300 G","38","38","32.49","14.5","16.96","0","5.51","","","","","","","","","","","","","","","","",""
"8901030718861","19019090","HORLICKS PLAIN BISCUT 75 G","10","10","8.55","14.5","16.96","0","1.45","","","","","","","","","","","","","","","","",""
"8901030949661","19019090","HORLICKS WOMWN`S PLUS 400 G","315","310","288.02","7.09","7.63","5","21.98","","","","","","","","","","","","","","","","",""
"8901030954665","19019090","HORLIVKS DIABETES PLUS 400 G","699","695","566.75","18.45","22.63","4","128.25","","","","","","","","","","","","","","","","",""
"8904009603779","96190030","HUGGIES   COMFY PANTS NB/XS","18","18","13.75","23.61","30.91","0","4.25","","","","","","","","","","","","","","","","",""
"8904009604608","96190030","HUGGIES   COMFY PANTS S","18","18","13.75","23.61","30.91","0","4.25","","","","","","","","","","","","","","","","",""
"8904009604615","96190030","HUGGIES COMFY PANTS M","22","22","17.5","20.45","25.71","0","4.5","","","","","","","","","","","","","","","","",""
"8904009604622","96190030","HUGGIES L","28","26","21.25","18.27","22.35","2","4.75","","","","","","","","","","","","","","","","",""
"8904009604943","96190030","HUGGIES XL","36","33","27.5","16.67","20","3","5.5","","","","","","","","","","","","","","","","",""
"8909106024717","33059090","INDULEKHA BRINGHA  SCALP SERUM 30 M","576","450","399.16","11.3","12.74","126","50.84","","","","","","","","","","","","","","","","",""
"8901030929489","30049011","INDULEKHA BRINGHA OIL 50 ML","234","220","183.39","16.64","19.96","14","36.61","","","","","","","","","","","","","","","","",""
"8901030707100","33051090","INDULEKHA BRINGHA SHAMPOO 100 ML","135","125","106.65","14.68","17.21","10","18.35","","","","","","","","","","","","","","","","",""
"8909106045002","33051090","INDULEKHA BRINGHA SHAMPOO 180 ML","243","220","191.97","12.74","14.6","23","28.03","","","","","","","","","","","","","","","","",""
"8901030928710","33051090","INDULEKHA DANDRUFF TREATMEANT SHAMPOO 100 ML","135","115","92.43","19.63","24.42","20","22.57","","","","","","","","","","","","","","","","",""
"8901030928727","33051090","INDULEKHA DANDRUFF TREATMEANT SHAMPOO 200 ML","243","200","149.31","25.35","33.95","43","50.69","","","","","","","","","","","","","","","","",""
"8901030928925","33059090","INDULEKHA SVETAKUTAJA OIL 50 ML","189","170","143.09","15.83","18.81","19","26.91","","","","","","","","","","","","","","","","",""
"8904207503161","33049990","INSIGHT MAKE-UP ESSENTIALS 15 G","240","190","130","31.58","46.15","50","60","","","","","","","","","","","","","","","","",""
"89000014","30049011","IODEX BALM 16 G","90","85","73.91","13.05","15","5","11.09","","","","","","","","","","","","","","","","",""
"89006245","30049011","IODEX BLAM 8 G","45","45","39.13","13.04","15","0","5.87","","","","","","","","","","","","","","","","",""
"8908024345003","33049990","JAC OLIVOL BODY OIL 100 ML","75","67","48.75","27.24","37.44","8","18.25","","","","","","","","","","","","","","","","",""
"8908024345010","33049990","JAC OLIVOL BODY OIL 200 ML","135","120","87.75","26.88","36.75","15","32.25","","","","","","","","","","","","","","","","",""
"8908024345027","33049990","JAC OLIVOL BODY OIL 300 ML","180","160","117","26.88","36.75","20","43","","","","","","","","","","","","","","","","",""
"8908024345034","33049990","JAC OLIVOL BODY OIL 500 ML","275","250","178.75","28.5","39.86","25","71.25","","","","","","","","","","","","","","","","",""
"89006542","33059019","JASMIM HELLO SHINY HAIR 45 ML","20","20","17.5","12.5","14.29","0","2.5","","","","","","","","","","","","","","","","",""
"8901088076104","33059019","JASMINE HELLO SHINE HAIR  90 ML","42","42","37.5","10.71","12","0","4.5","","","","","","","","","","","","","","","","",""
"8901012116623","34011190","JOHNSON`S BABY SOAP 25 G","20","20","16.82","15.9","18.91","0","3.18","","","","","","","","","","","","","","","","",""
"8901012100554","33049120","JOHNSON`SBABY POWDER 50 G","65","60","48.08","19.87","24.79","5","11.92","","","","","","","","","","","","","","","","",""
"8901012118085","33059011","JOHNSONS BABY HAIR OIL 100 ML","170","160","145","9.38","10.34","10","15","","","","","","","","","","","","","","","","",""
"6147761","33049930","JOHNSONS BABY LOTION WITH ALOE & VITAMIN B5 100ML","124","105","92","12.38","14.13","19","13","","","","","","","","","","","","","","","","",""
"8901012116715","33049990","JOHNSONS BABY OIL WITH VITAMIN E 100 ML","150","140","122","12.86","14.75","10","18","","","","","","","","","","","","","","","","",""
"8901012116920","33051090","JOHNSONS BABY SHAMPOO WITH ALOE & VITAMIN B5 100 ML","111","100","87","13","14.94","11","13","","","","","","","","","","","","","","","","",""
"6144964","33049930","JOHNSONS MILK+RICH LOTION 100 ML","125","105","92","12.38","14.13","20","13","","","","","","","","","","","","","","","","",""
"","19059040","JUMBO APPALAM 90 G","30","20","16.72","16.4","19.62","10","3.28","","","","","","","","","","","","","","","","",""
"8901030927690","19019090","JUNIOR HORLICKS LITE 450 G","275","270","248.93","7.8","8.46","5","21.07","","","","","","","","","","","","","","","","",""
"8909106043916","19019090","JUNIOR HORLICKS VANILLA 450 G","210","205","190.09","7.27","7.84","5","14.91","","","","","","","","","","","","","","","","",""
"8901030820014","19019090","JUNIOR HORLICKS VANILLA ICON 500 G","294","290","266.13","8.23","8.97","4","23.87","","","","","","","","","","","","","","","","",""
"8902102126980","32041294","JYOTHY UJALA SUPREME 75 ML","37","37","32","13.51","15.63","0","5","","","","","","","","","","","","","","","","",""
"","","KAJU 60","60","55","42","23.64","30.95","5","13","","","","","","","","","","","","","","","","",""
"8939116056996","19059010","KAMALS DONUT CAKE STRAWBERRY CREAM FILLED CAKE 50 G","20","20","17.5","12.5","14.29","0","2.5","","","","","","","","","","","","","","","","",""
"","9102010","KASHMIR SAFFRON 1 G","320","300","280","6.67","7.14","20","20","","","","","","","","","","","","","","","","",""
"8906056411284","33049910","KASTURI","80","80","55","31.25","45.45","0","25","","","","","","","","","","","","","","","","",""
"8901499010742","19041090","KELLOGES MULTI GRAIN CHOCOS CRUNCHY BITES 375 G","210","199","135","32.16","47.41","11","64","","","","","","","","","","","","","","","","",""
"8901499009654","19041090","KELLOGG`S CHOCOS 40 G","20","20","18","10","11.11","0","2","","","","","","","","","","","","","","","","",""
"8901499009135","19041010","KELLOGG`S CORN FLAKES ORIGINAL 251 G","88","88","80","9.09","10","0","8","","","","","","","","","","","","","","","","",""
"8901499010704","19041010","KELLOGG`S MULTI GRAIN CHOCOS  127 G","70","70","63.63","9.1","10.01","0","6.37","","","","","","","","","","","","","","","","",""
"8901499007704","11041200","KELLOGG`S OATS 200 G","58","58","52","10.34","11.54","0","6","","","","","","","","","","","","","","","","",""
"8901499011213","11041200","KELLOGG`S OATS 400 G","89","89","80.5","9.55","10.56","0","8.5","","","","","","","","","","","","","","","","",""
"8901499010711","19041090","KELLOGGS  MULTI GRAIN CHOCOS MORE CHOCOLATEY 250 G","140","99","55","44.44","80","41","44","","","","","","","","","","","","","","","","",""
"8901499008176","19041010","KELLOGGS CORN FLAKES ORIGINAL  120 G","55","41","25","39.02","64","14","16","","","","","","","","","","","","","","","","",""
"8901499010476","19041090","KELLOGGS MUESLI 0% SUGAR 500G","351","335","306.33","8.56","9.36","16","28.67","","","","","","","","","","","","","","","","",""
"8901499010445","19041090","KELLOGGS MUESLI FRUIT MAGIC 500 G","346","330","301.96","8.5","9.29","16","28.04","","","","","","","","","","","","","","","","",""
"8901499010452","19041090","KELLOGGS MUESLI FRUIT,NUT & SEEDS 500 G","346","330","301.96","8.5","9.29","16","28.04","","","","","","","","","","","","","","","","",""
"8901499011534","11041200","KELLOGGS OATS ROLLED OATS 425 G+425 G","228","220","207.27","5.79","6.14","8","12.73","","","","","","","","","","","","","","","","",""
"8906014201308","33059019","KEO KARPIN LIGHT HAIR OIL 200 ML","100","95","77.66","18.25","22.33","5","17.34","","","","","","","","","","","","","","","","",""
"8906014201209","33059019","KEO KARPIN NON-STICKY HAIR OIL 100 ML","55","50","42","16","19.05","5","8","","","","","","","","","","","","","","","","",""
"8906023416656","22029930","KESAR BADAM MILK SHAKE 180 ML","19","19","0","100","0","0","19","","","","","","","","","","","","","","","","",""
"","","KESH KING GOLD ANTI-HAIRFALL  SHAMPOO  200 ML","149","149","127.32","14.55","17.03","0","21.68","","","","","","","","","","","","","","","","",""
"","","KESH KING GOLD ANTI-HAIRFALL SHAMPOO  80 ML","65","65","55.55","14.54","17.01","0","9.45","","","","","","","","","","","","","","","","",""
"8901248297318","30049011","KESH KING GOLD AYURVEDIC 100 ML","178","175","153.72","12.16","13.84","3","21.28","","","","","","","","","","","","","","","","",""
"8901248297301","30049011","KESH KING GOLD AYURVEDIC OIL 50 ML","93","90","78","13.33","15.38","3","12","","","","","","","","","","","","","","","","",""
"8908024408128","33061020","KIDODENT COVITY SHIELD 60 G","148","130","0","100","0","18","130","","","","","","","","","","","","","","","","",""
"8908024408142","96032100","KIDODENT KID TOOTHBRUSH","66","55","0","100","0","11","55","","","","","","","","","","","","","","","","",""
"","","KIDODENT KIDI TOOTHBRUSH ASTRONAUT SERIES","66","60","42.27","29.55","41.94","6","17.73","","","","","","","","","","","","","","","","",""
"80824107","18069090","KINDER CREAMY 19 G","25","25","22.33","10.68","11.96","0","2.67","","","","","","","","","","","","","","","","",""
"80135890","18069090","KINDER JOY","45","45","40","11.11","12.5","0","5","","","","","","","","","","","","","","","","",""
"80768258","18069090","KINDER JOY 20 G","50","45","45","0","0","5","0","","","","","","","","","","","","","","","","",""
"8906008811391","15149120","King's Kachi Ghani Mustard Oil 1L","205","165","145.71","11.69","13.24","40","19.29","","","","","","","","","","","","","","","","",""
"8906008811421","15149120","KINGS MUSTER OIL 450 G","120","80","38.33","52.09","108.71","40","41.67","","","","","","","","","","","","","","","","",""
"8906008811445","15149120","KINGS PURE MUSTARD OIL 200 ML","50","45","32","28.89","40.63","5","13","","","","","","","","","","","","","","","","",""
"","","KINGS REFINED 650 ML","160","125","114","8.8","9.65","35","11","","","","","","","","","","","","","","","","",""
"8906007284042","15079010","KINGS REFINED 750 ML","143","130","23.08","82.25","463.26","13","106.92","","","","","","","","","","","","","","","","",""
"8901764082405","2201","KINLEY 1 L","20","18","10.2","43.33","76.47","2","7.8","","","","","","","","","","","","","","","","",""
"89000724","22021090","KINLEY 500ML","9","9","6.91","23.22","30.25","0","2.09","","","","","","","","","","","","","","","","",""
"8901030702679","21032000","KISAN NO GARLIC 415 G","75","75","63.87","14.84","17.43","0","11.13","","","","","","","","","","","","","","","","",""
"8909106069060","21039090","KISSAN  TEEKHI LEHSUN MIRCH  CHUTNEY 100 G","49","45","37.87","15.84","18.83","4","7.13","","","","","","","","","","","","","","","","",""
"8909106069084","21039090","KISSAN CHATPATI HARI CHUTNEY","49","45","37.87","15.84","18.83","4","7.13","","","","","","","","","","","","","","","","",""
"8901030926525","21032000","KISSAN CHILLI TOMATO SAUCE 200 G","72","70","60.7","13.29","15.32","2","9.3","","","","","","","","","","","","","","","","",""
"8901030699085","21032000","KISSAN FRESH TOMATO KETCHUP  1 KG","159","155","141.05","9","9.89","4","13.95","","","","","","","","","","","","","","","","",""
"8901030897542","21032000","KISSAN FRESH TOMATO KETCHUP  95 G","15","15","13.31","11.27","12.7","0","1.69","","","","","","","","","","","","","","","","",""
"8901030532832","21032000","KISSAN FRESH TOMATO KETCHUP 200 G","65","65","58.88","9.42","10.39","0","6.12","","","","","","","","","","","","","","","","",""
"8901030921797","21032000","KISSAN FRESH TOMATO KETCHUP 500 G","112","112","101.47","9.4","10.38","0","10.53","","","","","","","","","","","","","","","","",""
"8901030634451","20089912","KISSAN JUICY LEMON SQUASH 750 ML","164","160","141.43","11.61","13.13","4","18.57","","","","","","","","","","","","","","","","",""
"8901030634468","20089911","KISSAN JUICY MANGO SQUASH 750 ML","164","160","141.43","11.61","13.13","4","18.57","","","","","","","","","","","","","","","","",""
"8901030785962","20089913","KISSAN JUICY ORANGE SQUASH 750 ML","164","160","141.43","11.61","13.13","4","18.57","","","","","","","","","","","","","","","","",""
"8901030634482","20089914","KISSAN JUICY PINEAPPLE SQUASH 750 ML","164","160","141.43","11.61","13.13","4","18.57","","","","","","","","","","","","","","","","",""
"8901030930355","20079910","KISSAN MANGO JAM 188 G JAR","95","95","86.06","9.41","10.39","0","8.94","","","","","","","","","","","","","","","","",""
"8901030926471","20079910","KISSAN MANGO JAM 490 G","200","195","181.19","7.08","7.62","5","13.81","","","","","","","","","","","","","","","","",""
"8909106069046","21039090","KISSAN MEETHI IMLI KHAJOOR CHUTNEY 100 G","49","45","37.87","15.84","18.83","4","7.13","","","","","","","","","","","","","","","","",""
"8901030831690","20079990","KISSAN MIXED FRUID JAM  200 G JUR","80","80","71.02","11.23","12.64","0","8.98","","","","","","","","","","","","","","","","",""
"8901030831706","20079990","KISSAN MIXED FRUIT  JAM 500 G","190","185","172.13","6.96","7.48","5","12.87","","","","","","","","","","","","","","","","",""
"8901030922787","20079990","KISSAN MIXED FRUT JAM  TUB 95 G","25","25","22.65","9.4","10.38","0","2.35","","","","","","","","","","","","","","","","",""
"8901030980084","15179020","KISSAN PEANUT BUTTER 100 G","45","45","37.5","16.67","20","0","7.5","","","","","","","","","","","","","","","","",""
"","","KISSAN PEANUT BUTTER CRUNCHY 350 G","165","160","142.29","11.07","12.45","5","17.71","","","","","","","","","","","","","","","","",""
"8901030926464","20079990","KISSAN PINEPPLE JAM 500 G","200","195","181.19","7.08","7.62","5","13.81","","","","","","","","","","","","","","","","",""
"8901030926518","21032000","KISSAN SWEET & SPICY 200 G","72","70","63.41","9.41","10.39","2","6.59","","","","","","","","","","","","","","","","",""
"8901030926532","21032000","KISSANN CHILLI TOMATO SAUCE 500 G","112","105","95","9.52","10.53","7","10","","","","","","","","","","","","","","","","",""
"8901058016116","19053211","KIT KAT 19 G","20","20","0","100","0","0","20","","","","","","","","","","","","","","","","",""
"8906100180265","96039000","KITCHEN MINI WIPER","70","50","35","30","42.86","20","15","","","","","","","","","","","","","","","","",""
"8909106048553","21041090","KNORK TOMATO CHATPATA 14.5 G","10","10","9.05","9.5","10.5","0","0.95","","","","","","","","","","","","","","","","",""
"8901030900334","21041010","KNORR  CUP SOUP  CHICKEN  DELITE 11 G","15","15","13.58","9.47","10.46","0","1.42","","","","","","","","","","","","","","","","",""
"8901030902369","21041010","KNORR  CUP SOUP HOT & DOUR 12 G","10","10","9.05","9.5","10.5","0","0.95","","","","","","","","","","","","","","","","",""
"8901030900112","21041010","KNORR CLASIC HOT&SOUR VEGETABLE SOUP","65","60","49.82","16.97","20.43","5","10.18","","","","","","","","","","","","","","","","",""
"8901030900136","21041010","KNORR CLASIC MIXED VEGETABLE SOUP 40 G","55","55","49.82","9.42","10.4","0","5.18","","","","","","","","","","","","","","","","",""
"8901030900105","21041010","KNORR CLASIC THICK TOMATO SOUP 51 G","55","55","49.82","9.42","10.4","0","5.18","","","","","","","","","","","","","","","","",""
"8901030900129","21041010","KNORR CLASSIC SWEET CORN VEGETABLE SOUP 42 G","55","55","49.82","9.42","10.4","0","5.18","","","","","","","","","","","","","","","","",""
"8909106048577","21041010","KNORR CUP SOUP MIX VEGETABLE 10.5 G","10","10","9.05","9.5","10.5","0","0.95","","","","","","","","","","","","","","","","",""
"8909106048591","21041010","KNORR CUP SOUP SWEET CORN 10.5 G","10","10","9.05","9.5","10.5","0","0.95","","","","","","","","","","","","","","","","",""
"","","KNORR DARK SOYA SAUCE 85 G","23","23","21.1","8.26","9","0","1.9","","","","","","","","","","","","","","","","",""
"","","KNORR GREEN CHILLI SAUCE 90 G","25","25","22.93","8.28","9.03","0","2.07","","","","","","","","","","","","","","","","",""
"","","KNORR RED CHILLI SAUCE 90 G","25","25","22.93","8.28","9.03","0","2.07","","","","","","","","","","","","","","","","",""
"","","KNORR SCHEZWAN SAUCE 200 G","65","65","57.25","11.92","13.54","0","7.75","","","","","","","","","","","","","","","","",""
"","21069099","KOLKATA CHANA CHUR 200 G","58","55","5.17","90.6","963.83","3","49.83","","","","","","","","","","","","","","","","",""
"","","KWALITY ALPHONSE MANGO ICE CREAM TUB 750 ML","160","","127","0","20","100","-127","","","","","","","","","","","","","","","","",""
"","","KWALITY WALLS STRAWBERRY ICE CREAM 700 ML","125","","115.83","0","20","100","-115.83","","","","","","","","","","","","","","","","",""
"","","KWALITY WALLS TUTTI FRUTTI ICE CREAM 700 ML","150","","124.95","0","20","100","-124.95","","","","","","","","","","","","","","","","",""
"","","KWALITY WALLS VANILA ICE CREAM 700 ML","145","","110","0","20","100","-110","","","","","","","","","","","","","","","","",""
"8909106036840","33049990","LAKME  PEACH MILK LIGHT MOISTURISER 60 ML","145","105","83.73","20.26","25.4","40","21.27","","","","","","","","","","","","","","","","",""
"8901030978692","33049110","LAKME 9 TO 5 SUN EXPERT COMPACT  SPF 40  7 G","349","290","241.64","16.68","20.01","59","48.36","","","","","","","","","","","","","","","","",""
"","","LAKME 9 TO 5 SUN EXPERT GEL SUNSCREEN SPF 50 PA +++ 60 G","395","349","209","40.11","66.99","46","140","","","","","","","","","","","","","","","","",""
"8901030994760","33049990","LAKME BLUSH & GLOW FACE STRAWBERRY FACEWASH 100 G","269","260","233.01","10.38","11.58","9","26.99","","","","","","","","","","","","","","","","",""
"8901030994753","33049990","LAKME BLUSH & GLOW FACE STRAWBERRY FACEWASH 50 G","130","125","112.61","9.91","11","5","12.39","","","","","","","","","","","","","","","","",""
"","","LAKME BLUSH & GLOW STRAWBERRY + VIT C","289","275","200","27.27","37.5","14","75","","","","","","","","","","","","","","","","",""
"8901030994784","34013090","LAKME BLUSH& GLOW FACEWASH KIWI 50 G","130","125","112.61","9.91","11","5","12.39","","","","","","","","","","","","","","","","",""
"8909106050792","33049990","LAKME COMPLEXION CARE  CREAM ALMOND 9 G","115","110","99.61","9.45","10.43","5","10.39","","","","","","","","","","","","","","","","",""
"8909106050808","33049910","LAKME COMPLEXION CARE  CREAM BEIGE 9 G","115","110","99.61","9.45","10.43","5","10.39","","","","","","","","","","","","","","","","",""
"8901030978135","33049910","LAKME COMPLEXION CARE CARE CREAM BRONZE  9 G","115","110","99.61","9.45","10.43","5","10.39","","","","","","","","","","","","","","","","",""
"8901030978135","33049910","LAKME COMPLEXION CARE CREAM HONEY 9 G","115","110","99.61","9.45","10.43","5","10.39","","","","","","","","","","","","","","","","",""
"8901030983627","33049190","LAKME FOREVER MATTE COMPACT NATURAL MARBLE 9 G","240","235","207.89","11.54","13.04","5","27.11","","","","","","","","","","","","","","","","",""
"8901030981586","33049990","LAKME FOREVER MATTE FOUNDATION NAATURAL MARBLE 27 ML","225","220","194.9","11.41","12.88","5","25.1","","","","","","","","","","","","","","","","",""
"8901030981593","33049910","LAKME FOREVER MATTE FOUNDATION NAATURAL PEARL 27 ML","255","230","194.9","15.26","18.01","25","35.1","","","","","","","","","","","","","","","","",""
"8901030994869","33049910","LAKME LIP LOVE APRICOT 4.5 G","249","170","134.8","20.71","26.11","79","35.2","","","","","","","","","","","","","","","","",""
"8901030994821","33041000","LAKME LIP LOVE CHERRY 4.5 G","249","170","134.8","20.71","26.11","79","35.2","","","","","","","","","","","","","","","","",""
"8901030994845","33049910","LAKME LIP LOVE MANGO 4.5 G","249","170","134.8","20.71","26.11","79","35.2","","","","","","","","","","","","","","","","",""
"8901030994838","33049990","LAKME LIP LOVE STRAWBERRY 4.5 G","249","170","134.8","20.71","26.11","79","35.2","","","","","","","","","","","","","","","","",""
"","","LAKME PEACH MILK 100 G","328","299","204","31.77","46.57","29","95","","","","","","","","","","","","","","","","",""
"8909106036833","33049990","LAKME PEACH MILK DRY SKIN 120 ML","209","205","181.04","11.69","13.23","4","23.96","","","","","","","","","","","","","","","","",""
"8909106036857","33049990","LAKME PEACH MILK LIGHT MOISTURISER 120 ML","299","290","259","10.69","11.97","9","31","","","","","","","","","","","","","","","","",""
"8909106037854","33049910","LAKME PEACH MILK MOISTURISER CRÈME 50 G","155","150","134.26","10.49","11.72","5","15.74","","","","","","","","","","","","","","","","",""
"8909106036826","33049910","LAKME PEACH MILKDRY SKIN 60 ML","99","95","85.75","9.74","10.79","4","9.25","","","","","","","","","","","","","","","","",""
"","","LAKME SKIN ULTIME COLLECTION PERFECT RADIANCE 15 ML","325","315","243","22.86","29.63","10","72","","","","","","","","","","","","","","","","",""
"","","LAKME SKIN ULTIME COLLECTION PERFECT RADIANCE 50 G","435","320","320","0","0","115","0","","","","","","","","","","","","","","","","",""
"8909106025325","33049990","LAKME SUN EXPERT GEL SUNSCREEN 18 ML","110","99","84.06","15.09","17.77","11","14.94","","","","","","","","","","","","","","","","",""
"8909106069558","33049910","LAKME SUN EXPERTSPF 50 30 ML","299","275","207.72","24.47","32.39","24","67.28","","","","","","","","","","","","","","","","",""
"","","LAYERR WATTAGIRL VANILLA TWIST FRAGRANT BODY SPLASH 135 ML","239","215","167.3","22.19","28.51","24","47.7","","","","","","","","","","","","","","","","",""
"","","LAYERR WOTTAGIRL SECRET CRUSH FRAGRANT BODY SPLASH 135 ML","239","215","167.3","22.19","28.51","24","47.7","","","","","","","","","","","","","","","","",""
"8909106066502","34011190","LIFEBUOY  EXPERT DEFENCE 40 G","10","10","8.84","11.6","13.12","0","1.16","","","","","","","","","","","","","","","","",""
"8901030998188","34013019","LIFEBUOY  HW NEEM PROTECT 675 ML B1 G1","218","215","185.92","13.53","15.64","3","29.08","","","","","","","","","","","","","","","","",""
"8901030998171","34013019","LIFEBUOY  HW TOTAL 10 PROTECT 675 ML  B1G1","199","190","169.72","10.67","11.95","9","20.28","","","","","","","","","","","","","","","","",""
"8909106066854","34011190","LIFEBUOY EXPERT DEFENCE 4+1 FREE","110","110","99.81","9.26","10.21","0","10.19","","","","","","","","","","","","","","","","",""
"8901030904455","34013019","LIFEBUOY HANDWASH 80 ML","30","30","25.59","14.7","17.23","0","4.41","","","","","","","","","","","","","","","","",""
"8901030904486","34013019","LIFEBUOY HANDWASH TOTAL PROTECT 190+ 185 ML","99","90","76.54","14.96","17.59","9","13.46","","","","","","","","","","","","","","","","",""
"8909106078994","34013090","LIFEBUOY ICE BATH  BODYWASH 235 ML","99","90","76.5","15","17.65","9","13.5","","","","","","","","","","","","","","","","",""
"8909106080737","34011190","LIFEBUOY ICE BATH  SOAP 65 G","15","15","12.75","15","17.65","0","2.25","","","","","","","","","","","","","","","","",""
"8909106078710","34011190","LIFEBUOY ICE BATH SOAP BUY 4 GET 1 FREE","120","115","103.68","9.84","10.92","5","11.32","","","","","","","","","","","","","","","","",""
"8909106031401","34011190","LIFEBUOY LEMON ALO FRESH  SOAP 44 G","10","10","9","10","11.11","0","1","","","","","","","","","","","","","","","","",""
"8901030916366","34011190","LIFEBUOY NEEM AND ALOE VERA 41 G","10","10","9.14","8.6","9.41","0","0.86","","","","","","","","","","","","","","","","",""
"8901030904479","340130","LIFEBUOY TOTAL 10 PROTECT HANDWASH 3X185 ML","120","110","92.33","16.06","19.14","10","17.67","","","","","","","","","","","","","","","","",""
"8901441017010","19059040","LIJJAR MASALA PAPAR 200 G","89","85","76","10.59","11.84","4","9","","","","","","","","","","","","","","","","",""
"8901441014019","19059040","LIJJAR PAPAR 200 G","77","75","66","12","13.64","2","9","","","","","","","","","","","","","","","","",""
"8901764052910","22021010","LIMCA 250 ML","20","20","17.53","12.35","14.09","0","2.47","","","","","","","","","","","","","","","","",""
"","","LION QYNO DATES 500 G","222","220","186","15.45","18.28","2","34","","","","","","","","","","","","","","","","",""
"8901030783241","9021010","LIPTON GREEN HONEY LEMON TEA  1.4 X 10 S","75","75","67.33","10.23","11.39","0","7.67","","","","","","","","","","","","","","","","",""
"8901030779282","9021010","LIPTON GREEN HONEY LEMON TEA  25 STB 35 GSLF","190","185","170.56","7.81","8.47","5","14.44","","","","","","","","","","","","","","","","",""
"","","LIPTON GREEN TEA CLEAR & LIGHT ZERO CLARIES 10 TEA BAGS","75","75","68.18","9.09","10","0","6.82","","","","","","","","","","","","","","","","",""
"","","LIPTON GREEN TEA CLER & LIGHT   100 G","170","170","154.95","8.85","9.71","0","15.05","","","","","","","","","","","","","","","","",""
"8901030779312","9021010","LIPTON GREEN TEA TULSI NATURA 25 STB 32.5 G","190","185","170.56","7.81","8.47","5","14.44","","","","","","","","","","","","","","","","",""
"8901063019249","19059020","LITTLE HEARTS CLASSIC CRUNCH 79 G","30","30","27.32","8.93","9.81","0","2.68","","","","","","","","","","","","","","","","",""
"8901088200073","33059090","LIVON HAIR SERUM  50 ML","175","160","132.53","17.17","20.73","15","27.47","","","","","","","","","","","","","","","","",""
"8901396146001","38089400","LIZOL DISINFECTANT SURFACE CLEANER 200 ML","48","48","42.45","11.56","13.07","0","5.55","","","","","","","","","","","","","","","","",""
"8901396112006","38089400","LIZOL DISINFECTANT SURFACE CLEANER 500 ML","123","123","115.53","6.07","6.47","0","7.47","","","","","","","","","","","","","","","","",""
"8901396113003","38089400","LIZOL FLORAL 500 ML","129","125","115.51","7.59","8.22","4","9.49","","","","","","","","","","","","","","","","",""
"8901396113249","34029099","LIZOL FRESH CLEAN BATHROOM CLEANER  700 ML","149","145","0","100","0","4","145","","","","","","","","","","","","","","","","",""
"8906100181682","9603","LON HANDEL KHARATA","95","95","90","5.26","5.56","0","5","","","","","","","","","","","","","","","","",""
"8901123001214","19059010","LOTTE CHOCO PIE 26 G","10","10","8.05","19.5","24.22","0","1.95","","","","","","","","","","","","","","","","",""
"8901123002433","19053100","LOTTE PEPERO BISCUIT STICKS","20","20","14.33","28.35","39.57","0","5.67","","","","","","","","","","","","","","","","",""
"","","LOTUS HERBALS APRISCRUB FRESH APRICOT SCRUB 60 G","125","115","79","31.3","45.57","10","36","","","","","","","","","","","","","","","","",""
"","","LOTUS HERBALS PURGLOW ADVAMCE PINK GLOW 35 G","325","","275","0","20","100","-275","","","","","","","","","","","","","","","","",""
"","","LOTUS HERBALS PURGLOW ADVANCED PINK GLOW FACE WASH 50 G","165","160","119","25.63","34.45","5","41","","","","","","","","","","","","","","","","",""
"","","LOTUS HERBALS RADIANT DIAMOND 40 G","390","","250","0","20","100","-250","","","","","","","","","","","","","","","","",""
"8909250000421","33049910","LOTUS HERBALS SAFE SUN SUNSCREEN CREAM 50 G","235","230","188","18.26","22.34","5","42","","","","","","","","","","","","","","","","",""
"8909250000438","33049910","LOTUS HERBALS SAFE SUN SUNSCREEN CREAM INDIAN SUMMER FORMULA 50 G","345","340","276","18.82","23.19","5","64","","","","","","","","","","","","","","","","",""
"8909250000438","33049930","LOTUS HERBALS SAFE SUN UV SCREEN MATTEGEL 15 G","99","95","79.2","16.63","19.95","4","15.8","","","","","","","","","","","","","","","","",""
"8909250004771","33049990","LOTUS HERBALS WHITE GLOW DEEP MOISTURIZING CREME 40 G","320","310","256.01","17.42","21.09","10","53.99","","","","","","","","","","","","","","","","",""
"8909250000018","33049990","LOTUS HERBALS WHITE GLOW FACIAL FOAM 50 G","195","190","155.99","17.9","21.8","5","34.01","","","","","","","","","","","","","","","","",""
"8909250000490","33049910","LOTUS HERBALS WHITE GLOW GEL CREME 15 G","99","95","79.2","16.63","19.95","4","15.8","","","","","","","","","","","","","","","","",""
"8909250004856","33049910","LOTUS HERBALS WHITE GLOW GEL CREME 35 G","290","285","232","18.6","22.84","5","53","","","","","","","","","","","","","","","","",""
"","","LOTUS HERBALS WHITE GLOW INSTA 40 GGLOW FAIRNESS FACIAL KIT","295","","210","0","20","100","-210","","","","","","","","","","","","","","","","",""
"8909250004863","33049910","LOTUS HERBALS WHITE GLOW NIGHT CREME 15 G","99","95","79.2","16.63","19.95","4","15.8","","","","","","","","","","","","","","","","",""
"8909250000001","33049910","LOTUS HERBALS WHITE GLOW NIGHT CREME 40 G","375","370","300","18.92","23.33","5","70","","","","","","","","","","","","","","","","",""
"8909250005013","33049990","LOTUS HERBALS WHITE GLOW RADIANCE FACE WASH 100 G","295","290","256.52","11.54","13.05","5","33.48","","","","","","","","","","","","","","","","",""
"806360008065","33049990","LOTUS HERBALS WHITE GLOW VITAMIN-C RADIANCE FACE WASH 50 G","175","170","152.17","10.49","11.72","5","17.83","","","","","","","","","","","","","","","","",""
"8904320003777","33079090","LUVLAP MOISTURISING WIPES WITH ALOE VERA 72 WIPES","115","110","0","100","0","5","110","","","","","","","","","","","","","","","","",""
"8909106052260","34011110","LUX  ADVANCED CLEAR GLOW 41 G","10","10","8.75","12.5","14.29","0","1.25","","","","","","","","","","","","","","","","",""
"8909106068087","34011110","LUX ADVANCED RADIANT GLOW 47 G","10","10","8.84","11.6","13.12","0","1.16","","","","","","","","","","","","","","","","",""
"8909106068124","34011190","LUX ADVANCED ULTIMATE GLOW PLUS 100 G BUY 3 GET 1 FREE","95","95","85.99","9.48","10.48","0","9.01","","","","","","","","","","","","","","","","",""
"8909106068070","34011190","LUX ADVANCED ULTIMATE GLOW PLUS 47 G","10","10","8.84","11.6","13.12","0","1.16","","","","","","","","","","","","","","","","",""
"8901030977084","34013090","LUX BODY WASH 50  ML","25","0","0","0","0","25","0","","","","","","","","","","","","","","","","",""
"8901030819414","34013090","LUX FRAGRANT MAGICAL ORCHID BODY WASH 245 ML","99","90","76.5","15","17.65","9","13.5","","","","","","","","","","","","","","","","",""
"8901030970184","3401","LUX FRESH GLOW PLUS 45 G","10","10","8.59","14.1","16.41","0","1.41","","","","","","","","","","","","","","","","",""
"8901030682261","34013090","LUX LUXURIOUS SANDALWOOD BODY WASH 245 ML","109","100","84.22","15.78","18.74","9","15.78","","","","","","","","","","","","","","","","",""
"8909106067608","34011190","LUX RADIANT GLOW 100 G","95","95","85.99","9.48","10.48","0","9.01","","","","","","","","","","","","","","","","",""
"8909106059986","34011190","LUX SMOOTH & RADIANT 80 G","38","38","33.35","12.24","13.94","0","4.65","","","","","","","","","","","","","","","","",""
"8901030819407","34011190","LUX SOFT ROSE SKIN BODY WASH 245 ML","99","90","76.5","15","17.65","9","13.5","","","","","","","","","","","","","","","","",""
"8909106044111","34011190","LUX ULTIMATE GLOW + 75 G","20","20","14.92","25.4","34.05","0","5.08","","","","","","","","","","","","","","","","",""
"8901764092305","22029920","MAAZA 1.2 L","75","70","68.83","1.67","1.7","5","1.17","","","","","","","","","","","","","","","","",""
"8901764175190","22029920","MAAZA 135 ML","10","10","7.87","21.3","27.06","0","2.13","","","","","","","","","","","","","","","","",""
"8901764175015","22029920","MAAZA 150ML","10","10","7.5","25","33.33","0","2.5","","","","","","","","","","","","","","","","",""
"8901764092206","22029920","MAAZA 600 ML","35","35","32.12","8.23","8.97","0","2.88","","","","","","","","","","","","","","","","",""
"8901058006124","19023010","MAGGI  CHICKEN NOODLES 304 G","80","80","0","100","0","0","80","","","","","","","","","","","","","","","","",""
"89080900","9109990","MAGGI  MASALA MAGIC 6 G","5","5","4.5","10","11.11","0","0.5","","","","","","","","","","","","","","","","",""
"8901058020366","21039090","MAGGI  RICH TOMATA 960 G","159","95","85","10.53","11.76","64","10","","","","","","","","","","","","","","","","",""
"8901058018219","19023010","MAGGI 2 MINUTE NOODLES  MASALA  35 G","7","7","6.49","7.29","7.86","0","0.51","","","","","","","","","","","","","","","","",""
"8901058023800","19023010","MAGGI 2 MINUTE NOODLES  MASALA  560 G","116","116","106.42","8.26","9","0","9.58","","","","","","","","","","","","","","","","",""
"8901058017670","19023010","MAGGI 2 MINUTE NOODLES 280 G","58","58","51.37","11.43","12.91","0","6.63","","","","","","","","","","","","","","","","",""
"8901058017687","19023010","MAGGI 2 MINUTE NOODLES 70 G","15","15","13.59","9.4","10.38","0","1.41","","","","","","","","","","","","","","","","",""
"8901058024425","19023010","MAGGI 2 MINUTE NOODLES 95 G","20","20","18.02","9.9","10.99","0","1.98","","","","","","","","","","","","","","","","",""
"8901058017793","19023010","MAGGI 2 MINUTE NOODLES MASALA 450 G","87","85","76.14","10.42","11.64","2","8.86","","","","","","","","","","","","","","","","",""
"8901058025378","19023010","MAGGI CHICKEN FLAVOURED NOODLES 47 G","10","10","8.99","10.1","11.23","0","1.01","","","","","","","","","","","","","","","","",""
"19010588","19023010","MAGGI CHICKEN NOODLES 304 G","80","80","72.72","9.1","10.01","0","7.28","","","","","","","","","","","","","","","","",""
"8901058006032","19023010","MAGGI CHILLY CHOW CUPPA NOODLES 70 G","52","52","47.27","9.1","10.01","0","4.73","","","","","","","","","","","","","","","","",""
"8901058013665","21032000","MAGGI HOT & SWEET 1 KG","178","175","155.95","10.89","12.22","3","19.05","","","","","","","","","","","","","","","","",""
"89080443","21032000","MAGGI HOT & SWEET 200 G","75","75","68.8","8.27","9.01","0","6.2","","","","","","","","","","","","","","","","",""
"8901058016178","21032000","MAGGI HOT & SWEET 480 G","108","105","94.62","9.89","10.97","3","10.38","","","","","","","","","","","","","","","","",""
"8901058013658","21032000","MAGGI HOT & SWEET TOMATO CHILLI SAUCE  500 G","122","120","106.89","10.93","12.26","2","13.11","","","","","","","","","","","","","","","","",""
"8901058012651","21032000","MAGGI HOT & SWEET TOMATO CHILLI SAUCE 75 G","22","22","18.11","17.68","21.48","0","3.89","","","","","","","","","","","","","","","","",""
"8901058010749","19023010","MAGGI MASALA 300 G","56","55","51.37","6.6","7.07","1","3.63","","","","","","","","","","","","","","","","",""
"8901058006025","19023090","MAGGI MASALA CUPPA NOODLES 70.5 G","52","52","47.27","9.1","10.01","0","4.73","","","","","","","","","","","","","","","","",""
"8901058009712","19023010","MAGGI MASALA VEG ATTA NOODLES 51 G","20","20","17.63","11.85","13.44","0","2.37","","","","","","","","","","","","","","","","",""
"8901058029093","19023010","MAGGI NUTRI -  LICIOUS MASALA VEG ATTA 290 G","108","105","90","14.29","16.67","3","15","","","","","","","","","","","","","","","","",""
"8901058029130","19023090","MAGGI PAZZTA CHEESE MACARONI 75 G","28","28","25.68","8.29","9.03","0","2.32","","","","","","","","","","","","","","","","",""
"8901058003000","19023090","MAGGI PAZZTA CHEESE MACARONI NEW 75 G","35","35","31.78","9.2","10.13","0","3.22","","","","","","","","","","","","","","","","",""
"8901058003079","1902","MAGGI PAZZTA CHEESY TOMATO TWIST 68.5 G","35","35","31.78","9.2","10.13","0","3.22","","","","","","","","","","","","","","","","",""
"8901058029109","19023090","MAGGI PAZZTA MASALA PENNE 69.5 G","28","28","25.68","8.29","9.03","0","2.32","","","","","","","","","","","","","","","","",""
"","","MAGGI PAZZTA MUSHROOM PENNE 68.5","35","35","32.11","8.26","9","0","2.89","","","","","","","","","","","","","","","","",""
"8901058002997","19023090","MAGGI PAZZTA MUSHROOM PENNE 68.5 G","32","30","25.66","14.47","16.91","2","4.34","","","","","","","","","","","","","","","","",""
"89080658","21032000","MAGGI RICH TOMATO","70","70","64.22","8.26","9","0","5.78","","","","","","","","","","","","","","","","",""
"8901058005653","19023010","MAGGI SPICY CHEESY 76 G","25","25","20.81","16.76","20.13","0","4.19","","","","","","","","","","","","","","","","",""
"","","MAGGI VEG ATTA NOODLES 290 G","108","","95.23","0","20","100","-95.23","","","","","","","","","","","","","","","","",""
"","","MAGGI VEG ATTA NOODLES 55 G","20","20","17.64","11.8","13.38","0","2.36","","","","","","","","","","","","","","","","",""
"8901058010565","19023010","MAGGI YOUR FAVOURITE MASALA TASTE 450 G","83","85","76.14","10.42","11.64","-2","8.86","","","","","","","","","","","","","","","","",""
"8901058016222","21032000","MAGGIE RICH TOMATO KETCHUP PICHKOO 75 G","15","15","12.35","17.67","21.46","0","2.65","","","","","","","","","","","","","","","","",""
"8906032151593","9023030","MAKAIBARI DARJEELING BLACK TEA 100 G","200","190","160","15.79","18.75","10","30","","","","","","","","","","","","","","","","",""
"8906032152019","902","MAKAIBARI GREEN VALLEY SMOKY","125","120","100","16.67","20","5","20","","","","","","","","","","","","","","","","",""
"8996001312490","19053211","MAKKIST DOUBLE CHOCOLATEY 144 G","45","45","40","11.11","12.5","0","5","","","","","","","","","","","","","","","","",""
"8721274500165","21050000","MALAI KULFI 45 ML","20","20","15.88","20.6","25.94","0","4.12","","","","","","","","","","","","","","","","",""
"8906087772859","33049990","MAMAEAARTH VITAMIN C DAILY GLOW FACE WASH WITH VITAMIN C &TURMERIC FOR ALL SKIN TYPES (100ML)","269","200","168.77","15.62","18.5","69","31.23","","","","","","","","","","","","","","","","",""
"","","MAMAEARTH RICE DEWY BRIGHT FACE WASH  50 ML","125","120","83","30.83","44.58","5","37","","","","","","","","","","","","","","","","",""
"8904417307740","33051090","MAMAEARTH ROSEMARY ANTI-HAIR FALL SHAMPOO 250 ML","310","250","188.57","24.57","32.58","60","61.43","","","","","","","","","","","","","","","","",""
"8906087770671","33049990","MAMAEARTH UBTAN NATURAL GLOW FACE WASH WITH TURMERIC FOR TAN REMOVAL (100ML)","269","200","168.77","15.62","18.5","69","31.23","","","","","","","","","","","","","","","","",""
"","","MAMAEARTH VITAMIN C DAILY GLOW FACE CREAM 35 G","109","99","59","40.4","67.8","10","40","","","","","","","","","","","","","","","","",""
"","","MAMAEARTH VITAMIN C DAILY GLOW SUNSCREEN  34.5","225","215","165","23.26","30.3","10","50","","","","","","","","","","","","","","","","",""
"8904417305258","33049930","MAMAEARTH VITAMIN C DAILY GLOW SUNSCREEN (50G)","349","260","218.96","15.78","18.74","89","41.04","","","","","","","","","","","","","","","","",""
"","","MAMAERTH ONION HAIR FALL CONTROL SHAMPOO 250","310","299","188.57","36.93","58.56","11","110.43","","","","","","","","","","","","","","","","",""
"8906087771807","33051090","MAMAERTH ONION HAIR FALL CONTROL SHAMPOO 250 ML","310","250","19.35","92.26","1191.99","60","230.65","","","","","","","","","","","","","","","","",""
"8903622007070","33079090","MAMY POKO WIPES","99","85","57.75","32.06","47.19","14","27.25","","","","","","","","","","","","","","","","",""
"8903622007476","96190030","MAMYPOKO PANT STANDARD S","10","10","8","20","25","0","2","","","","","","","","","","","","","","","","",""
"8903622003379","96190030","MAMYPOKO PANTS M","30","30","25","16.67","20","0","5","","","","","","","","","","","","","","","","",""
"8901725711016","33074900","MANGAKDEEP DEETYAA EXOTIC AND COOL  FRAGRANCE 14 G","10","10","9.1","9","9.89","0","0.9","","","","","","","","","","","","","","","","",""
"8906016572383","33074100","MANGALDEEP  YELLOW ANUSHRI 60 STICKS","20","20","15.47","22.65","29.28","0","4.53","","","","","","","","","","","","","","","","",""
"8901725004965","33074900","MANGALDEEP 92 G","55","45","34.99","22.24","28.61","10","10.01","","","","","","","","","","","","","","","","",""
"8906016572451","33074100","MANGALDEEP ANUSHRI DELUXE 60 STICKS","20","20","15.47","22.65","29.28","0","4.53","","","","","","","","","","","","","","","","",""
"8906016572444","33074100","MANGALDEEP ANUSHRI LILY BLOSSOM 60 STICKS","20","20","7.32","63.4","173.22","0","12.68","","","","","","","","","","","","","","","","",""
"8901725711801","33074100","MANGALDEEP DEETYAA 95 G","55","50","35.09","29.82","42.49","5","14.91","","","","","","","","","","","","","","","","",""
"8901725014308","33074100","MANGALDEEP FLORA","55","45","35.09","22.02","28.24","10","9.91","","","","","","","","","","","","","","","","",""
"8901725014407","33074100","MANGALDEEP FLORA 14 G","10","10","7.21","27.9","38.7","0","2.79","","","","","","","","","","","","","","","","",""
"8901725014377","33074100","MANGALDEEP FLORA LAVENDER 14 G","10","10","7.21","27.9","38.7","0","2.79","","","","","","","","","","","","","","","","",""
"8901725721626","33074100","MANGALDEEP JESMINE CHANDAN 13 G","10","10","7.16","28.4","39.66","0","2.84","","","","","","","","","","","","","","","","",""
"8901725014391","33074100","MANGALDEEP MOGRA 14 G","10","10","7.21","27.9","38.7","0","2.79","","","","","","","","","","","","","","","","",""
"8906016572697","33074100","MANGALDEEP NATURE 14 G","12","12","7.16","40.33","67.6","0","4.84","","","","","","","","","","","","","","","","",""
"8906016571966","33074100","MANGALDEEP ORIENTAL LILY 14 G","10","10","9.1","9","9.89","0","0.9","","","","","","","","","","","","","","","","",""
"8901725710064","33074100","MANGALDEEP SADHVI  102.8 G","35","30","25.97","13.43","15.52","5","4.03","","","","","","","","","","","","","","","","",""
"8901725719289","33074100","MANGALDEEP SADHVI 3 IN 1 100 G","35","30","25.97","13.43","15.52","5","4.03","","","","","","","","","","","","","","","","",""
"8901725013233","33074100","MANGALDEEP SANDAL 14 G","10","10","7.21","27.9","38.7","0","2.79","","","","","","","","","","","","","","","","",""
"8901725013219","33074100","MANGALDEEP SANDAL LONG LASTING FRAGRANCE 95 G","55","45","35.02","22.18","28.5","10","9.98","","","","","","","","","","","","","","","","",""
"8901725016487","33074100","MANGALDEEP SCENT 3 IN 1 14 G","12","12","7.16","40.33","67.6","0","4.84","","","","","","","","","","","","","","","","",""
"8906016570617","33074100","MANGALDEEP SCENT MYSTIC AMBER 17 G","12","12","10.1","15.83","18.81","0","1.9","","","","","","","","","","","","","","","","",""
"8901725016470","33074100","MANGALDEEP SCENT PERFUME LIKE FRAGRANCE 91 G","60","45","34.34","23.69","31.04","15","10.66","","","","","","","","","","","","","","","","",""
"8901725710835","33074100","MANGALDEEP TREYA 14 G","10","10","7.21","27.9","38.7","0","2.79","","","","","","","","","","","","","","","","",""
"8721274500233","21050000","MANGNUM CARAMEL  75 ML","70","65","55.55","14.54","17.01","5","9.45","","","","","","","","","","","","","","","","",""
"","","MANGO DUET  45 ML","10","10","12.42","-24.2","-19.48","0","-2.42","","","","","","","","","","","","","","","","",""
"8904386106351","33041000","MARS  MATTE LIPSTICKS BOX (3.2 G X 3)","447","280","216.79","22.58","29.16","167","63.21","","","","","","","","","","","","","","","","",""
"","","MARS CREAMY MATTE LIPSTICK DISCO DEEWANE 3.2 G","199","199","99.5","50","100","0","99.5","","","","","","","","","","","","","","","","",""
"","","MARS CREAMY MATTE LIPSTICK KHOOBSURAT KUCHIPUDI 3.2 G","199","199","99.5","50","100","0","99.5","","","","","","","","","","","","","","","","",""
"8904386103978","33042000","MARS DOUBLE TROUBLE MASCARA (15ML)","299","200","145.01","27.5","37.92","99","54.99","","","","","","","","","","","","","","","","",""
"","","MARS EDGE  OF DESIRE LIP LINER 03 STEAMY PINK","69","60","34.5","42.5","73.91","9","25.5","","","","","","","","","","","","","","","","",""
"","","MARS EDGE  OF DESIRE LIP LINER 04 SCANDALOUS BROWN","69","60","34.5","42.5","73.91","9","25.5","","","","","","","","","","","","","","","","",""
"8904386108478","33041000","MARS EDGE  OF DESIRE LIP LINER 05 WINE NIGHTS","69","60","33.46","44.23","79.32","9","26.54","","","","","","","","","","","","","","","","",""
"","","MARS EDGE  OF DESIRE LIP LINER 08 NUDE SPELL","69","60","34.5","42.5","73.91","9","25.5","","","","","","","","","","","","","","","","",""
"8904386108515","33041000","MARS EDGE  OF DESIRE LIP LINER 09 STEAMY PINK","69","60","33.46","44.23","79.32","9","26.54","","","","","","","","","","","","","","","","",""
"8904386108522","33041000","MARS EDGE  OF DESIRE LIP LINER 10 EXOTIC BROWN","69","60","33.46","44.23","79.32","9","26.54","","","","","","","","","","","","","","","","",""
"8904386108959","33049100","MARS HD MATTIFYYING COMPACKT (8G)","266","160","129.01","19.37","24.02","106","30.99","","","","","","","","","","","","","","","","",""
"8904386100038","33042000","MARS INK BLACK LIQUID EYELINER (1ML)","279","210","135.31","35.57","55.2","69","74.69","","","","","","","","","","","","","","","","",""
"8904386103671","33049990","MARS LLLUMINATI BASE PRIMER  + STROBE CREAM + HIGHIGHTER 02 GOLD BEAM 45 ML","329","250","159.56","36.18","56.68","79","90.44","","","","","","","","","","","","","","","","",""
"8904386105309","33049990","MARS LLLUMINATI BASE PRIMER  + STROBE CREAM + HIGHIGHTER 02 PINK BEAM 45 ML","329","250","159.56","36.18","56.68","79","90.44","","","","","","","","","","","","","","","","",""
"8904386104739","33049990","MARS SEAL THE DEAL LONG-LASTING MAKEUP FIXER SPRAY (60ML)","299","210","145.01","30.95","44.82","89","64.99","","","","","","","","","","","","","","","","",""
"8996001312506","19053100","MAYORA MALKIST CHEESE FLAVOURED  144 G","45","45","40","11.11","12.5","0","5","","","","","","","","","","","","","","","","",""
"","","MEGLOW ALOE VERA GEL","150","138","90","34.78","53.33","12","48","","","","","","","","","","","","","","","","",""
"","","MEGLOW ALOE VERA GEL 100GM","150","135","75","44.44","80","15","60","","","","","","","","","","","","","","","","",""
"8908012761488","9023020","MERI CHAI STRONG CTC TEA 250 G","120","105","94.52","9.98","11.09","15","10.48","","","","","","","","","","","","","","","","",""
"","","MILA BEAUTE POUT IT OUT LIP CRAYON MOANA 112","169","150","84.5","43.67","77.51","19","65.5","","","","","","","","","","","","","","","","",""
"","","MILA BEAUTE POUT IT OUT LIP CRAYON RAPUNZEL 117","169","150","84.5","43.67","77.51","19","65.5","","","","","","","","","","","","","","","","",""
"8902080204588","22021090","MIRINDA 400 ML","20","20","17.14","14.3","16.69","0","2.86","","","","","","","","","","","","","","","","",""
"","","MIX SEEDS 150 G","349","149","99","33.56","50.51","200","50","","","","","","","","","","","","","","","","",""
"","","MIX SEEDS RICH IN DIETARY FIBER HIGH IN PROTEIN  100 G","499","120","84","30","42.86","379","36","","","","","","","","","","","","","","","","",""
"8909081008207","19053100","MOMS  MAGIC CASHEW & ALMOND 190 G","35","35","30.61","12.54","14.34","0","4.39","","","","","","","","","","","","","","","","",""
"8901725118891","19053100","MOMS MAGIC BUTTER 196 G","35","35","30.64","12.46","14.23","0","4.36","","","","","","","","","","","","","","","","",""
"8909081011870","19053100","MOMS MAGIC CASHEW & ALMOND 32 G","5","5","4.03","19.4","24.07","0","0.97","","","","","","","","","","","","","","","","",""
"8909081008221","19053100","MOMS MAGIC CASHEW & ALMOND 47.6 G","9","9","7","22.22","28.57","0","2","","","","","","","","","","","","","","","","",""
"","","MOMS MAGIC CASHEW & ALMOND 54.4","10","10","8.88","11.2","12.61","0","1.12","","","","","","","","","","","","","","","","",""
"8909081003363","19053100","MOMS MAGIC SHINES 44 G","9","9","8.02","10.89","12.22","0","0.98","","","","","","","","","","","","","","","","",""
"8901725000646","19053100","MOMS MAGIC SUNFEST 28 G","5","5","3.91","21.8","27.88","0","1.09","","","","","","","","","","","","","","","","",""
"4897036691427","22029990","MONSTER ENERGY 350ML","125","120","91.66","23.62","30.92","5","28.34","","","","","","","","","","","","","","","","",""
"4897036692455","22029990","MONSTER ENERGY ULTRA ZERO SUGAR","125","120","91.66","23.62","30.92","5","28.34","","","","","","","","","","","","","","","","",""
"8901177102509","30049011","MOOV 10 G","68","68","57.01","16.16","19.28","0","10.99","","","","","","","","","","","","","","","","",""
"8901177104909","30049011","MOOV 15 ML","90","85","72.5","14.71","17.24","5","12.5","","","","","","","","","","","","","","","","",""
"8901177100352","30049011","MOOV 35 G","180","175","160.36","8.37","9.13","5","14.64","","","","","","","","","","","","","","","","",""
"8901396389460","30049011","MOOV PAIN RELIFE SPECIALIST OINTMENT 20 G","123","120","103","14.17","16.5","3","17","","","","","","","","","","","","","","","","",""
"","34029019","MORNING FRESH 350 G","35","35","29","17.14","20.69","0","6","","","","","","","","","","","","","","","","",""
"","","MORTEIN OIL 75 G","85","85","72","15.29","18.06","0","13","","","","","","","","","","","","","","","","",""
"","","MORTEIN POWER BOSSTER","35","35","24.5","30","42.86","0","10.5","","","","","","","","","","","","","","","","",""
"","","MORTEIN SMART COMFORTING NIGHTS","100","100","89","11","12.36","0","11","","","","","","","","","","","","","","","","",""
"8904336700042","4059020","MORTON GHEE 180 ML","213","170","139.67","17.84","21.72","43","30.33","","","","","","","","","","","","","","","","",""
"8904336700059","4059020","MORTON GHEE 400 ML","470","390","308.8","20.82","26.3","80","81.2","","","","","","","","","","","","","","","","",""
"8904336700035","4059020","MORTON GHEE 90 ML","108","90","72.13","19.86","24.77","18","17.87","","","","","","","","","","","","","","","","",""
"8907316002143","21039090","MOTHER`S GINGER GARLIC PASTE 300 G","72","72","61","15.28","18.03","0","11","","","","","","","","","","","","","","","","",""
"8907316010902","20019000","MOTHER`S RECIPE MANGO PICKLE 300 G","105","105","94","10.48","11.7","0","11","","","","","","","","","","","","","","","","",""
"8907316010919","20019000","MOTHER`S RECIPE MIXED PICKLE 300 G","110","110","94","14.55","17.02","0","16","","","","","","","","","","","","","","","","",""
"8907316009326","21039090","MOTHER`S TAMARIND DATE 85 G","28","28","23","17.86","21.74","0","5","","","","","","","","","","","","","","","","",""
"8902080364589","22029990","MOUNTAIN DEW 400 ML","20","20","17.14","14.3","16.69","0","2.86","","","","","","","","","","","","","","","","",""
"8902080365043","22029990","MOUNTAIN DEW CAN 300 ML","40","40","33.33","16.68","20.01","0","6.67","","","","","","","","","","","","","","","","",""
"8908000295032","21069099","MUKHAROCHAK 200 G","70","68","58","14.71","17.24","2","10","","","","","","","","","","","","","","","","",""
"","","MUKHAROCHAK LIFE CHIWRA 2200 G","65","65","53","18.46","22.64","0","12","","","","","","","","","","","","","","","","",""
"8908000295049","21069099","MUKHAROCHAK SWEET & SOUR CHANACHUR 100 G","37","35","30.5","12.86","14.75","2","4.5","","","","","","","","","","","","","","","","",""
"8901058026627","18069010","MUNCH CHOCO FILLS 17 G","10","10","8.54","14.6","17.1","0","1.46","","","","","","","","","","","","","","","","",""
"8901058029512","18069010","MUNCH CHOCO LOOPS 17 G","10","10","8.54","14.6","17.1","0","1.46","","","","","","","","","","","","","","","","",""
"8901058017328","19041090","MUNCH CRUNCH ILICIOUS CEREAL 17 G","10","10","7.9","21","26.58","0","2.1","","","","","","","","","","","","","","","","",""
"","1904","MURI","30","30","25","16.67","20","0","5","","","","","","","","","","","","","","","","",""
"","","NABBHO HARSHITS TAP CLEANER","159","139","109","21.58","27.52","20","30","","","","","","","","","","","","","","","","",""
"","909","NABHO  GOTA JEERA 100 G","65","65","35","68","85.71","0","30","","","","","","","","","","","","","","","","",""
"","804","NABHO AAM SARTHO 100 GM","50","40","30","25","33.33","10","10","","","","","","","","","","","","","","","","",""
"20/05/2026","7139010","NABHO AHAR DAL 1 KG","149","134","107.5","19.78","24.65","15","26.5","","","","","","","","","","","","","","","","",""
"20/05/2026","7139010","NABHO AHAR DAL 250 G","45","35","22.22","36.51","57.52","10","12.78","","","","","","","","","","","","","","","","",""
"","","NABHO AHAR DAL 250 G","45","35","26.87","23.23","30.26","10","8.13","","","","","","","","","","","","","","","","",""
"20/05/2026","7139010","NABHO AHAR DAL 500 G","79","70","53.75","23.21","30.23","9","16.25","","","","","","","","","","","","","","","","",""
"","3401","NABHO ALL IN 1 ROZANA HYGIENE BY PURIETY 500 ML","95","95","90","5.26","5.56","0","5","","","","","","","","","","","","","","","","",""
"","8021200","NABHO ALMOND  BADAM 100 G","111","99","78","21.21","26.92","12","21","","","","","","","","","","","","","","","","",""
"","8021200","NABHO ALMOND BADAM 250 G","248","248","0","100","0","0","248","","","","","","","","","","","","","","","","",""
"","8021200","NABHO ALMOND BADAM 50 G","69","49","39","20.41","25.64","20","10","","","","","","","","","","","","","","","","",""
"","9083110","NABHO B ELAICHI 10 GM","39","31","24","22.58","29.17","8","7","","","","","","","","","","","","","","","","",""
"","9083110","NABHO B ELAICHI 5 GM","20","16","12","25","33.33","4","4","","","","","","","","","","","","","","","","",""
"","","NABHO BADAM 100 G","30","27","15","44.44","80","3","12","","","","","","","","","","","","","","","","",""
"","","NABHO BADAM 250G","55","50","37.5","25","33.33","5","12.5","","","","","","","","","","","","","","","","",""
"","","NABHO BADAM 50 G","15","13","7.5","42.31","73.33","2","5.5","","","","","","","","","","","","","","","","",""
"","","NABHO BADAM 500 G","110","100","75","25","33.33","10","25","","","","","","","","","","","","","","","","",""
"","1702","NABHO BATASHA 100 G","10","10","7","30","42.86","0","3","","","","","","","","","","","","","","","","",""
"","7133100","NABHO BEULI DAL 1 KG","149","139","111","20.14","25.23","10","28","","","","","","","","","","","","","","","","",""
"","7133100","NABHO BEULI DAL 250 GM","45","36","27.75","22.92","29.73","9","8.25","","","","","","","","","","","","","","","","",""
"","7133100","NABHO BEULI DAL 500 GM","79","72","55.5","22.92","29.73","7","16.5","","","","","","","","","","","","","","","","",""
"","713","NABHO CHANA DAL 1 KG","99","95","73","23.16","30.14","4","22","","","","","","","","","","","","","","","","",""
"","713","NABHO CHANA DAL 250 G","30","25","18.25","27","36.99","5","6.75","","","","","","","","","","","","","","","","",""
"","713","NABHO CHANA DAL 500 G","55","48","36.5","23.96","31.51","7","11.5","","","","","","","","","","","","","","","","",""
"","7132020","NABHO CHANA GOTA 1 KG","99","88","77","12.5","14.29","11","11","","","","","","","","","","","","","","","","",""
"","7132020","NABHO CHANA GOTA 250 G","29","23","17.5","23.91","31.43","6","5.5","","","","","","","","","","","","","","","","",""
"","7132020","NABHO CHANA GOTA 500 G","49","46","35","23.91","31.43","3","11","","","","","","","","","","","","","","","","",""
"","","NABHO CHIA SEEDS 100 GM","65","","39","0","20","100","-39","","","","","","","","","","","","","","","","",""
"","3402","NABHO CHITAAKSH TOILET CLEANER 500 ML","299","75","47","37.33","59.57","224","28","","","","","","","","","","","","","","","","",""
"","","NABHO DALCHINI 25","0","","5.5","0","20","0","-5.5","","","","","","","","","","","","","","","","",""
"","906","NABHO DALCHINI 25 G","10","8","5.5","31.25","45.45","2","2.5","","","","","","","","","","","","","","","","",""
"","906","NABHO DALCHINI 50 G","20","15","11","26.67","36.36","5","4","","","","","","","","","","","","","","","","",""
"","9092200","NABHO DHANIA POWDER 100 G","29","27","18","33.33","50","2","9","","","","","","","","","","","","","","","","",""
"","","NABHO DORAEMON PHONE","140","140","110","21.43","27.27","0","30","","","","","","","","","","","","","","","","",""
"","90831","NABHO ELAICHI 10 GM","40","34","27","20.59","25.93","6","7","","","","","","","","","","","","","","","","",""
"","90831","NABHO ELAICHI 5 GM","20","16","13.5","15.63","18.52","4","2.5","","","","","","","","","","","","","","","","",""
"","","NABHO FLAX SEEDS 100 G","65","","39","0","20","100","-39","","","","","","","","","","","","","","","","",""
"","","NABHO FRON 100 G","40","36","28","22.22","28.57","4","8","","","","","","","","","","","","","","","","",""
"","","NABHO FRON 50 G","22","18","14","22.22","28.57","4","4","","","","","","","","","","","","","","","","",""
"","9109990","NABHO GARAM MASALA","10","10","5.5","45","81.82","0","4.5","","","","","","","","","","","","","","","","",""
"","","NABHO GATAR DAL 1 KG","120","99","69","30.3","43.48","21","30","","","","","","","","","","","","","","","","",""
"","","NABHO GATAR DAL 250 G","30","25","17.25","31","44.93","5","7.75","","","","","","","","","","","","","","","","",""
"","","NABHO GATAR DAL 500 G","60","50","34.5","31","44.93","10","15.5","","","","","","","","","","","","","","","","",""
"","904","NABHO GOL MIRICH 25 G","30","27","21","22.22","28.57","3","6","","","","","","","","","","","","","","","","",""
"","","NABHO GOLABFUL 25 G","29","23","17.5","23.91","31.43","6","5.5","","","","","","","","","","","","","","","","",""
"","","NABHO GOLAPFUL 25 G","5","5","0","100","0","0","5","","","","","","","","","","","","","","","","",""
"","","NABHO GOLAPFUL 50 G","79","65","35","46.15","85.71","14","30","","","","","","","","","","","","","","","","",""
"","","NABHO GOTA DHANIA 100 GM","20","19","12","36.84","58.33","1","7","","","","","","","","","","","","","","","","",""
"","","NABHO GOTA DHANIA 250 GM","49","39","30","23.08","30","10","9","","","","","","","","","","","","","","","","",""
"","","NABHO GOTA DHANIA 50 GM","10","8","6","25","33.33","2","2","","","","","","","","","","","","","","","","",""
"","","NABHO GOTA HALDI 100 GM","35","29","22","24.14","31.82","6","7","","","","","","","","","","","","","","","","",""
"","","NABHO GOTA HALDI 250 GM","79","71","55","22.54","29.09","8","16","","","","","","","","","","","","","","","","",""
"","","NABHO GOTA HALDI 50 GM","20","14","11","21.43","27.27","6","3","","","","","","","","","","","","","","","","",""
"","909","NABHO GOTA JEERA 10 G","5","5","3.5","30","42.86","0","1.5","","","","","","","","","","","","","","","","",""
"","909","NABHO GOTA JEERA 25 G","20","13","8.75","32.69","48.57","7","4.25","","","","","","","","","","","","","","","","",""
"","909","NABHO GOTA JEERA 50 G","35","25","17.5","30","42.86","10","7.5","","","","","","","","","","","","","","","","",""
"","","NABHO GOTA LANKA 100 GM","39","28","22","21.43","27.27","11","6","","","","","","","","","","","","","","","","",""
"","","NABHO GOTA LANKA 50 GM","20","14","11","21.43","27.27","6","3","","","","","","","","","","","","","","","","",""
"","","NABHO HALDI POWDER 100 G","39","28","22","21.43","27.27","11","6","","","","","","","","","","","","","","","","",""
"","","NABHO HING 25 G","85","75","50","33.33","50","10","25","","","","","","","","","","","","","","","","",""
"","","NABHO HING 50 G","170","150","100","33.33","50","20","50","","","","","","","","","","","","","","","","",""
"","","NABHO JEERA POWDER 100 G","52","45","35","22.22","28.57","7","10","","","","","","","","","","","","","","","","",""
"","","NABHO JEERA POWDER 50 G","29","23","17.5","23.91","31.43","6","5.5","","","","","","","","","","","","","","","","",""
"","","NABHO JOYOTRY 50 G","165","156","120","23.08","30","9","36","","","","","","","","","","","","","","","","",""
"","","NABHO JOYTRY 25 G","85","78","60","23.08","30","7","18","","","","","","","","","","","","","","","","",""
"","","NABHO KABLI CHANA 1 KG","119","106","85","19.81","24.71","13","21","","","","","","","","","","","","","","","","",""
"","","NABHO KABLI CHANA 250 G","33","28","21.25","24.11","31.76","5","6.75","","","","","","","","","","","","","","","","",""
"","","NABHO KABLI CHANA 500 G","59","55","42.5","22.73","29.41","4","12.5","","","","","","","","","","","","","","","","",""
"","","NABHO KAJU 250 GM","279","275","212.5","22.73","29.41","4","62.5","","","","","","","","","","","","","","","","",""
"","","NABHO KAJU BADAM 100 G","119","110","85","22.73","29.41","9","25","","","","","","","","","","","","","","","","",""
"","","NABHO KAJU BADAM 50 G","59","55","42.5","22.73","29.41","4","12.5","","","","","","","","","","","","","","","","",""
"","9093111","NABHO KALA JEERA 100 G","49","38","29","23.68","31.03","11","9","","","","","","","","","","","","","","","","",""
"","9093111","NABHO KALA JEERA 50 G","20","19","14.5","23.68","31.03","1","4.5","","","","","","","","","","","","","","","","",""
"","","NABHO KISMIS 100 G","69","62","48","22.58","29.17","7","14","","","","","","","","","","","","","","","","",""
"","","NABHO KISMIS 250 G","165","156","120","23.08","30","9","36","","","","","","","","","","","","","","","","",""
"","","NABHO KISMIS 50 GM","39","31","24","22.58","29.17","8","7","","","","","","","","","","","","","","","","",""
"","","NABHO KITCHEN CLEANER REMAP 250 ML","399","115","78","32.17","47.44","284","37","","","","","","","","","","","","","","","","",""
"","","NABHO KITTY PHONE","200","149","113","24.16","31.86","51","36","","","","","","","","","","","","","","","","",""
"","","NABHO LANKA POWDER 100 G","40","34","26","23.53","30.77","6","8","","","","","","","","","","","","","","","","",""
"","","NABHO LONG 20 G","29","22","17.2","21.82","27.91","7","4.8","","","","","","","","","","","","","","","","",""
"","","NABHO MATAR 1 KG","65","56","45","19.64","24.44","9","11","","","","","","","","","","","","","","","","",""
"","","NABHO MATAR 250 G","20","15","11.25","25","33.33","5","3.75","","","","","","","","","","","","","","","","",""
"","","NABHO MATAR 500 G","35","30","22.5","25","33.33","5","7.5","","","","","","","","","","","","","","","","",""
"","","NABHO MATAR DAL 1KG","99","91","73","19.78","24.66","8","18","","","","","","","","","","","","","","","","",""
"","","NABHO MATAR DAL 250 G","30","24","18.25","23.96","31.51","6","5.75","","","","","","","","","","","","","","","","",""
"","","NABHO MATAR DAL 500 G","55","47","36.5","22.34","28.77","8","10.5","","","","","","","","","","","","","","","","",""
"","","NABHO METHI 100 GM","19","10","7.7","23","29.87","9","2.3","","","","","","","","","","","","","","","","",""
"","","NABHO METHI 50 G","10","5","3.85","23","29.87","5","1.15","","","","","","","","","","","","","","","","",""
"","","NABHO METHI 500 GM","79","50","38.5","23","29.87","29","11.5","","","","","","","","","","","","","","","","",""
"","","NABHO MISRI 100 G","15","15","9","40","66.67","0","6","","","","","","","","","","","","","","","","",""
"","","NABHO MOONG DAL 1 KG","129","122","97","20.49","25.77","7","25","","","","","","","","","","","","","","","","",""
"","","NABHO MOONG DAL 250 G","45","45","24.25","46.11","85.57","0","20.75","","","","","","","","","","","","","","","","",""
"","","NABHO MOONG DAL 500 G","69","63","48.5","23.02","29.9","6","14.5","","","","","","","","","","","","","","","","",""
"","","NABHO MOONG GOTA 1 KG","125","117","94","19.66","24.47","8","23","","","","","","","","","","","","","","","","",""
"","","NABHO MOONG GOTA 250 GM","39","31","23.5","24.19","31.91","8","7.5","","","","","","","","","","","","","","","","",""
"","","NABHO MOONG GOTA 500 G","69","61","47","22.95","29.79","8","14","","","","","","","","","","","","","","","","",""
"","","NABHO MOSUR 1 KG","136","118","88","25.42","34.09","18","30","","","","","","","","","","","","","","","","",""
"","","NABHO MOSUR 250 G","40","30","22","26.67","36.36","10","8","","","","","","","","","","","","","","","","",""
"","","NABHO MOSUR DAL 500 G","68","59","44","25.42","34.09","9","15","","","","","","","","","","","","","","","","",""
"","","NABHO NAAYKA DRINKING CHOCOLATE 100 G","99","79","55","30.38","43.64","20","24","","","","","","","","","","","","","","","","",""
"","","NABHO ONION POWDER","150","120","88","26.67","36.36","30","32","","","","","","","","","","","","","","","","",""
"","","NABHO POSTO 25 GM","69","50","36.25","27.5","37.93","19","13.75","","","","","","","","","","","","","","","","",""
"","","NABHO POSTO 50 G","99","90","72.5","19.44","24.14","9","17.5","","","","","","","","","","","","","","","","",""
"","","NABHO PUMPKIN SEEDS 100 G","65","","39","0","20","100","-39","","","","","","","","","","","","","","","","",""
"","","NABHO RADHONI  50 G","20","14","11","21.43","27.27","6","3","","","","","","","","","","","","","","","","",""
"","","NABHO RADHONI 100 G","39","29","29","0","0","10","0","","","","","","","","","","","","","","","","",""
"","","NABHO RAJMA 1 KG","129","125","100","20","25","4","25","","","","","","","","","","","","","","","","",""
"","","NABHO RAJMA 250 G","39","33","25","24.24","32","6","8","","","","","","","","","","","","","","","","",""
"","","NABHO RAJMA 500 G","69","65","50","23.08","30","4","15","","","","","","","","","","","","","","","","",""
"","","NABHO SADA MURI","15","15","13","13.33","15.38","0","2","","","","","","","","","","","","","","","","",""
"","","NABHO SAUNF 100 G","29","23","18","21.74","27.78","6","5","","","","","","","","","","","","","","","","",""
"","","NABHO STAR 25 G","25","20","15.5","22.5","29.03","5","4.5","","","","","","","","","","","","","","","","",""
"","","NABHO STAR 50 G","49","40","31","22.5","29.03","9","9","","","","","","","","","","","","","","","","",""
"","","NABHO SUGAR 1 KG","55","48","44.4","7.5","8.11","7","3.6","","","","","","","","","","","","","","","","",""
"","","NABHO SUGAR 500 G","29","25","22.2","11.2","12.61","4","2.8","","","","","","","","","","","","","","","","",""
"","","NABHO SUNFLOWER SEEDS 100 GM","65","","39","0","20","100","-39","","","","","","","","","","","","","","","","",""
"","","NABHO TEZPATA","10","10","3.5","65","185.71","0","6.5","","","","","","","","","","","","","","","","",""
"","","NABHO TILL  50 G","19","13","9","30.77","44.44","6","4","","","","","","","","","","","","","","","","",""
"","","NABHO TILL 100 G","29","23","17.5","23.91","31.43","6","5.5","","","","","","","","","","","","","","","","",""
"","","NABHO TILL 250 G","65","57","43.75","23.25","30.29","8","13.25","","","","","","","","","","","","","","","","",""
"","","NABHO TILL 500 G","119","114","87.5","23.25","30.29","5","26.5","","","","","","","","","","","","","","","","",""
"","","NABHO TOY","199","195","152","22.05","28.29","4","43","","","","","","","","","","","","","","","","",""
"","","NABHO TOY  PIKACHU DOLL","175","149","132","11.41","12.88","26","17","","","","","","","","","","","","","","","","",""
"","","NABHO TOY  WATER SQUARE BOTTEL","60","49","35","28.57","40","11","14","","","","","","","","","","","","","","","","",""
"","","NABHO TOY 3 COMBO ANGEL BABY BAG","250","199","152","23.62","30.92","51","47","","","","","","","","","","","","","","","","",""
"","","NABHO TOY 4 IN 1 COPY TO COLOUR","100","82","65","20.73","26.15","18","17","","","","","","","","","","","","","","","","",""
"","","NABHO TOY ALL IN ONE WRITING BOOK","150","125","88","29.6","42.05","25","37","","","","","","","","","","","","","","","","",""
"","","NABHO TOY ALPHA BETS","300","149","114","23.49","30.7","151","35","","","","","","","","","","","","","","","","",""
"","","NABHO TOY APPLE CUTTER","199","","81","0","20","100","-81","","","","","","","","","","","","","","","","",""
"","","NABHO TOY BABY TIFFIN  BOX","185","175","146","16.57","19.86","10","29","","","","","","","","","","","","","","","","",""
"","","NABHO TOY BALISH","200","169","126","25.44","34.13","31","43","","","","","","","","","","","","","","","","",""
"","","NABHO TOY BEST LUNCH BOX","400","274","185","32.48","48.11","126","89","","","","","","","","","","","","","","","","",""
"","","NABHO TOY BEUTIFUL MELODY XYLOPHONE","399","375","265","29.33","41.51","24","110","","","","","","","","","","","","","","","","",""
"","","NABHO TOY BITE BUDDY TIFFIN BOX","300","249","189","24.1","31.75","51","60","","","","","","","","","","","","","","","","",""
"","","NABHO TOY BLACK CLIP","80","56","40","28.57","40","24","16","","","","","","","","","","","","","","","","",""
"","","NABHO TOY BLUE STEEL BLUE BOX","350","249","166","33.33","50","101","83","","","","","","","","","","","","","","","","",""
"","","NABHO TOY BOWLING GAME","180","160","118","26.25","35.59","20","42","","","","","","","","","","","","","","","","",""
"","","NABHO TOY CAR","70","59","49","16.95","20.41","11","10","","","","","","","","","","","","","","","","",""
"","","NABHO TOY CHOKING BORD","150","120","88","26.67","36.36","30","32","","","","","","","","","","","","","","","","",""
"","","NABHO TOY CLASSIC FLOWER POT","50","50","35","30","42.86","0","15","","","","","","","","","","","","","","","","",""
"","","NABHO TOY COLOURING CLIP 10 PCS","50","40","20","50","100","10","20","","","","","","","","","","","","","","","","",""
"","","NABHO TOY COLOURING FLOWER POT","80","80","60","25","33.33","0","20","","","","","","","","","","","","","","","","",""
"","","NABHO TOY COLOURING FLOWER POT 2","99","99","60","39.39","65","0","39","","","","","","","","","","","","","","","","",""
"","","NABHO TOY CONSOLE KITCHENWARE PRODUCTS","180","153","117","23.53","30.77","27","36","","","","","","","","","","","","","","","","",""
"","","NABHO TOY COPY COLORING WITH CRAYONS","120","100","63","37","58.73","20","37","","","","","","","","","","","","","","","","",""
"","","NABHO TOY CUBE PUZZLE","150","100","86","14","16.28","50","14","","","","","","","","","","","","","","","","",""
"","","NABHO TOY CUITY SWEETY WATER BOTTL","300","219","157","28.31","39.49","81","62","","","","","","","","","","","","","","","","",""
"","","NABHO TOY CUP JOY AND LIGHT","299","180","149","17.22","20.81","119","31","","","","","","","","","","","","","","","","",""
"","","NABHO TOY DOOR DEGINE","300","249","178","28.51","39.89","51","71","","","","","","","","","","","","","","","","",""
"","","NABHO TOY DOOR DEGINE BADAMI","300","259","184","28.96","40.76","41","75","","","","","","","","","","","","","","","","",""
"","","NABHO TOY DORAEMON PHONE","140","","110","0","20","100","-110","","","","","","","","","","","","","","","","",""
"","","NABHO TOY DOREMON KIDS BAG","400","249","188","24.5","32.45","151","61","","","","","","","","","","","","","","","","",""
"","","NABHO TOY FLOWER POT HANGING CHAIN","95","65","45","30.77","44.44","30","20","","","","","","","","","","","","","","","","",""
"","","NABHO TOY FOOT BALL","100","75","54.5","27.33","37.61","25","20.5","","","","","","","","","","","","","","","","",""
"","","NABHO TOY FROSTY REJUVENATE HYDRATE WATER BOTTEL","75","","46","0","20","100","-46","","","","","","","","","","","","","","","","",""
"","","NABHO TOY GREEN CUTTER","200","","120","0","20","100","-120","","","","","","","","","","","","","","","","",""
"","","NABHO TOY HAND GRINDER","250","","149","0","20","100","-149","","","","","","","","","","","","","","","","",""
"","","NABHO TOY HAPPY BIRTH DAY CUP","230","160","132","17.5","21.21","70","28","","","","","","","","","","","","","","","","",""
"","","NABHO TOY HAPPY BRITH DAY FRAME","250","187","160","14.44","16.88","63","27","","","","","","","","","","","","","","","","",""
"","","NABHO TOY HAPPY KIDS +LOVE BUNNE WATER BOTTAL","200","136","103","24.26","32.04","64","33","","","","","","","","","","","","","","","","",""
"","","NABHO TOY HELLO PHONE","175","175","145","17.14","20.69","0","30","","","","","","","","","","","","","","","","",""
"","","NABHO TOY HUNGRY LUNCH BOX","375","249","193","22.49","29.02","126","56","","","","","","","","","","","","","","","","",""
"","","NABHO TOY ICE CREAM QUEB","200","125","94","24.8","32.98","75","31","","","","","","","","","","","","","","","","",""
"","","NABHO TOY INDIAN MAP","150","125","90","28","38.89","25","35","","","","","","","","","","","","","","","","",""
"","","NABHO TOY JUMBO COLORING BOOK","200","149","111","25.5","34.23","51","38","","","","","","","","","","","","","","","","",""
"","","NABHO TOY JUMBO COLORING BOOK ANIMALS","200","150","11","92.67","1263.64","50","139","","","","","","","","","","","","","","","","",""
"","","NABHO TOY KEY CHAIN  TOOLS ALLAH WOODEN KEYS","225","175","125","28.57","40","50","50","","","","","","","","","","","","","","","","",""
"","","NABHO TOY KEY STAND","125","100","71","29","40.85","25","29","","","","","","","","","","","","","","","","",""
"","","NABHO TOY KIDS BAG","400","249","188","24.5","32.45","151","61","","","","","","","","","","","","","","","","",""
"","","NABHO TOY KIDS BOX A TO Z","300","220","159","27.73","38.36","80","61","","","","","","","","","","","","","","","","",""
"","","NABHO TOY KIDS MOBILE PHONE","125","99","70","29.29","41.43","26","29","","","","","","","","","","","","","","","","",""
"","","NABHO TOY KITCHEN TOOL","170","","113","0","20","100","-113","","","","","","","","","","","","","","","","",""
"","","NABHO TOY KNIFE","35","30","20","33.33","50","5","10","","","","","","","","","","","","","","","","",""
"","","NABHO TOY KNIFE SET","200","190","136","28.42","39.71","10","54","","","","","","","","","","","","","","","","",""
"","","NABHO TOY KONGGI RABBIT BAG","400","239","239","0","0","161","0","","","","","","","","","","","","","","","","",""
"","","NABHO TOY LAXMI MY COLOURING BOOK OF TOYS","50","50","40","20","25","0","10","","","","","","","","","","","","","","","","",""
"","","NABHO TOY MAGIC OF UNICORN","225","175","132.5","24.29","32.08","50","42.5","","","","","","","","","","","","","","","","",""
"","","NABHO TOY MINI POT","70","49","35","28.57","40","21","14","","","","","","","","","","","","","","","","",""
"","","NABHO TOY MOTHER TEDDY","150","145","105","27.59","38.1","5","40","","","","","","","","","","","","","","","","",""
"","","NABHO TOY MUG","75","65","47.5","26.92","36.84","10","17.5","","","","","","","","","","","","","","","","",""
"","","NABHO TOY NYLON WIRE ROPE","40","35","25","28.57","40","5","10","","","","","","","","","","","","","","","","",""
"","","NABHO TOY OCEAN WATER BOTTLE","200","165","130","21.21","26.92","35","35","","","","","","","","","","","","","","","","",""
"","","NABHO TOY PANDA DOLL","350","220","170","22.73","29.41","130","50","","","","","","","","","","","","","","","","",""
"","","NABHO TOY PANEL LCD","180","149","128","14.09","16.41","31","21","","","","","","","","","","","","","","","","",""
"","","NABHO TOY PENGUIN HELLOBE","200","149","116","22.15","28.45","51","33","","","","","","","","","","","","","","","","",""
"","","NABHO TOY PHONE STAND","285","178","79","55.62","125.32","107","99","","","","","","","","","","","","","","","","",""
"","","NABHO TOY PHONE STAND WEL COME HOME","210","119","69","42.02","72.46","91","50","","","","","","","","","","","","","","","","",""
"","","NABHO TOY PLASTIC HOOK POT","49","35","25","28.57","40","14","10","","","","","","","","","","","","","","","","",""
"","","NABHO TOY POLICE CAR","300","250","183","26.8","36.61","50","67","","","","","","","","","","","","","","","","",""
"","","NABHO TOY POWDER BOX","150","110","77","30","42.86","40","33","","","","","","","","","","","","","","","","",""
"","","NABHO TOY ROPE","50","40","34","15","17.65","10","6","","","","","","","","","","","","","","","","",""
"","","NABHO TOY ROYAL PLAST WATER BOTAL","93","93","75","19.35","24","0","18","","","","","","","","","","","","","","","","",""
"","","NABHO TOY SANK MAGIC COPY BOOK","410","246","156","36.59","57.69","164","90","","","","","","","","","","","","","","","","",""
"","","NABHO TOY SELZER VETRA TILE CLEANER","499","180","124","31.11","45.16","319","56","","","","","","","","","","","","","","","","",""
"","","NABHO TOY SHAPE SORTER CUBE","250","210","148","29.52","41.89","40","62","","","","","","","","","","","","","","","","",""
"","","NABHO TOY SMALL POT","70","49","35","28.57","40","21","14","","","","","","","","","","","","","","","","",""
"","","NABHO TOY SMART LUNCH BOX","300","220","170","22.73","29.41","80","50","","","","","","","","","","","","","","","","",""
"","","NABHO TOY STEEL VEGETABLE SLICER","175","139","114","17.99","21.93","36","25","","","","","","","","","","","","","","","","",""
"","","NABHO TOY STEEL WATER BOTTLE","230","","130","0","20","100","-130","","","","","","","","","","","","","","","","",""
"","","NABHO TOY STUFFED TOY","200","175","135","22.86","29.63","25","40","","","","","","","","","","","","","","","","",""
"","","NABHO TOY TIFFIN BOX BLUE 750 ML WITH 33","600","450","337","25.11","33.53","150","113","","","","","","","","","","","","","","","","",""
"","","NABHO TOY VAHICLE","100","80","55.5","30.63","44.14","20","24.5","","","","","","","","","","","","","","","","",""
"","","NABHO TOY WATER BOTTAL BIYAR SHAPE 1000 ML","500","399","232","41.85","71.98","101","167","","","","","","","","","","","","","","","","",""
"","","NABHO TOY WHITE FLOWER POT","80","60","40","33.33","50","20","20","","","","","","","","","","","","","","","","",""
"","","NABHO TOY WHITE SQURE FLOWER POT","125","99","77","22.22","28.57","26","22","","","","","","","","","","","","","","","","",""
"","","NABHO TOY WRITING THREE IN ONE BOOK","175","135","98","27.41","37.76","40","37","","","","","","","","","","","","","","","","",""
"","","NABHO TPOY MARIE GOLD CLOTH PEGS 12 P","48","36","24","33.33","50","12","12","","","","","","","","","","","","","","","","",""
"","17019990","NAKUL DANA 50 G","10","10","8","20","25","0","2","","","","","","","","","","","","","","","","",""
"","","NAMAH ORGANICS CHIA SEED 100 G","299","130","66","49.23","96.97","169","64","","","","","","","","","","","","","","","","",""
"8901058897487","19011090","NAN PRO  1 400 G","775","755","711.01","5.83","6.19","20","43.99","","","","","","","","","","","","","","","","",""
"8901058901856","19011090","NAN PRO 2  400 G","775","755","711.01","5.83","6.19","20","43.99","","","","","","","","","","","","","","","","",""
"8901058007701","19011090","NAN PRO 3 400 G","775","755","711.01","5.83","6.19","20","43.99","","","","","","","","","","","","","","","","",""
"8901058007718","19011090","NAN PRO 4 400 G","775","755","711.01","5.83","6.19","20","43.99","","","","","","","","","","","","","","","","",""
"","21011120","NASCAFE CLASSIC 1 G","2","2","0","100","0","0","2","","","","","","","","","","","","","","","","",""
"8901058016666","21011120","NASCAFE CLASSIC 180 G RED MUG FREE","870","820","774","5.61","5.94","50","46","","","","","","","","","","","","","","","","",""
"8901058017571","19011090","NASTLE CERELAC  BABY CEREAL WITH MILK RICE VEGETABLE 300 G","275","270","252.29","6.56","7.02","5","17.71","","","","","","","","","","","","","","","","",""
"8901058019841","4021010","NASTLE EVERY DAY DAIRY WHITENER 200 G","129","128","118.84","7.16","7.71","1","9.16","","","","","","","","","","","","","","","","",""
"8901058019872","4021010","NASTLE EVERY DAY DAIRY WHITENER 400 G","255","250","234.34","6.26","6.68","5","15.66","","","","","","","","","","","","","","","","",""
"","","NATURES NUT CHIA SEEDS 100 G","110","110","55","50","100","0","55","","","","","","","","","","","","","","","","",""
"8901248104784","33059011","NAVARATNA 45 ML","47","47","41.33","12.06","13.72","0","5.67","","","","","","","","","","","","","","","","",""
"8901248104791","33059011","NAVARATNA 90 ML","90","90","79.16","12.04","13.69","0","10.84","","","","","","","","","","","","","","","","",""
"8901248104807","33059011","NAVRATNA AYURVEDIC OIL COOL 180 ML","155","150","135","10","11.11","5","15","","","","","","","","","","","","","","","","",""
"8901248121088","33049120","NAVRATNA COOL TALC 100 G","110","110","94","14.55","17.02","0","16","","","","","","","","","","","","","","","","",""
"8901248121125","33049120","NAVRATNA COOL TALC 50 G","50","50","43.66","12.68","14.52","0","6.34","","","","","","","","","","","","","","","","",""
"8905110003205","34022020","NEEM NIMYLE  HERBAL FLOOR CLEANER 890 ML","160","150","129.68","13.55","15.67","10","20.32","","","","","","","","","","","","","","","","",""
"8901725961206","34029010","NEEM NIMYLE 500 ML","64","64","55.2","13.75","15.94","0","8.8","","","","","","","","","","","","","","","","",""
"8901725961213","3402","NEEM NIMYLE CITRO THICK FLOOR CLEANER 890 ML","110","105","89.16","15.09","17.77","5","15.84","","","","","","","","","","","","","","","","",""
"8905110003700","3402","NEEM NIMYLE HERBAL 500ML","85","80","68.89","13.89","16.13","5","11.11","","","","","","","","","","","","","","","","",""
"14/05/2026","21011200","NESCAFE ALL IN 1  28 G","30","28","23.32","16.71","20.07","2","4.68","","","","","","","","","","","","","","","","",""
"89080580","21011120","NESCAFE BLACK ROAST","520","500","439.26","12.15","13.83","20","60.74","","","","","","","","","","","","","","","","",""
"","","NESCAFE BLACK ROAST 90 G","520","520","462.84","10.99","12.35","0","57.16","","","","","","","","","","","","","","","","",""
"89080504","22029930","NESCAFE CARAMEL LATTE 200 ML","75","55","44.44","19.2","23.76","20","10.56","","","","","","","","","","","","","","","","",""
"89080481","22029930","NESCAFE CHOCO LATTE 200 ML","75","55","44.44","19.2","23.76","20","10.56","","","","","","","","","","","","","","","","",""
"","21011120","NESCAFE CLASIC STICKS 1G","2","2","1.8","10","11.11","0","0.2","","","","","","","","","","","","","","","","",""
"8901058028492","21011120","NESCAFE CLASSIC","10","10","8.98","10.2","11.36","0","1.02","","","","","","","","","","","","","","","","",""
"89080399","21011120","NESCAFE CLASSIC 180G","950","850","731.79","13.91","16.15","100","118.21","","","","","","","","","","","","","","","","",""
"89009758","21011120","NESCAFE CLASSIC 24 G","124","124","112.41","9.35","10.31","0","11.59","","","","","","","","","","","","","","","","",""
"89009949","21011120","NESCAFE CLASSIC 45 G","235","230","213.03","7.38","7.97","5","16.97","","","","","","","","","","","","","","","","",""
"89080597","21011120","NESCAFE CLASSIC 90G","445","435","383.17","11.91","13.53","10","51.83","","","","","","","","","","","","","","","","",""
"89080498","21011120","NESCAFE CLASSIC LATTE","75","70","58.5","16.43","19.66","5","11.5","","","","","","","","","","","","","","","","",""
"","","NESCAFE CLASSIC POUSE 45 G","230","","161","0","20","100","-161","","","","","","","","","","","","","","","","",""
"8801055724604","21011120","NESCAFE GOLD BLEND 100 G","755","730","617.13","15.46","18.29","25","112.87","","","","","","","","","","","","","","","","",""
"8901058867015","21011120","NESCAFE GOLD BLEND 50 G","399","380","346.96","8.69","9.52","19","33.04","","","","","","","","","","","","","","","","",""
"89080511","22029930","NESCAFE ICED CAPPUCCINO 170 ML","50","50","44.44","11.12","12.51","0","5.56","","","","","","","","","","","","","","","","",""
"89080474","22029930","NESCAFE ICED FRAPPE 170 ML","50","50","44.44","11.12","12.51","0","5.56","","","","","","","","","","","","","","","","",""
"8901058867855","22029990","NESTEA ICED TEA LEMON FLOVOUR 200 ML","30","30","24","20","25","0","6","","","","","","","","","","","","","","","","",""
"8901058021271","4021090","NESTLE  EVERY DAY DAIRY WHITENER 15 G","10","10","9.07","9.3","10.25","0","0.93","","","","","","","","","","","","","","","","",""
"8901058861921","17049090","NESTLE  MILKY BAR CREATE 47..2 G","40","40","34.17","14.58","17.06","0","5.83","","","","","","","","","","","","","","","","",""
"8901058027587","19049000","NESTLE CEREGROW MULTIGRAIN CEREAL WITH MILK & FRUITS","299","280","264.71","5.46","5.78","19","15.29","","","","","","","","","","","","","","","","",""
"8901058015829","19011090","NESTLE CERELAC BABY CEREAL WITH MILK RICE","235","230","215.59","6.27","6.68","5","14.41","","","","","","","","","","","","","","","","",""
"8901058017595","19011090","NESTLE CERELAC BABY CEREAL WITH MILK WHEAT APPLE","265","260","243.12","6.49","6.94","5","16.88","","","","","","","","","","","","","","","","",""
"8901058017557","19011090","NESTLE CERELAC BABY CEREAL WITH MILK WHEAT APPLE CHERRY","290","285","266.05","6.65","7.12","5","18.95","","","","","","","","","","","","","","","","",""
"8901058015805","19011090","NESTLE CERELAC BABY CEREAL WITH MILK WHEATT","230","225","211.01","6.22","6.63","5","13.99","","","","","","","","","","","","","","","","",""
"8901058004786","2101","NESTLE CLASSIC 17 G","10","10","8.74","12.6","14.42","0","1.26","","","","","","","","","","","","","","","","",""
"8901058029246","2101","NESTLE CLASSIC 31 G","20","20","17.08","14.6","17.1","0","2.92","","","","","","","","","","","","","","","","",""
"","","NESTLE CLASSIC FRUIT `N` NUT 65 G","50","","44.84","0","20","100","-44.84","","","","","","","","","","","","","","","","",""
"8901058019933","4022990","NESTLE EVERY DAY 1 KG","625","615","575.81","6.37","6.81","10","39.19","","","","","","","","","","","","","","","","",""
"","","NESTLE EVEYDAY DAIRY CREAMER 200 G","129","","118.83","0","20","100","-118.83","","","","","","","","","","","","","","","","",""
"8901058902891","19041090","NESTLE GOLD CRUNCHY CORN & OAT FLAKES 230 G","99","99","90","9.09","10","0","9","","","","","","","","","","","","","","","","",""
"","22029930","NESTLE ICED LATTE 170 ML","50","50","44.44","11.12","12.51","0","5.56","","","","","","","","","","","","","","","","",""
"8901058024401","1806","NESTLE KIT KAT 13.2 G","10","10","8.28","17.2","20.77","0","1.72","","","","","","","","","","","","","","","","",""
"8901058903164","18069010","NESTLE KIT KAT 38.5 GG","30","30","25.97","13.43","15.52","0","4.03","","","","","","","","","","","","","","","","",""
"8901058905113","19053211","NESTLE KIT KAT 57 G","50","50","43.29","13.42","15.5","0","6.71","","","","","","","","","","","","","","","","",""
"8901058014341","19053211","NESTLE KIT KAT DELIGHTS  DARK 50 G","95","90","79.5","11.67","13.21","5","10.5","","","","","","","","","","","","","","","","",""
"8901058868647","19053211","NESTLE KIT KAT DELIGHTS 50 G","95","90","5.26","94.16","1611.03","5","84.74","","","","","","","","","","","","","","","","",""
"","","NESTLE KIT KAT HAVE A BREAK HAVE A KIT KAT 12.1 G","10","10","8.95","10.5","11.73","0","1.05","","","","","","","","","","","","","","","","",""
"8901058868647","18069010","NESTLE KITKAT DELIGHTS 150 G","185","180","162.6","9.67","10.7","5","17.4","","","","","","","","","","","","","","","","",""
"8901058852141","18069010","NESTLE KITKAT DELIGHTS CARAMEL 50 G","90","90","77.49","13.9","16.14","0","12.51","","","","","","","","","","","","","","","","",""
"8901058013863","18069090","NESTLE KITKAT DELIGHTS DOUBLE  CHOCO 63 G","120","120","103.32","13.9","16.14","0","16.68","","","","","","","","","","","","","","","","",""
"8901058023329","18069010","NESTLE KITKAT DELIGHTS HAZELNUT  120 G","185","185","162.6","12.11","13.78","0","22.4","","","","","","","","","","","","","","","","",""
"8901058852165","18069010","NESTLE KITKAT DELIGHTS RICH 50 G","90","90","77.49","13.9","16.14","0","12.51","","","","","","","","","","","","","","","","",""
"8901058023305","18069010","NESTLE KITKAT DELIGHTS SALTED CARAMEL112 G","185","185","162.6","12.11","13.78","0","22.4","","","","","","","","","","","","","","","","",""
"8901058905267","19011090","NESTLE LACTOGEN PRO 1","450","440","412.84","6.17","6.58","10","27.16","","","","","","","","","","","","","","","","",""
"8901058008906","19011090","NESTLE LACTOGEN PRO 2","450","440","412.84","6.17","6.58","10","27.16","","","","","","","","","","","","","","","","",""
"8901058003215","19011090","NESTLE LACTOGROW","365","360","334.86","6.98","7.51","5","25.14","","","","","","","","","","","","","","","","",""
"8901058903959","4029920","NESTLE MILKMAID 380 G","145","140","133.01","4.99","5.26","5","6.99","","","","","","","","","","","","","","","","",""
"8901058021950","4029990","NESTLE MILKMAID MINI 190 G","84","82","75.13","8.38","9.14","2","6.87","","","","","","","","","","","","","","","","",""
"8901058029949","18069010","NESTLE MILKY BAR 24.5 G","20","20","0","100","0","0","20","","","","","","","","","","","","","","","","",""
"8901058875577","18069010","NESTLE MILKY BAR13.2 G","10","10","8.83","11.7","13.25","0","1.17","","","","","","","","","","","","","","","","",""
"8901058018639","18069010","NESTLE MILKYBAR 24.5 G","20","20","17.08","14.6","17.1","0","2.92","","","","","","","","","","","","","","","","",""
"","","NESTLE MILKYBAR DISCOVER 21 G","20","20","17.93","10.35","11.54","0","2.07","","","","","","","","","","","","","","","","",""
"8901058028010","40139090","NESTLE MILKYBAR MOOSHA CARAMEL + NOUGAT BAR 20 G","10","10","8.96","10.4","11.61","0","1.04","","","","","","","","","","","","","","","","",""
"8901058028034","40139090","NESTLE MILKYBAR MOOSHA CARAMEL + NOUGAT BAR 40.5 G","20","20","17.93","10.35","11.54","0","2.07","","","","","","","","","","","","","","","","",""
"8901058009439","18069010","NESTLE MUNCH 10.4 G","5","5","4.39","12.2","13.9","0","0.61","","","","","","","","","","","","","","","","",""
"8901058022179","18069010","NESTLE MUNCH 17.4 G","10","10","7.9","21","26.58","0","2.1","","","","","","","","","","","","","","","","",""
"8901058026283","19041090","NESTLE MUNCH CEREAL CHOCO 17 G","10","10","9.09","9.1","10.01","0","0.91","","","","","","","","","","","","","","","","",""
"8901058019223","18069010","NESTLE MUNCH CHOCO FILLS 100 G","80","75","64.71","13.72","15.9","5","10.29","","","","","","","","","","","","","","","","",""
"8901058005080","18069010","NESTLE MUNCH MAX 42 G","20","20","17.57","12.15","13.83","0","2.43","","","","","","","","","","","","","","","","",""
"8901058002232","19011090","NESTLE NANGROW","570","550","508.93","7.47","8.07","20","41.07","","","","","","","","","","","","","","","","",""
"8901058025712","19011090","NESTLE NESTOGEN 1","275","270","252.29","6.56","7.02","5","17.71","","","","","","","","","","","","","","","","",""
"8901058897692","19011090","NESTLE NESTOGEN 2","265","260","234.11","9.96","11.06","5","25.89","","","","","","","","","","","","","","","","",""
"8901058023848","19011010","NESTLE NESTUM BABY CEREAL RICE","175","170","160.55","5.56","5.89","5","9.45","","","","","","","","","","","","","","","","",""
"8901058023176","19011090","NESTLE NESTUM BABY CEREAL RICE FRUITS","215","210","197.25","6.07","6.46","5","12.75","","","","","","","","","","","","","","","","",""
"8901058023169","19011090","NESTLE NESTUM BABY CEREAL RICE VEGETABLE","195","190","178.9","5.84","6.2","5","11.1","","","","","","","","","","","","","","","","",""
"89080061","1704","NESTLE POLO 13.5 G","5","5","4.19","16.2","19.33","0","0.81","","","","","","","","","","","","","","","","",""
"","","NEW REXONA COCONUT & OLIVE OILS SOAP 100 G","40","40","37.03","7.43","8.02","0","2.97","","","","","","","","","","","","","","","","",""
"","","NEW VVEG HAKKA NOODLES 140 G","35","","30","0","20","100","-30","","","","","","","","","","","","","","","","",""
"8901088704342","33059019","NIHAR NATURALS COCONUT HAIR OIL 200 ML","92","90","83.55","7.17","7.72","2","6.45","","","","","","","","","","","","","","","","",""
"8901088722759","33059011","NIHAR NATURALS WITH METHI JASMINE 240 ML","81","75","66.32","11.57","13.09","6","8.68","","","","","","","","","","","","","","","","",""
"8901088030090","33059011","NIHAR NATURALS WITH METHI JASMINE 40 ML","20","20","17.24","13.8","16.01","0","2.76","","","","","","","","","","","","","","","","",""
"8901088028073","33059011","NIHAR NATURASCOCONUT HAIR OIL 99 ML","43","43","37.5","12.79","14.67","0","5.5","","","","","","","","","","","","","","","","",""
"8904256002479","33049930","NIVEA ALOE BODY LOTION HYDRATION  200 ML","275","260","219.02","15.76","18.71","15","40.98","","","","","","","","","","","","","","","","",""
"8904256023221","33049990","NIVEA BODY MILK 75 ML","85","80","67.7","15.38","18.17","5","12.3","","","","","","","","","","","","","","","","",""
"","","NIVEA BODY MILK SHEA SMOTH 200 ML","330","","281","0","20","100","-281","","","","","","","","","","","","","","","","",""
"42288541","33049990","NIVEA BODY NATURAL GLOW CELL REPAIR 75 ML","149","149","118.67","20.36","25.56","0","30.33","","","","","","","","","","","","","","","","",""
"42204244","33049910","NIVEA CREAM 60 ML","150","140","124","11.43","12.9","10","16","","","","","","","","","","","","","","","","",""
"","","NIVEA CREME 25 ML","65","","50","0","20","100","-50","","","","","","","","","","","","","","","","",""
"42428879","33049910","NIVEA CRÈME 25 ML","65","60","50","16.67","20","5","10","","","","","","","","","","","","","","","","",""
"42438670","33049910","NIVEA CRÈME 30 ML","90","85","74","12.94","14.86","5","11","","","","","","","","","","","","","","","","",""
"42467366","33072000","NIVEA DEO DERMA CONTROL 25 ML","99","85","74.47","12.39","14.14","14","10.53","","","","","","","","","","","","","","","","",""
"42332978","33072000","NIVEA DEO ROLL MEN 25 ML","125","110","94.03","14.52","16.98","15","15.97","","","","","","","","","","","","","","","","",""
"8904256023603","33072000","NIVEA DERMA CONTROL 150 ML","299","240","190.27","20.72","26.14","59","49.73","","","","","","","","","","","","","","","","",""
"","","NIVEA LUMINOUS EVENGLOW FACE WASH 50 ML","150","150","112.82","24.79","32.96","0","37.18","","","","","","","","","","","","","","","","",""
"4005808919604","33049990","NIVEA MEN FACE WASH 3 D ACTION 50 G","135","130","109.9","15.46","18.29","5","20.1","","","","","","","","","","","","","","","","",""
"4005808231423","34013090","NIVEA MEN FACE WASH 50 G","119","110","96.89","11.92","13.53","9","13.11","","","","","","","","","","","","","","","","",""
"","","NIVEA MEN FRESH POWER INFINIFRESH 50 ML","249","","143","0","20","100","-143","","","","","","","","","","","","","","","","",""
"42333005","33072000","NIVEA PEARL & BEAUTY 25 ML","125","125","94.03","24.78","32.94","0","30.97","","","","","","","","","","","","","","","","",""
"8904256007948","34013090","NIVEA SHOWER GEL FRANGIPANI & OIL 125 ML","135","130","110.45","15.04","17.7","5","19.55","","","","","","","","","","","","","","","","",""
"8904256008006","34013090","NIVEA SHOWER GEL LEMON & OIL 125 ML","135","130","110.45","15.04","17.7","5","19.55","","","","","","","","","","","","","","","","",""
"8904256007979","34013090","NIVEA SHOWER GEL WATERLILY & OIL 125  ML","135","130","110.45","15.04","17.7","5","19.55","","","","","","","","","","","","","","","","",""
"42495482","33049990","NIVEA SOFT DAILY UV CREAM 25 ML","65","60","51.77","13.72","15.9","5","8.23","","","","","","","","","","","","","","","","",""
"42467168","33049990","NIVEA SOFT DAILYUV 50 ML","165","160","131.41","17.87","21.76","5","28.59","","","","","","","","","","","","","","","","",""
"42204091","33049990","NIVEA SOFT LIGHT MOISTURIZING CREAM  100 ML","290","240","200","16.67","20","50","40","","","","","","","","","","","","","","","","",""
"42204169","33049990","NIVEA SOFT LIGHT MOISTURIZING CREAM  50 ML","138","115","98","14.78","17.35","23","17","","","","","","","","","","","","","","","","",""
"42241782","33049990","NIVEA SOFT LIGHT MOISTURIZING CREAM 25 ML","55","50","39","22","28.21","5","11","","","","","","","","","","","","","","","","",""
"","","NP DRIED APRICOT 250 G","499","249","149","40.16","67.11","250","100","","","","","","","","","","","","","","","","",""
"","","NUTRAJ  ARABIAN DATES 500G","185","140","81","42.14","72.84","45","59","","","","","","","","","","","","","","","","",""
"","","NUTRAJ IRANIAN PISTACHIO INSHELL 200 G","415","375","270","28","38.89","40","105","","","","","","","","","","","","","","","","",""
"8906032016571","21061000","NUTRELA SOYA CHUNKS  200 G","50","45","36.19","19.58","24.34","5","8.81","","","","","","","","","","","","","","","","",""
"8906032010982","21061000","NUTRELA SOYA CHUNKS READ 1 KG","210","150","101.9","32.07","47.2","60","48.1","","","","","","","","","","","","","","","","",""
"8906032018926","21061000","NUTRELA SOYA CHUNKS RED 40 G","10","10","7.14","28.6","40.06","0","2.86","","","","","","","","","","","","","","","","",""
"8906032018940","21061000","NUTRELA SOYA CHUNKS RED 80 G","14","14","11.9","15","17.65","0","2.1","","","","","","","","","","","","","","","","",""
"8906032011019","21061000","NUTRELA SOYA MINI  200 G","50","43.43","36.19","16.67","20.01","6.57","7.24","","","","","","","","","","","","","","","","",""
"8906032018919","21061000","NUTRELA SOYA MINI CHUNKS GREEN 40 G","10","10","7.14","28.6","40.06","0","2.86","","","","","","","","","","","","","","","","",""
"","","NUTRITOZ RAW CHIA SEEDS 50 G BUY 1 GET 1 FREE","149","130","72","44.62","80.56","19","58","","","","","","","","","","","","","","","","",""
"","","NUTTSY NIRVANA MIX DRY FRUITS","999","425","281","33.88","51.25","574","144","","","","","","","","","","","","","","","","",""
"","","NUTTY BAR 50 ML","18","118","21.18","82.05","457.13","-100","96.82","","","","","","","","","","","","","","","","",""
"8901542001437","33049120","NYCIL COOL HERBAL 50 G","50","45","35.94","20.13","25.21","5","9.06","","","","","","","","","","","","","","","","",""
"8904245754655","33049920","NYKAA  COSMETICS INSTALIKE NAIL ENAMEL 475","129","100","62.56","37.44","59.85","29","37.44","","","","","","","","","","","","","","","","",""
"8904245754693","330499","NYKAA COSMETICS INSTALIKE 479","129","100","62.56","37.44","59.85","29","37.44","","","","","","","","","","","","","","","","",""
"8904245754792","33049990","NYKAA COSMETICS NAIL ENAMEL 351","129","100","62.56","37.44","59.85","29","37.44","","","","","","","","","","","","","","","","",""
"8904245754839","33049990","NYKAA COSMETICS NAIL ENAMEL 355 (9ML)","129","100","62.56","37.44","59.85","29","37.44","","","","","","","","","","","","","","","","",""
"8904245754891","33049990","NYKAA COSMETICS NAIL ENAMEL 361","129","100","62.56","37.44","59.85","29","37.44","","","","","","","","","","","","","","","","",""
"8904245758110","33042000","NYKAA INTENSE BULLET BLACK KAJAL  1 G","60","40","26.67","33.33","49.98","20","13.33","","","","","","","","","","","","","","","","",""
"8904245704889","33049990","NYKAA SKIN  SECRETS BLACK MUD + ALOE VERA 20 G","100","100","97","3","3.09","0","3","","","","","","","","","","","","","","","","",""
"8904245712280","33049990","NYKAA SKIN SECRETS GOLD SHEET MASK 20 G","100","100","97","3","3.09","0","3","","","","","","","","","","","","","","","","",""
"8901499011220","11041200","OATS TRUSTED BY NUTRITIONISTS 990 G","199","195","173.67","10.94","12.28","4","21.33","","","","","","","","","","","","","","","","",""
"8901207500053","38089191","ODOMOS 100 G","115","110","94.09","14.46","16.91","5","15.91","","","","","","","","","","","","","","","","",""
"8901207048005","33074900","ODONIL AIR FRESHENER 240 G","245","220","181.24","17.62","21.39","25","38.76","","","","","","","","","","","","","","","","",""
"8901207033735","33074900","ODONIL ROOM SPARY CITRUS FRESH  220 ML","169","120","98","18.33","22.45","49","22","","","","","","","","","","","","","","","","",""
"8901207033728","33074900","ODONIL ROOM SPARY LAVENDER MIST","169","120","98","18.33","22.45","49","22","","","","","","","","","","","","","","","","",""
"8901207034046","33074900","ODONIL ROOM SPRAY SANDAL","169","120","98","18.33","22.45","49","22","","","","","","","","","","","","","","","","",""
"","","OMEGA BOOST MIX 150 G","349","","100","0","20","100","-100","","","","","","","","","","","","","","","","",""
"4987176226556","96032100","ORAL-B KIDS CHHOTA BHEEM","25","25","20","20","25","0","5","","","","","","","","","","","","","","","","",""
"4902430874526","96032100","ORAL-B SHINY CLEAN","20","20","17","15","17.65","0","3","","","","","","","","","","","","","","","","",""
"8901030821998","2105","ORANGE MAHA 65 ML","9","9","7.45","17.22","20.81","0","1.55","","","","","","","","","","","","","","","","",""
"7622202820946","21069050","ORANGE TANG 17.2 G","5","5","4.54","9.2","10.13","0","0.46","","","","","","","","","","","","","","","","",""
"8906004867033","48182000","ORIGAMI PAPER NAPKINS 80 SHEETS","60","40","30","25","33.33","20","10","","","","","","","","","","","","","","","","",""
"8939116050024","30049086","ORS-E  ORANGE 200 ML","12","10","7.83","21.7","27.71","2","2.17","","","","","","","","","","","","","","","","",""
"8939116050956","30049086","ORS-E LEMON 200 ML","12","10","7.83","21.7","27.71","2","2.17","","","","","","","","","","","","","","","","",""
"","","OSCAR FOREVER PARIS 100 ML","429","","197","0","20","100","-197","","","","","","","","","","","","","","","","",""
"","","OSHEA HERBALS CAFEINE PRO FACEMASK 120 G","285","","194","0","20","100","-194","","","","","","","","","","","","","","","","",""
"","","OSHEA HERBALS GRAPEMOIST MOISTURISING LOTION 120 ML","275","","197","0","20","100","-197","","","","","","","","","","","","","","","","",""
"","","OSHEA HERBALS PAPAYA CLEAN SPF-25+++ 50 G","445","","351","0","20","100","-351","","","","","","","","","","","","","","","","",""
"","19053100","OSMANIA SALT & SWEET COOKIEES","70","65","55","15.38","18.18","5","10","","","","","","","","","","","","","","","","",""
"8904238300630","3303","OSSUM  PLEASURE 115 ML","275","230","191.3","16.83","20.23","45","38.7","","","","","","","","","","","","","","","","",""
"8904238300647","33030090","OSSUM BLOSSOM 115 ML","275","230","191.3","16.83","20.23","45","38.7","","","","","","","","","","","","","","","","",""
"8904238300654","3307","OSSUM DELIGHT 115 ML","275","230","191.3","16.83","20.23","45","38.7","","","","","","","","","","","","","","","","",""
"8904238300623","33030090","OSSUM ROMANCE 115 ML","275","230","191.3","16.83","20.23","45","38.7","","","","","","","","","","","","","","","","",""
"","10063010","PAALKI BD RICE 26 KG","1250","1250","1080","13.6","15.74","0","170","","","","","","","","","","","","","","","","",""
"","10063010","PAALKI GANGA 26 KG","1300","1300","0","100","0","0","1300","","","","","","","","","","","","","","","","",""
"","10063010","PAALKI GANGA RICE 26 KG","1300","1300","1170","10","11.11","0","130","","","","","","","","","","","","","","","","",""
"","10063010","PAALKI RICH 1 KG","55","55","0","100","0","0","55","","","","","","","","","","","","","","","","",""
"","10063010","PAALKI RICH 26 KG","1150","1150","0","100","0","0","1150","","","","","","","","","","","","","","","","",""
"4987176071385","96190030","PAMPERS HAPPY SLEEP  M","23","23","18.12","21.22","26.93","0","4.88","","","","","","","","","","","","","","","","",""
"4987176071361","96190030","PAMPERS HAPPY SLEEP  XL","38","36","30","16.67","20","2","6","","","","","","","","","","","","","","","","",""
"4987176071323","96190030","PAMPERS HAPPY SLEEP S","18","18","14.75","18.06","22.03","0","3.25","","","","","","","","","","","","","","","","",""
"4987176071347","96190030","PAMPERS L","32","30","25","16.67","20","2","5","","","","","","","","","","","","","","","","",""
"8904362500180","33049990","PAPAYA FACE WASH 120 ML","235","210","169.2","19.43","24.11","25","40.8","","","","","","","","","","","","","","","","",""
"","","PAPER BAG","4","4","0","100","0","0","4","","","","","","","","","","","","","","","","",""
"8901088726023","33059011","PARACHUTE ADVANSED GOLD COCONUT OIL 100 ML","61","61","55","9.84","10.91","0","6","","","","","","","","","","","","","","","","",""
"8901088726016","33059019","PARACHUTE ADVANSED GOLD COCONUT OIL 175 ML","107","105","97","7.62","8.25","2","8","","","","","","","","","","","","","","","","",""
"8901088045674","33059011","PARACHUTE JASMINE HELLO SHINE HAIR 190 ML","89","85","79","7.06","7.59","4","6","","","","","","","","","","","","","","","","",""
"8901571010677","33061010","PARODONTAX DAILY FLUORIDE 75 G","125","100","88.25","11.75","13.31","25","11.75","","","","","","","","","","","","","","","","",""
"8904422709034","33061020","PATANJALI DANT KANTI NATURAL TOOTHPASTE 43 G","20","20","18.12","9.4","10.38","0","1.88","","","","","","","","","","","","","","","","",""
"8901058003017","19023010","PAZZTA MASALA PENNE 69.5 G","35","30","25.68","14.4","16.82","5","4.32","","","","","","","","","","","","","","","","",""
"","","PEARS ORIGINAL GLYCERIN BAR  4 BARS","164","164","151.85","7.41","8","0","12.15","","","","","","","","","","","","","","","","",""
"8901030871030","34011110","PEARS ORIGINAL GLYCERIN BAR OIL  CLEAR GLOW 75 G","53","50","44.58","10.84","12.16","3","5.42","","","","","","","","","","","","","","","","",""
"8901030937217","34011110","PEARS ORIGINAL GLYCERIN BAR PURE & GENTLE GLOW 60 G","20","20","17.59","12.05","13.7","0","2.41","","","","","","","","","","","","","","","","",""
"8901030942716","34011110","PEARS ORIGINAL GLYCERIN BAR PURE & GENTLE GLOW 75 G","35","35","30.4","13.14","15.13","0","4.6","","","","","","","","","","","","","","","","",""
"8901030871016","34011190","PEARS ORIGINAL GLYCERIN BAR SOFT & FRESH GLOW 100 G","50","50","42.05","15.9","18.91","0","7.95","","","","","","","","","","","","","","","","",""
"8901030766947","34011190","PEARS ORIGINAL GLYCERIN PURE & GENTLE GLOW 100 G","50","50","44.8","10.4","11.61","0","5.2","","","","","","","","","","","","","","","","",""
"8901030768934","34013090","PEARS PURE & GENTLE GLOW  PARABENS & SOAP 250 ML","140","120","99.02","17.48","21.19","20","20.98","","","","","","","","","","","","","","","","",""
"","","PENCIL COOKIES","20","20","17","15","17.65","0","3","","","","","","","","","","","","","","","","",""
"8902080001057","22029990","PEPSI 250 ML","10","10","0","100","0","0","10","","","","","","","","","","","","","","","","",""
"8902080104581","22029090","PEPSI 400 ML","20","20","17.14","14.3","16.69","0","2.86","","","","","","","","","","","","","","","","",""
"8902080105045","22029090","PEPSI CAN 300 ML","40","40","33.33","16.68","20.01","0","6.67","","","","","","","","","","","","","","","","",""
"8909106010406","33061010","PEPSODENT  GUM CARE+  70 G","61","60","54.76","8.73","9.57","1","5.24","","","","","","","","","","","","","","","","",""
"8909106023024","33061020","PEPSODENT 12 HR GERMI  100 G","64","64","55.73","12.92","14.84","0","8.27","","","","","","","","","","","","","","","","",""
"8909106022904","33061020","PEPSODENT 12 HR GERMI 42 G","20","20","17.6","12","13.64","0","2.4","","","","","","","","","","","","","","","","",""
"8909106031128","33061010","PEPSODENT 2 IN 1 150 G","115","115","103.23","10.23","11.4","0","11.77","","","","","","","","","","","","","","","","",""
"8909106031111","33061010","PEPSODENT 2 IN 1 80 G","61","61","54.76","10.23","11.4","0","6.24","","","","","","","","","","","","","","","","",""
"8909106010376","33061020","PEPSODENT EXPERT GUM CARE 140 G","115","115","103.24","10.23","11.39","0","11.76","","","","","","","","","","","","","","","","",""
"8901030961373","96032100","PEPSODENT FIGHTER MEDIUM THOOTH BRUSH 10+2","18","15","10.97","26.87","36.74","3","4.03","","","","","","","","","","","","","","","","",""
"8901030961366","96032100","PEPSODENT FIGHTER SOFT THOOTH BRUSH 10+2","18","15","10.97","26.87","36.74","3","4.03","","","","","","","","","","","","","","","","",""
"8901030926570","96032100","PEPSODENT GERMI CHECK 200 G","131","130","114.07","12.25","13.97","1","15.93","","","","","","","","","","","","","","","","",""
"8901030933530","96032100","PEPSODENT GUM EXPERT  TOOTH BRUSH BUY 2 GET 1 FREE","100","85","73.14","13.95","16.22","15","11.86","","","","","","","","","","","","","","","","",""
"8901030933523","96032100","PEPSODENT GUM EXPERT TOOTH BRUSH","50","44","36.57","16.89","20.32","6","7.43","","","","","","","","","","","","","","","","",""
"8906142023964","33049990","PLIX 10% NIACINAMIDE JAMUN FACE SERUM (30ML)","575","495","394.94","20.21","25.34","80","100.06","","","","","","","","","","","","","","","","",""
"8906142023957","33049990","PLIX 2% ALPHA ARBUTIN PINEAPPLE SERUM FOR PIGMENTATION & DARK SPOT REDUCTION (30ML )","575","495","394.94","20.21","25.34","80","100.06","","","","","","","","","","","","","","","","",""
"8906183213058","33049990","PLIX GUAVA GLOW JUICY CLEANSER FACE WASH 90 ML","275","240","188.89","21.3","27.06","35","51.11","","","","","","","","","","","","","","","","",""
"8906183213041","33049990","PLIX JAMUN ACTIVE ACNE JUICY CLEANSER SALICYLIC ACID  BETAINE AZELAIC ACID FACE WASH 90 ML","275","240","188.89","21.3","27.06","35","51.11","","","","","","","","","","","","","","","","",""
"8904430202831","33049190","PLUM 10% NIACINAMIDE FACE SERUM 10 ML","249","220","178.13","19.03","23.51","29","41.87","","","","","","","","","","","","","","","","",""
"8906118413065","33049990","PLUM 10% NIACINAMIDE FACE SERUM 15 ML","349","300","249.67","16.78","20.16","49","50.33","","","","","","","","","","","","","","","","",""
"","","POND`S DREAMFLOWER 400 G","369","369","335","9.21","10.15","0","34","","","","","","","","","","","","","","","","",""
"","","POND`S MAGIG 400 G","408","408","370","9.31","10.27","0","38","","","","","","","","","","","","","","","","",""
"8901030989858","34013090","PONDS ACTIVATED CHARCOAL  50 G","125","120","108.28","9.77","10.82","5","11.72","","","","","","","","","","","","","","","","",""
"8909106046610","33049910","PONDS BB+ CREAM IVORY  18 G","189","180","163.71","9.05","9.95","9","16.29","","","","","","","","","","","","","","","","",""
"8909106055346","33049930","PONDS BODY LOTION 90 ML","120","115","102.34","11.01","12.37","5","12.66","","","","","","","","","","","","","","","","",""
"8909106055247","33049930","PONDS BRIGHT  BEAUTY BODY LOTION 275 ML","415","332","232.85","29.86","42.58","83","99.15","","","","","","","","","","","","","","","","",""
"8901030989827","34013090","PONDS BRIGHT BEAUTY ANTI DULLNESS FACEWASH  50 G","105","105","90.95","13.38","15.45","0","14.05","","","","","","","","","","","","","","","","",""
"8901030989865","34013090","PONDS BRIGHT BEAUTY FACEWASH 100 G","209","205","181.04","11.69","13.23","4","23.96","","","","","","","","","","","","","","","","",""
"8909106047129","33049910","PONDS BRIGHT BEAUTY NIASORCINOL  CREAM 50 G","359","350","310.97","11.15","12.55","9","39.03","","","","","","","","","","","","","","","","",""
"8909106047143","33049910","PONDS BRIGHT BEAUTY SERUM IN CREAM POFF 15 G","69","67","59.77","10.79","12.1","2","7.23","","","","","","","","","","","","","","","","",""
"8901030989797","33049930","PONDS BRIGHT MIRACLE DETOX FACEWASH 100 G","240","230","207.89","9.61","10.64","10","22.11","","","","","","","","","","","","","","","","",""
"8901030869013","33049120","PONDS FRAGRANTT TALCUM POWDER PINK LILY 100 G","111","110","96.65","12.14","13.81","1","13.35","","","","","","","","","","","","","","","","",""
"8901030869020","33049120","PONDS FRAGRANTT TALCUM POWDER PINK LILY 50 G","58","58","50.5","12.93","14.85","0","7.5","","","","","","","","","","","","","","","","",""
"8909106027091","33049910","PONDS HYDRA MIRACLE  SUPER LIGHT GEL 25 ML","75","75","64.96","13.39","15.46","0","10.04","","","","","","","","","","","","","","","","",""
"8909106063846","33049910","PONDS HYDRA MIRACLE COLD CREAM 30 ML","70","70","60.95","12.93","14.85","0","9.05","","","","","","","","","","","","","","","","",""
"8909106064638","33049910","PONDS HYDRA MIRACLE COLD CREAM 55 ML","125","120","108.85","9.29","10.24","5","11.15","","","","","","","","","","","","","","","","",""
"8909106027893","33049990","PONDS HYDRA MIRACLE LIGHT MOISTURISER  100 ML","285","275","246.87","10.23","11.39","10","28.13","","","","","","","","","","","","","","","","",""
"8909106027879","33049990","PONDS HYDRA MIRACLE LIGHT MOISTURISER  30 ML","60","60","51.97","13.38","15.45","0","8.03","","","","","","","","","","","","","","","","",""
"8901030865466","33049990","PONDS HYDRA MIRACLE LIGHT MOISTURISER  50 ML","150","145","129.93","10.39","11.6","5","15.07","","","","","","","","","","","","","","","","",""
"8909106057463","33049120","PONDS MAGIC BODY POWDER 40 G","62","60","54.12","9.8","10.86","2","5.88","","","","","","","","","","","","","","","","",""
"8901030868962","33049120","PONDS MAGIC POWDER 100 G","133","130","115.81","10.92","12.25","3","14.19","","","","","","","","","","","","","","","","",""
"8901030869112","33049120","PONDS SANDAL  POWDER 100 G","133","130","115.81","10.92","12.25","3","14.19","","","","","","","","","","","","","","","","",""
"8909106057517","33049120","PONDS SANDAL POWDER 80 G","117","115","102.14","11.18","12.59","2","12.86","","","","","","","","","","","","","","","","",""
"","","PONDS SKIN INSTITUTE HYDRA MIRACLE SUPER LIGHT GEL 50 ML","178","178","156.14","12.28","14","0","21.86","","","","","","","","","","","","","","","","",""
"8901030536939","33049910","PONDS SUN MIRACLE GEL 15 G","85","80","66.26","17.18","20.74","5","13.74","","","","","","","","","","","","","","","","",""
"8901030536953","33049910","PONDS SUN MIRACLE GEL 50 G","339","310","264.28","14.75","17.3","29","45.72","","","","","","","","","","","","","","","","",""
"8901030576621","33049990","PONDS YOUTHFUL MIRACLE  SPF PA++ 12 G","135","135","116.94","13.38","15.44","0","18.06","","","","","","","","","","","","","","","","",""
"8901030576638","33049990","PONDS YOUTHFUL MIRACLE DAY CREAM SPF PA++ 20 G","299","290","259","10.69","11.97","9","31","","","","","","","","","","","","","","","","",""
"8901030869129","33049120","PONSD SANDAL POWDER 50 G","68","68","59.21","12.93","14.85","0","8.79","","","","","","","","","","","","","","","","",""
"8909106047150","33049910","PONSDS BRIGHT BEAUTY SERUM IN CREAM POFF 23 G","105","100","88.32","11.68","13.22","5","11.68","","","","","","","","","","","","","","","","",""
"8906100180999","96039000","POWER LOOP MOP","275","200","165","17.5","21.21","75","35","","","","","","","","","","","","","","","","",""
"","","POWER PUNCH MIX 150 G","399","149","99","33.56","50.51","250","50","","","","","","","","","","","","","","","","",""
"8901721004617","19059090","PRABHUJI  LACHHA 500 G","190","120","105","12.5","14.29","70","15","","","","","","","","","","","","","","","","",""
"8901721010618","21069099","PRABHUJI  NIMKI  400 G","80","75","65","13.33","15.38","5","10","","","","","","","","","","","","","","","","",""
"","","PRABHUJI AAM PANNA 750 ML","175","","140","0","20","100","-140","","","","","","","","","","","","","","","","",""
"8901721000268","21069099","PRABHUJI ALL IN ONE MIXTURE 200 G","55","54","45","16.67","20","1","9","","","","","","","","","","","","","","","","",""
"8901721000039","21069099","PRABHUJI BHUJIA 400 G","112","105","92","12.38","14.13","7","13","","","","","","","","","","","","","","","","",""
"8901721000022","21069099","PRABHUJI BHUJIA CRUNCHY SNACKS  200 G","56","55","46","16.36","19.57","1","9","","","","","","","","","","","","","","","","",""
"8901721000046","21069099","PRABHUJI BHUJIA MUNCHY MASTI 34 G","10","10","8","20","25","0","2","","","","","","","","","","","","","","","","",""
"8901721000008","21069099","PRABHUJI BHUJIA MUNCHY MASTI 900 G","429","250","197","21.2","26.9","179","53","","","","","","","","","","","","","","","","",""
"8901721000923","21069099","PRABHUJI CHANA CHIPS 200 G","95","90","77","14.44","16.88","5","13","","","","","","","","","","","","","","","","",""
"8901721001036","19053100","PRABHUJI COOKIE BITE 150 G","70","68","58","14.71","17.24","2","10","","","","","","","","","","","","","","","","",""
"","","PRABHUJI CREAM ROLL VANILLA 32 G","10","","8","0","20","100","-8","","","","","","","","","","","","","","","","",""
"8901721016580","21069099","PRABHUJI CRUSHED PEANUTS 32 G","10","10","8","20","25","0","2","","","","","","","","","","","","","","","","",""
"8901721000640","21069099","PRABHUJI JHAL CHANA CHUR TANGY MIX 200 G","55","53","45","15.09","17.78","2","8","","","","","","","","","","","","","","","","",""
"8901721009018","21069099","PRABHUJI KACHORI 34 G","10","10","8","20","25","0","2","","","","","","","","","","","","","","","","",""
"8901721016481","21069099","PRABHUJI KACHORI MASALA 270 G","115","110","96","12.73","14.58","5","14","","","","","","","","","","","","","","","","",""
"","","PRABHUJI KAJU SALTED 33 G","50","","42","0","20","100","-42","","","","","","","","","","","","","","","","",""
"8901721000213","21069099","PRABHUJI KHATTA MEETHA  42 G","10","10","8","20","25","0","2","","","","","","","","","","","","","","","","",""
"8901721000237","21069099","PRABHUJI KHATTA MEETHA 400 G","100","98","90","8.16","8.89","2","8","","","","","","","","","","","","","","","","",""
"8901721000190","21069099","PRABHUJI KHATTA MEETHA MIXTURE  200 G","50","50","43","14","16.28","0","7","","","","","","","","","","","","","","","","",""
"8901721000961","21069099","PRABHUJI MINI SAMOSA 200 G","60","60","50","16.67","20","0","10","","","","","","","","","","","","","","","","",""
"8901721000466","21069099","PRABHUJI MOONG DAL  34 G","10","10","8","20","25","0","2","","","","","","","","","","","","","","","","",""
"8901721000947","21069099","PRABHUJI MURUKKU 200 G","75","75","63","16","19.05","0","12","","","","","","","","","","","","","","","","",""
"8901721001630","21069099","PRABHUJI PUNJABI TADKA 200 G","65","63","53","15.87","18.87","2","10","","","","","","","","","","","","","","","","",""
"8901721011257","21069099","PRABHUJI PURE FOOD  BHUJIA 74 G","20","20","16","20","25","0","4","","","","","","","","","","","","","","","","",""
"","","PRABHUJI PURE FOOD BAKED ALMOND STICKS  250 G","145","140","115","17.86","21.74","5","25","","","","","","","","","","","","","","","","",""
"8901721016559","21069099","PRABHUJI PURE FOOD CHOWPATI 110 G","47","40","30","25","33.33","7","10","","","","","","","","","","","","","","","","",""
"","","PRABHUJI REFRESHING ROSE SYRUP 750 ML","175","","140","0","20","100","-140","","","","","","","","","","","","","","","","",""
"8901721014852","21069099","PRABHUJI SOAN PAPDI  ELAICHI 450 G","145","120","90","25","33.33","25","30","","","","","","","","","","","","","","","","",""
"8901721001517","21069099","PRABHUJI SOAN PAPDI ELAICHI 200 G","65","60","48","20","25","5","12","","","","","","","","","","","","","","","","",""
"8901721000541","21069099","PRABHUJI TOK JHAL MISTI MIXTURE 36 G","10","10","8","20","25","0","2","","","","","","","","","","","","","","","","",""
"8901721000527","21069099","PRABHUJI TOK JHAL MISTI SPICY SPIN 200 G","55","55","47","14.55","17.02","0","8","","","","","","","","","","","","","","","","",""
"8901721005195","21069099","PRABHUJI VERMICELLI SPECIAL SEVAYYA  90 G","10","10","8","20","25","0","2","","","","","","","","","","","","","","","","",""
"8901721000633","21069099","PRABUJI JHAL CHANACHUR  TANGY TWIST 400 G","108","105","90","14.29","16.67","3","15","","","","","","","","","","","","","","","","",""
"8901721001531","21069099","PRABUJI NIMKI 200 G","40","40","33","17.5","21.21","0","7","","","","","","","","","","","","","","","","",""
"8901721000510","21069099","PRABUJI TOK JHAL MISTI MIXTURE","108","105","90","14.29","16.67","3","15","","","","","","","","","","","","","","","","",""
"841165117840","18069020","PRAN CHOCO BEAN TOFFE 35 G","25","25","20","20","25","0","5","","","","","","","","","","","","","","","","",""
"840205724253","19054000","PRAN DELIGHT GHEE TOAST","40","40","35","12.5","14.29","0","5","","","","","","","","","","","","","","","","",""
"840205709366","19059010","PRAN DRY CAKE 100 G","40","40","35","12.5","14.29","0","5","","","","","","","","","","","","","","","","",""
"841165115549","19023090","PRAN INSTANT NOODLES CHICKEN 40 G","30","30","25","16.67","20","0","5","","","","","","","","","","","","","","","","",""
"841165144785","22029920","PRAN LITCHI FRUIT DRINK 150ML","10","10","8.33","16.7","20.05","0","1.67","","","","","","","","","","","","","","","","",""
"840205712915","19053100","PRAN POTATA SPICY BISCUITS 25 G","10","10","8.75","12.5","14.29","0","1.25","","","","","","","","","","","","","","","","",""
"841165147502","19053100","PRAN POTATA SPICY BISCUITS 50 G","20","20","16","20","25","0","4","","","","","","","","","","","","","","","","",""
"846656003343","19054000","PRAN TOAST BABY RUSK 120 G","30","30","25","16.67","20","0","5","","","","","","","","","","","","","","","","",""
"840205719778","19054000","PRAN TOAST BABY RUSK 500 G","50","48","43","10.42","11.63","2","5","","","","","","","","","","","","","","","","",""
"840205719273","19054000","PRAN TOAST FAMILY RUSK 200 G","40","40","35","12.5","14.29","0","5","","","","","","","","","","","","","","","","",""
"840205719266","19054000","PRAN TOAST GARLIC RUSK 200 G","40","40","35","12.5","14.29","0","5","","","","","","","","","","","","","","","","",""
"840205715152","19054000","PRAN TOAST SWEET RUSK 120 G","30","30","25","16.67","20","0","5","","","","","","","","","","","","","","","","",""
"840205723065","19054000","PRAN TOAST SWEET RUSK 250 G","50","50","43","14","16.28","0","7","","","","","","","","","","","","","","","","",""
"","","PRAN TOP RUSK PREMIUM BAKE 300 G","60","60","52","13.33","15.38","0","8","","","","","","","","","","","","","","","","",""
"","","PRIME MIX DRY FRUIT","399","219","149","31.96","46.98","180","70","","","","","","","","","","","","","","","","",""
"","","PRIMIUM QUALITY KIMIA GOLD","399","","160","0","20","100","-160","","","","","","","","","","","","","","","","",""
"8886467127977","19059030","PRINGLES DESI MASALA TADKA 40 G","53","53","48","9.43","10.42","0","5","","","","","","","","","","","","","","","","",""
"8886467124716","19059030","PRINGLES DESI MASALA TADKA 40 GPRINGLES ORIGINAL 40 G","53","53","47","11.32","12.77","0","6","","","","","","","","","","","","","","","","",""
"8886467122415","19059030","PRINGLES PIZZA FLAVOUR 102  G","110","110","97","11.82","13.4","0","13","","","","","","","","","","","","","","","","",""
"8886467129124","19059030","PRINGLES RED HOT CHILLI 40 G","53","53","48","9.43","10.42","0","5","","","","","","","","","","","","","","","","",""
"8886467124723","19059030","PRINGLES SOUR CREAM & ONION 40 G","53","53","47","11.32","12.77","0","6","","","","","","","","","","","","","","","","",""
"8886467125614","19059030","PRINGLES TANGYTOMATO TWIST FLAVOUR 102 G","110","110","97","11.82","13.4","0","13","","","","","","","","","","","","","","","","",""
"8901721016313","21069099","PROBHUJI LACHHA  BOX 400 G","200","185","160","13.51","15.63","15","25","","","","","","","","","","","","","","","","",""
"8904340702155","713","PULSE","1","1","0.82","18","21.95","0","0.18","","","","","","","","","","","","","","","","",""
"","","PUMPKIN SEED","100","75","54","28","38.89","25","21","","","","","","","","","","","","","","","","",""
"8907065096127","11022000","PURAMATE CORN FLOUR","33","33","25","24.24","32","0","8","","","","","","","","","","","","","","","","",""
"80052487","18069010","RAFFAELLO 30 G","99","95","74","22.11","28.38","4","21","","","","","","","","","","","","","","","","",""
"","10063090","RAJ BHOG 1 KG","150","150","120","20","25","0","30","","","","","","","","","","","","","","","","",""
"","10063090","RAJ BHOG 150 G","22","22","0","100","0","0","22","","","","","","","","","","","","","","","","",""
"","10063090","RAJ BHOG 250 G","38","38","0","100","0","0","38","","","","","","","","","","","","","","","","",""
"","10063090","RAJ BHOG 500 G","75","75","0","100","0","0","75","","","","","","","","","","","","","","","","",""
"","10063020","RANGEET BASMATI 26 KG","1250","1250","1150","8","8.7","0","100","","","","","","","","","","","","","","","","",""
"","10063020","RANJEET 505 30 KG","2250","2250","2160","4","4.17","0","90","","","","","","","","","","","","","","","","",""
"","10063020","RANJEET BASMATI 26 KG","1300","1300","1150","11.54","13.04","0","150","","","","","","","","","","","","","","","","",""
"","10063020","RANJEET BASMATI 500 G","30","30","0","100","0","0","30","","","","","","","","","","","","","","","","",""
"","","RANJEET BASMATI RICE 1 KG","60","60","0","100","0","0","60","","","","","","","","","","","","","","","","",""
"","10063020","RANJEET BASMATI RICH 1 KG","60","60","45","25","33.33","0","15","","","","","","","","","","","","","","","","",""
"","10063020","RANJEET DELITE 26 KG","1980","1980","1870","5.56","5.88","0","110","","","","","","","","","","","","","","","","",""
"","","RASEELI KISHMISH","450","","240","0","20","100","-240","","","","","","","","","","","","","","","","",""
"","19059040","REAL CHOICE PAPAD 200 G","55","50","39","22","28.21","5","11","","","","","","","","","","","","","","","","",""
"8904399600457","20079990","REAL FRUIT PREMIUM JELLY 200 GM","249","199","156","21.61","27.56","50","43","","","","","","","","","","","","","","","","",""
"8901157025200","38089199","RED HIT 400 ML","189","185","171.85","7.11","7.65","4","13.15","","","","","","","","","","","","","","","","",""
"8901157025071","38089199","RED HIT FRAGRANCE  128 G","99","99","90","9.09","10","0","9","","","","","","","","","","","","","","","","",""
"8901030877179","9024020","RED LABEL 100 G","30","30","26.93","10.23","11.4","0","3.07","","","","","","","","","","","","","","","","",""
"8901030877513","9024020","RED LABEL 22 G","10","10","8.58","14.2","16.55","0","1.42","","","","","","","","","","","","","","","","",""
"8901030877421","9024020","RED LABEL 250 G","110","110","101.52","7.71","8.35","0","8.48","","","","","","","","","","","","","","","","",""
"8901030882555","9024020","RED LABEL NATURAL CARE 250 G","140","140","125.68","10.23","11.39","0","14.32","","","","","","","","","","","","","","","","",""
"8901030882548","9024020","RED LABLE NATURAL CARE 100 G","50","50","41.14","17.72","21.54","0","8.86","","","","","","","","","","","","","","","","",""
"","7122000","RED ONION POWDER BOTTLE 120 G","170","125","77","38.4","62.34","45","48","","","","","","","","","","","","","","","","",""
"89004869","30049099","REG BOTT 50TAB","28","28","25.45","9.11","10.02","0","2.55","","","","","","","","","","","","","","","","",""
"8906045192415","33074100","RELAX PLEASANT INCENSE STICKS","16","10","6.94","30.6","44.09","6","3.06","","","","","","","","","","","","","","","","",""
"8901088206280","35051090","REVIVE LIQUID 200 ML","81","80","74.8","6.5","6.95","1","5.2","","","","","","","","","","","","","","","","",""
"","38089400","REXANA HYGIENE BY PURIETY 500 ML","125","115","82","28.7","40.24","10","33","","","","","","","","","","","","","","","","",""
"8901030964923","34011190","REXONA COCONUT & OLIVE OILS SOAP 100 G","37","37","33.83","8.57","9.37","0","3.17","","","","","","","","","","","","","","","","",""
"8901030927997","33072000","REXONA DEODORANT  SHOWER FRESH 50 ML","190","130","85.5","34.23","52.05","60","44.5","","","","","","","","","","","","","","","","",""
"8901030928017","330720","REXONA SHOWER FRESH 50 ML","190","130","85.5","34.23","52.05","60","44.5","","","","","","","","","","","","","","","","",""
"8901764102912","2202 10","RIMZIM JEERZ 250 ML","20","20","17.67","11.65","13.19","0","2.33","","","","","","","","","","","","","","","","",""
"8901030848056","34011942","RIN 250 G","25","25","22.85","8.6","9.41","0","2.15","","","","","","","","","","","","","","","","",""
"8901030961458","34011942","RIN BAR FW SAPPHIER 145 G (15 G EXTRA)","5","5","4.61","7.8","8.46","0","0.39","","","","","","","","","","","","","","","","",""
"8901030968242","34011942","RIN BAR FW SAPPHIER 65 G","10","10","9.14","8.6","9.41","0","0.86","","","","","","","","","","","","","","","","",""
"8901030761188","34011942","RIN FAB WINTER ALA BOLT 200ML","45","45","41.1","8.67","9.49","0","3.9","","","","","","","","","","","","","","","","",""
"8901177800221","30049099","RING GUARD 12 G","90","85","75","11.76","13.33","5","10","","","","","","","","","","","","","","","","",""
"8904013460191","9023020","ROASTED DARJEELING TEA 100 G","130","125","116","7.2","7.76","5","9","","","","","","","","","","","","","","","","",""
"8901396023005","32129090","ROBIN LIQUAD BLUE 78 ML","32","32","28.2","11.88","13.48","0","3.8","","","","","","","","","","","","","","","","",""
"","33049990","ROSEHIP FACE WASH 120 ML","235","200","169.2","15.4","18.2","35","30.8","","","","","","","","","","","","","","","","",""
"8904362534499","3301","ROSEMARY WATER 132 G","230","210","172.5","17.86","21.74","20","37.5","","","","","","","","","","","","","","","","",""
"8901748001798","19030000","RUCHI SAGOO 180 G","49","45","38","15.56","18.42","4","7","","","","","","","","","","","","","","","","",""
"8901088155496","11041200","SAFFOLA OATS 500 G","99","95","84.22","11.35","12.8","4","10.78","","","","","","","","","","","","","","","","",""
"8908008717031","15149120","SALONI MUSTARD OIL 1 L","185","170","160","5.88","6.25","15","10","","","","","","","","","","","","","","","","",""
"8908008717055","15149120","SALONI MUSTARD OIL 1000 ML","230","175","168.75","3.57","3.7","55","6.25","","","","","","","","","","","","","","","","",""
"8906018981206","15149120","SALONI MUSTARD OIL 200 ML","57","45","33.9","24.67","32.74","12","11.1","","","","","","","","","","","","","","","","",""
"8906018981503","15149120","SALONI MUSTARD OIL 500ML","95","95","80.9","14.84","17.43","0","14.1","","","","","","","","","","","","","","","","",""
"8906018982104","15149120","SALONI MUSTARD OIL GRADE-1 1 L","230","170","164.38","3.31","3.42","60","5.62","","","","","","","","","","","","","","","","",""
"8904250305644","33074100","SAMBRANI CUP DUP","72","70","45","35.71","55.56","2","25","","","","","","","","","","","","","","","","",""
"8906069570022","1106","SATYENDNA ASTTOO 500 HG","97","95","77","18.95","23.38","2","18","","","","","","","","","","","","","","","","",""
"8906069570015","1106","SATYENDRA SATTOO 200 G","39","39","31","20.51","25.81","0","8","","","","","","","","","","","","","","","","",""
"8905110007531","3401","SAVLON BUY 3 SOAPS,GET 1 SOAP & 1 HANDWASH WORTH  FREE","111","100","86.27","13.73","15.92","11","13.73","","","","","","","","","","","","","","","","",""
"8905110007401","3401","SAVLON DEEP CLEAN 650+650 ML","198","195","165.71","15.02","17.68","3","29.29","","","","","","","","","","","","","","","","",""
"8901725971816","30049099","SAVLON GERM PROTECTION HANDWASH 80 ML","30","30","25.65","14.5","16.96","0","4.35","","","","","","","","","","","","","","","","",""
"8901725977115","34011110","SAVLON GLYCERIN SOAF SKIN 45.5 G","10","10","8.58","14.2","16.55","0","1.42","","","","","","","","","","","","","","","","",""
"8905110004134","3402","SAVLON HANDWASH DEEP CLEAN 200ML+175ML","99","95","86.85","8.58","9.38","4","8.15","","","","","","","","","","","","","","","","",""
"8905110004158","3402","SAVLON HERBAL SENSITIVE 375ML","99","95","86.85","8.58","9.38","4","8.15","","","","","","","","","","","","","","","","",""
"8905110007425","34013019","SAVLON HERBAL SENSITIVE HANDWASH 650+650 ML","198","195","165.71","15.02","17.68","3","29.29","","","","","","","","","","","","","","","","",""
"8905110007418","34025000","SAVLON MOISTURE SHIELD HANDWASH 650+650 ML","198","195","165.71","15.02","17.68","3","29.29","","","","","","","","","","","","","","","","",""
"8905110004141","34025000","SAVLON MOISTURE SHIELD HW 200  +175 ML","99","99","0","100","0","0","99","","","","","","","","","","","","","","","","",""
"8901595862962","21039090","SCHEZWAN CHUTNEY 250 G","85","82","73.57","10.28","11.46","3","8.43","","","","","","","","","","","","","","","","",""
"6947032760158","8214","SD 3 in 1 sharpener","20","15","12.5","16.67","20","5","2.5","","","","","","","","","","","","","","","","",""
"","8214","SD Aeroplane sharpener","15","15","10","33.33","50","0","5","","","","","","","","","","","","","","","","",""
"6941692933532","9608","SD BTS fancy Pens","20","20","12.5","37.5","60","0","7.5","","","","","","","","","","","","","","","","",""
"","9608","SD Bubble+Pen+Stamps+Light Pen","25","25","20","20","25","0","5","","","","","","","","","","","","","","","","",""
"","9608","SD Classmate ball pens","10","10","6","40","66.67","0","4","","","","","","","","","","","","","","","","",""
"","39199020","SD Colour Tape Gliter","20","20","10","50","100","0","10","","","","","","","","","","","","","","","","",""
"","90141000","SD Compass","20","15","7.5","50","100","5","7.5","","","","","","","","","","","","","","","","",""
"","8214","SD Dabba shaparpner","5","3","1.5","50","100","2","1.5","","","","","","","","","","","","","","","","",""
"8908000034914","3506","SD Doms  glue sticks 8g","25","20","16","20","25","5","4","","","","","","","","","","","","","","","","",""
"8906073787249","9608","SD Doms Ball Pens","10","10","6.8","32","47.06","0","3.2","","","","","","","","","","","","","","","","",""
"8908000034457","9609","SD Doms colour pencil big","59","59","45","23.73","31.11","0","14","","","","","","","","","","","","","","","","",""
"8908000034433","9609","SD Doms colour pencil medium","29","28","21","25","33.33","1","7","","","","","","","","","","","","","","","","",""
"8904411801756","90172020","SD Doms geo tron","100","99","75","24.24","32","1","24","","","","","","","","","","","","","","","","",""
"8904411809684","96082000","SD Doms highlighter Super Neon 4 set","100","95","65","31.58","46.15","5","30","","","","","","","","","","","","","","","","",""
"8904411808809","3213","SD Doms Jumbo sketch","100","99","68","31.31","45.59","1","31","","","","","","","","","","","","","","","","",""
"8906073787898","3407","SD Doms modeling dough","120","120","102","15","17.65","0","18","","","","","","","","","","","","","","","","",""
"8908004279212","96091000","SD Doms neon rubber","5.8","5","3.8","24","31.58","0.8","1.2","","","","","","","","","","","","","","","","",""
"8908004279083","9609","SD Doms oil pastel","50","49","35","28.57","40","1","14","","","","","","","","","","","","","","","","",""
"8906073787379","96081019","SD Doms pastel brush pens","200","195","140","28.21","39.29","5","55","","","","","","","","","","","","","","","","",""
"8906073786938","9609","SD Doms plastic crayons","20","20","15","25","33.33","0","5","","","","","","","","","","","","","","","","",""
"8906073771002","32131000","SD Doms poster colours","100","95","63.33","33.34","50.01","5","31.67","","","","","","","","","","","","","","","","",""
"8906073787393","9609","SD Doms Rocket wax crayons","20","20","15","25","33.33","0","5","","","","","","","","","","","","","","","","",""
"8908000034082","9017","SD Doms Scale big","12","10","7.5","25","33.33","2","2.5","","","","","","","","","","","","","","","","",""
"8908000034334","9017","SD Doms scale small","5","5","1.75","65","185.71","0","3.25","","","","","","","","","","","","","","","","",""
"8908000034976","9608","SD Doms water colour pens","15","15","9","40","66.67","0","6","","","","","","","","","","","","","","","","",""
"8908000034488","9609","SD Doms Wax Crayons","12","10","7.5","25","33.33","2","2.5","","","","","","","","","","","","","","","","",""
"8908000034211","40169200","SD Doms White Rubber","3","3","1.8","40","66.67","0","1.2","","","","","","","","","","","","","","","","",""
"8906073772733","38249024","SD Doms Whitner","25","25","16","36","56.25","0","9","","","","","","","","","","","","","","","","",""
"6972289290165","9609","SD Extensible Pencil baby guicc","15","15","10","33.33","50","0","5","","","","","","","","","","","","","","","","",""
"","39199020","SD Fancy cello tapes","10","10","5","50","100","0","5","","","","","","","","","","","","","","","","",""
"","4001","SD Fancy Rubber","10","10","5","50","100","0","5","","","","","","","","","","","","","","","","",""
"8908000034068","4001","SD Fragrant Rubber","5","10","3.5","65","185.71","-5","6.5","","","","","","","","","","","","","","","","",""
"","3401","SD Hand soap premier","20","15","10","33.33","50","5","5","","","","","","","","","","","","","","","","",""
"","9608","SD Inxon Classic Ball Pens","10","10","6.8","32","47.06","0","3.2","","","","","","","","","","","","","","","","",""
"","9609","SD Jelino HB Pencil","4","4","2.4","40","66.67","0","1.6","","","","","","","","","","","","","","","","",""
"6973043580188","3407","SD Jump clay","50","45","30","33.33","50","5","15","","","","","","","","","","","","","","","","",""
"8901057202381","8472","SD Kangaro dp 480","135","130","90","30.77","44.44","5","40","","","","","","","","","","","","","","","","",""
"8901057510028","83052000","SD Kangaro no 10 Pins","12","10","6","40","66.67","2","4","","","","","","","","","","","","","","","","",""
"8901057310062","84729010","SD Kangaro no 10 Stapler","75","60","35","41.67","71.43","15","25","","","","","","","","","","","","","","","","",""
"8901324054972","96091000","SD Natraj G21","4.8","4","2.8","30","42.86","0.8","1.2","","","","","","","","","","","","","","","","",""
"8906073770241","96099020","SD Pencil 10 HB","4","4","2.4","40","66.67","0","1.6","","","","","","","","","","","","","","","","",""
"6972064830166","39261019","SD Pencil box 100 rs car shape","100","100","83.33","16.67","20","0","16.67","","","","","","","","","","","","","","","","",""
"6955929450174","39261019","SD Pencil box 75 rs pink box","75","75","62.5","16.67","20","0","12.5","","","","","","","","","","","","","","","","",""
"8904461904308","48201090","SD Premier sticky notes","55","40","25","37.5","60","15","15","","","","","","","","","","","","","","","","",""
"8904461900485","3506","SD Premier synthetic glue","5","5","3","40","66.67","0","2","","","","","","","","","","","","","","","","",""
"8904461901420","3506","SD Premier white glue","10","10","6","40","66.67","0","4","","","","","","","","","","","","","","","","",""
"","3506","SD Promo synthetic gum Jar","10","10","4","60","150","0","6","","","","","","","","","","","","","","","","",""
"","9608","SD Reynolds jiffy gel mix","7","7","4.44","36.57","57.66","0","2.56","","","","","","","","","","","","","","","","",""
"96091000","96091000","SD Rolling Wax Crayons","100","95","60","36.84","58.33","5","35","","","","","","","","","","","","","","","","",""
"8908000034242","82141010","SD Shapner doms","3","3","1.8","40","66.67","0","1.2","","","","","","","","","","","","","","","","",""
"","21069099","SD Small whitener","10","10","6","40","66.67","0","4","","","","","","","","","","","","","","","","",""
"8904461900300","96122000","SD Stamp pad Large","60","55","27.27","50.42","101.69","5","27.73","","","","","","","","","","","","","","","","",""
"8904461900713","96122000","SD Stamp pad small","45","45","18.18","59.6","147.52","0","26.82","","","","","","","","","","","","","","","","",""
"8904461906968","90172010","SD Steel scale big","45","35","22","37.14","59.09","10","13","","","","","","","","","","","","","","","","",""
"","90172010","SD Steel scale small","25","10","6","40","66.67","15","4","","","","","","","","","","","","","","","","",""
"9789375494485","4820","SD STUDENNT`S NOTE BOOK","180","119","86","27.73","38.37","61","33","","","","","","","","","","","","","","","","",""
"","39199020","SD Tape Cello","10","10","5","50","100","0","5","","","","","","","","","","","","","","","","",""
"9789391320003","4820","SD TARGET PUBLICATION BENGALI NOTE BOOK","56","55","44","20","25","1","11","","","","","","","","","","","","","","","","",""
"9789391320300","4901","SD TARGET PUBLICATIONS INDEX","56","45","31","31.11","45.16","11","14","","","","","","","","","","","","","","","","",""
"","9608","SD Textla Ball pens","7","5","3","40","66.67","2","2","","","","","","","","","","","","","","","","",""
"","40169920","SD Tiny rubber big","5","5","0.9","82","455.56","0","4.1","","","","","","","","","","","","","","","","",""
"","40169920","SD Tiny rubber small","3","3","0.4","86.67","650","0","2.6","","","","","","","","","","","","","","","","",""
"8904379409247","9608","SD Trimax gel pen blue and black","50","50","40","20","25","0","10","","","","","","","","","","","","","","","","",""
"6912345673129","3923","SD Zipper bag blue","20","20","12.5","37.5","60","0","7.5","","","","","","","","","","","","","","","","",""
"","3923","SD Zipper bag frozen","10","10","5","50","100","0","5","","","","","","","","","","","","","","","","",""
"","","SENSO DENT SOFT TOOTHBRUSH","95","95","61","35.79","55.74","0","34","","","","","","","","","","","","","","","","",""
"8908024408180","33061020","SENSODENT DSP 50 G","140","130","109.76","15.57","18.44","10","20.24","","","","","","","","","","","","","","","","",""
"8908024408067","30049099","SENSODENT K FAST RELIEF 75 G","135","125","94.08","24.74","32.87","10","30.92","","","","","","","","","","","","","","","","",""
"8908024408074","30049099","SENSODENT KF  75 G","136","110","94.86","13.76","15.96","26","15.14","","","","","","","","","","","","","","","","",""
"8901571013173","3306","SENSODYNE  COMPLETE  PROTECTION + MOUTHWASH 250 ML","240","230","198","13.91","16.16","10","32","","","","","","","","","","","","","","","","",""
"8901571011421","33061020","SENSODYNE  DENTIST  RECOMMENDED PROTECTION 70 G","215","200","166.09","16.96","20.42","15","33.91","","","","","","","","","","","","","","","","",""
"8901571005666","33061020","SENSODYNE  FRESH GEL 150 G","224","220","194.78","11.46","12.95","4","25.22","","","","","","","","","","","","","","","","",""
"8901571005659","33061020","SENSODYNE  FRESH MINT  PASTE 150 G","224","220","194.78","11.46","12.95","4","25.22","","","","","","","","","","","","","","","","",""
"8901571014385","96032100","SENSODYNE CROSS CARE TOOTHBRUSH","50","40","29.6","26","35.14","10","10.4","","","","","","","","","","","","","","","","",""
"8901571011087","96032100","SENSODYNE DAILY CARE TOOTHBRUSH","31","25","19.87","20.52","25.82","6","5.13","","","","","","","","","","","","","","","","",""
"8901571014231","33061020","SENSODYNE DAILY PRONAMENL DAILY PROTECTION  40 G","95","90","79.3","11.89","13.49","5","10.7","","","","","","","","","","","","","","","","",""
"8901571014255","33061020","SENSODYNE DAILY PRONAMENL FRESH BREATH 40 G","95","90","79.3","11.89","13.49","5","10.7","","","","","","","","","","","","","","","","",""
"8901571008186","33061020","SENSODYNE DENTIST WHITENING 70 G","142","135","123.48","8.53","9.33","7","11.52","","","","","","","","","","","","","","","","",""
"8901571013876","33061020","SENSODYNE FRESH GEL 18 G","20","20","16.72","16.4","19.62","0","3.28","","","","","","","","","","","","","","","","",""
"8901571004089","33061020","SENSODYNE FRESH GEL 40 G","84.5","80","69.98","12.53","14.32","4.5","10.02","","","","","","","","","","","","","","","","",""
"8901571004614","33061020","SENSODYNE FRESH GEL PASTE   75 G","124.5","120","108.26","9.78","10.84","4.5","11.74","","","","","","","","","","","","","","","","",""
"8901571014620","33061020","SENSODYNE FRESH GEL PASTE 27 G","50","50","43.48","13.04","15","0","6.52","","","","","","","","","","","","","","","","",""
"","","SENSODYNE FRESH GEL TRIPLE CLEANING ACTION 100 G","165","165","143.91","12.78","14.65","0","21.09","","","","","","","","","","","","","","","","",""
"8901571004096","33061020","SENSODYNE FRESH MINT PAST 75 G","124.5","120","108.26","9.78","10.84","4.5","11.74","","","","","","","","","","","","","","","","",""
"8901571004102","33061020","SENSODYNE FRESH MINT PASTE 40 G","84.5","82","73.48","10.39","11.59","2.5","8.52","","","","","","","","","","","","","","","","",""
"","","SENSODYNE FRESH MINT TRIPLE CLEANING ACTION 100 G","165","165","143.91","12.78","14.65","0","21.09","","","","","","","","","","","","","","","","",""
"8901571013067","96032100","SENSODYNE GENTLE CARE 1+1 FREE","124","115","91.85","20.13","25.2","9","23.15","","","","","","","","","","","","","","","","",""
"8901571013272","3306","SENSODYNE MOUTHWASH 100 ML","130","130","107.39","17.39","21.05","0","22.61","","","","","","","","","","","","","","","","",""
"8901571014262","33061020","SENSODYNE PRONALMEL FRESH  BREATH 70 G","140","135","116.87","13.43","15.51","5","18.13","","","","","","","","","","","","","","","","",""
"8901571014248","33061020","SENSODYNE PRONAMEL DAILY PROTECTION 70 G","140","135","116.87","13.43","15.51","5","18.13","","","","","","","","","","","","","","","","",""
"8901571004829","33061020","SENSODYNE RAPID RELIEF 40 G","107","105","93.04","11.39","12.85","2","11.96","","","","","","","","","","","","","","","","",""
"8901571004836","33061020","SENSODYNE RAPID RELIEF 80 G","187","180","162.61","9.66","10.69","7","17.39","","","","","","","","","","","","","","","","",""
"8901571010844","33061020","SENSODYNE REPAIR PROTECT 100 G","240","230","208.69","9.27","10.21","10","21.31","","","","","","","","","","","","","","","","",""
"8901571010837","33061020","SENSODYNE REPAIR PROTECT 70 G","200","190","173.91","8.47","9.25","10","16.09","","","","","","","","","","","","","","","","",""
"8901571011018","33061020","SENSODYNE SENSITIVE 2+1 FREE","124","100","84.5","15.5","18.34","24","15.5","","","","","","","","","","","","","","","","",""
"8901571010998","96032100","SENSODYNE SENSITIVE TOOTHBRUSH","62","50","38.27","23.46","30.65","12","11.73","","","","","","","","","","","","","","","","",""
"8904319400259","30049011","SESA AYURVEDIC 50 ML","90","75","65","13.33","15.38","15","10","","","","","","","","","","","","","","","","",""
"8901725004668","19053100","SF FARMLITE OATS ANDALMNDS150GN(9)","65","65","58.92","9.35","10.32","0","6.08","","","","","","","","","","","","","","","","",""
"8906100180913","96031000","SHAKTI GRASS BROOM","149","110","83","24.55","32.53","39","27","","","","","","","","","","","","","","","","",""
"8906017670651","15131900","SHALIMAR`S COCONUT OIL 100 ML","94","85","71","16.47","19.72","9","14","","","","","","","","","","","","","","","","",""
"8906017670941","15131900","SHALIMAR`S COCONUT OIL 160 ML","145","125","108","13.6","15.74","20","17","","","","","","","","","","","","","","","","",""
"8906017670804","15131900","SHALIMARS COCONUT OIL 175 G","148","140","97","30.71","44.33","8","43","","","","","","","","","","","","","","","","",""
"8906100180814","85129000","SHINE WIPER","375","250","165","34","51.52","125","85","","","","","","","","","","","","","","","","",""
"8906100181460","73231000","SHINEAZAP 15 G","20","20","8","60","150","0","12","","","","","","","","","","","","","","","","",""
"","48203000","SILVER COVERFILE","120","60","30","50","100","60","30","","","","","","","","","","","","","","","","",""
"8902080000722","22029920","SLICE 125 ML","10","10","7.67","23.3","30.38","0","2.33","","","","","","","","","","","","","","","","",""
"8903622006080","96190010","SOFY ANTI BACTERIA XL","42","42","32.2","23.33","30.43","0","9.8","","","","","","","","","","","","","","","","",""
"8903622007063","96190010","SOFY BODYFIT NIGHTS XXL","50","50","36.67","26.66","36.35","0","13.33","","","","","","","","","","","","","","","","",""
"8903622005601","96190010","SOFY BODYFIT PRO XL","45","45","34.5","23.33","30.43","0","10.5","","","","","","","","","","","","","","","","",""
"8903622005632","96190010","SOFY BODYFIT XL","35","35","26","25.71","34.62","0","9","","","","","","","","","","","","","","","","",""
"","19059040","SONU SWADIST PAPAD 200 G","50","48","39","18.75","23.08","2","9","","","","","","","","","","","","","","","","",""
"8906022900651","39269099","SPARKLE 200 G","20","20","17","15","17.65","0","3","","","","","","","","","","","","","","","","",""
"","19059010","SPECIAL NEW MILK BREAD","40","40","32","20","25","0","8","","","","","","","","","","","","","","","","",""
"8901764032905","22021010","SPRITE 2.25 L","100","100","91.77","8.23","8.97","0","8.23","","","","","","","","","","","","","","","","",""
"8901764032912","22021010","SPRITE 250 ML","20","20","17.53","12.35","14.09","0","2.47","","","","","","","","","","","","","","","","",""
"8901764032271","22021010","SPRITE 750 ML","40","40","36.7","8.25","8.99","0","3.3","","","","","","","","","","","","","","","","",""
"8901764031250","22021010","SPRITE CAN 300 ML","40","40","36.7","8.25","8.99","0","3.3","","","","","","","","","","","","","","","","",""
"8901764032790","22021010","SPRITE LEMON-LIME FLAVOURED 2.2 L","90","90","83.33","7.41","8","0","6.67","","","","","","","","","","","","","","","","",""
"","","SPRITE ZERO SUGAR 250","10","10","9.14","8.6","9.41","0","0.86","","","","","","","","","","","","","","","","",""
"","","SRI SRI TATTVA MANGO PICKLE 300 G","109","","72.1","0","20","100","-72.1","","","","","","","","","","","","","","","","",""
"","","SRI SRI TATTVA MIXED PICKLE 300 G","109","","78.1","0","20","100","-78.1","","","","","","","","","","","","","","","","",""
"","","SRI SRI TATTVA ORGANIC JAGGERY POWDER 500 G","110","","80.95","0","20","100","-80.95","","","","","","","","","","","","","","","","",""
"8909106003231","21050000","STAWBERRY SUNDAE CUP 100 ML","35","35","28.25","19.29","23.89","0","6.75","","","","","","","","","","","","","","","","",""
"8901012166499","96190010","STAYFREE ADVANCED ALL NIGHTS","108","99","88.64","10.46","11.69","9","10.36","","","","","","","","","","","","","","","","",""
"8901012166567","96190010","STAYFREE DRY - MAX ULTRA","100","99","89.29","9.81","10.87","1","9.71","","","","","","","","","","","","","","","","",""
"","","STAYFREE DRY MAX XXL","109","","97.31","0","20","100","-97.31","","","","","","","","","","","","","","","","",""
"8901012166635","96190010","STAYFREE SECURE  XL","45","45","0","100","0","0","45","","","","","","","","","","","","","","","","",""
"8901012165843","96190010","STAYFREE SECURE COTTONY SOFT COVER","37","37","33.04","10.7","11.99","0","3.96","","","","","","","","","","","","","","","","",""
"8901012165812","96190010","STAYFREE SECURE XL","45","43","38.77","9.84","10.91","2","4.23","","","","","","","","","","","","","","","","",""
"8902080000227","22029990","STING ENERGY 250 ML","20","20","17.14","14.3","16.69","0","2.86","","","","","","","","","","","","","","","","",""
"","17019990","SUGAR 1 KG","50","48","44.4","7.5","8.11","2","3.6","","","","","","","","","","","","","","","","",""
"","21069099","SUGAR FREE GOLD + 5 G","42","42","35","16.67","20","0","7","","","","","","","","","","","","","","","","",""
"8901120143917","21069099","SUGAR FREE GOLD 100 G","154","154","135","12.34","14.07","0","19","","","","","","","","","","","","","","","","",""
"8901120143214","21069091","SUGAR FREE NATURA 100 G","154","152","140","7.89","8.57","2","12","","","","","","","","","","","","","","","","",""
"8909106069688","9405","SUN LIGHT EB 95 G","10","10","8.86","11.4","12.87","0","1.14","","","","","","","","","","","","","","","","",""
"8901030959257","34022090","SUN LIGHT EB POWDER 500 G","54","52","46.6","10.38","11.59","2","5.4","","","","","","","","","","","","","","","","",""
"","","SUNFEAST  MARIE LIGHT","10","10","8.77","12.3","14.03","0","1.23","","","","","","","","","","","","","","","","",""
"8901725019617","52042090","SUNFEAST ALL ROUNDER POTATO SPICY MASALA  23.5 G","9","9","8.05","10.56","11.8","0","0.95","","","","","","","","","","","","","","","","",""
"8909081001123","19053290","SUNFEAST BOUNCE  CHOCO CREME","5","5","4","20","25","0","1","","","","","","","","","","","","","","","","",""
"8909081007637","19053100","SUNFEAST BOUNCE BOURBON 26 G","5","5","4","20","25","0","1","","","","","","","","","","","","","","","","",""
"8909081001208","19053100","SUNFEAST BOUNCE CREME BISCUITS 28 G","5","5","4","20","25","0","1","","","","","","","","","","","","","","","","",""
"8909081001147","19053100","SUNFEAST BOUNCE CRIME BISCUITS 28 G","5","5","4","20","25","0","1","","","","","","","","","","","","","","","","",""
"8909081001130","19053100","SUNFEAST BOUNCE ELAICHI CRIME BISCUITS 28 G","5","5","4","20","25","0","1","","","","","","","","","","","","","","","","",""
"8909081003158","19053100","SUNFEAST CAKES SLICED  WITH CHOCOTATE  FLAVOUR 32 G","10","10","8.17","18.3","22.4","0","1.83","","","","","","","","","","","","","","","","",""
"8909081003134","19053100","SUNFEAST CAKES SLICED WITH CHOCOLATE FLAVOUR  113 G","30","35","24.53","29.91","42.68","-5","10.47","","","","","","","","","","","","","","","","",""
"8909081003127","19059010","SUNFEAST CAKES SLICED WITH MIXED 100 G","30","38","24.54","35.42","54.85","-8","13.46","","","","","","","","","","","","","","","","",""
"8909081003141","19059010","SUNFEAST CAKES SLICED WITH MIXED FRUIT 32 G","10","10","8.17","18.3","22.4","0","1.83","","","","","","","","","","","","","","","","",""
"8909081003394","19053100","SUNFEAST CHEESE WOWZERS 128 G","53","53","48.18","9.09","10","0","4.82","","","","","","","","","","","","","","","","",""
"8901725016265","19053100","SUNFEAST DARK FANTASY  BOURBON 63 G","10","10","8.5","15","17.65","0","1.5","","","","","","","","","","","","","","","","",""
"8909081003844","19053100","SUNFEAST DARK FANTASY 55.3 G","10","10","8.87","11.3","12.74","0","1.13","","","","","","","","","","","","","","","","",""
"8901725015886","19053100","SUNFEAST DARK FANTASY CHOCO FILLS 18 G","10","10","8.87","11.3","12.74","0","1.13","","","","","","","","","","","","","","","","",""
"8901725016166","19053100","SUNFEAST DARK FANTASY CHOCO FILLS 46 G","20","20","18.18","9.1","10.01","0","1.82","","","","","","","","","","","","","","","","",""
"8909081003851","19053100","SUNFEAST DARK FANTASY SANDWICH CREME","10","10","8.08","19.2","23.76","0","1.92","","","","","","","","","","","","","","","","",""
"8901725014988","19053290","SUNFEAST DARK FANTASY YUMFILLS PIE 22 G","9","9","8.82","2","2.04","0","0.18","","","","","","","","","","","","","","","","",""
"8901725018092","19053290","SUNFEAST FANTASTIK 14.2 G","10","10","8.17","18.3","22.4","0","1.83","","","","","","","","","","","","","","","","",""
"8909081002199","19053290","SUNFEAST FANTASTIK 9 G","5","5","3.8","24","31.58","0","1.2","","","","","","","","","","","","","","","","",""
"8901725013325","18063100","SUNFEAST FANTASTIK CHOCO ALMOND","10","10","8.09","19.1","23.61","0","1.91","","","","","","","","","","","","","","","","",""
"8901725004675","19053100","SUNFEAST FARMLITE OATS & RAISINS COOKIES 150 G","66","66","58.97","10.65","11.92","0","7.03","","","","","","","","","","","","","","","","",""
"8909081009396","19053100","SUNFEAST MARIE LIGHT 210 G","25","25","18.6","25.6","34.41","0","6.4","","","","","","","","","","","","","","","","",""
"8909081009419","19053100","SUNFEAST MARIE LIGHT 260 G","33","33","29.46","10.73","12.02","0","3.54","","","","","","","","","","","","","","","","",""
"8909081005114","19053100","SUNFEAST MARIE LIGHT 39 G","5","5","4.46","10.8","12.11","0","0.54","","","","","","","","","","","","","","","","",""
"8909081009495","19053100","SUNFEAST MARIE LIGHT 70 G","10","10","8.92","10.8","12.11","0","1.08","","","","","","","","","","","","","","","","",""
"8909081003370","19053100","SUNFEAST MOMS MAGIC 128 G","30","30","27.16","9.47","10.46","0","2.84","","","","","","","","","","","","","","","","",""
"8901725017552","19053100","SUNFEAST NICE  142 G","22","22","19.64","10.73","12.02","0","2.36","","","","","","","","","","","","","","","","",""
"8901725009151","19053100","SUNFEAST SWEET & SALTY 68.4 G","9","9","7.91","12.11","13.78","0","1.09","","","","","","","","","","","","","","","","",""
"","","SUNFLOWER SEED","100","75","54","28","38.89","25","21","","","","","","","","","","","","","","","","",""
"8901030959240","3402","SUNLIGHT 3X CKLEAN ACTION 1 KG","104","100","90.06","9.94","11.04","4","9.94","","","","","","","","","","","","","","","","",""
"","","SUNLIGHT COLOUR LOCK 90 G","10","","8.98","0","20","100","-8.98","","","","","","","","","","","","","","","","",""
"8901030961908","34011942","SUNLIGHT LAUNDRY SOAP 150 G","30","30","27.43","8.57","9.37","0","2.57","","","","","","","","","","","","","","","","",""
"8901030702341","3402","SUNLIGHT MATIC LIQUID 430 ML","77","75","65.47","12.71","14.56","2","9.53","","","","","","","","","","","","","","","","",""
"8901030702457","3402","SUNLIGHT MATIC LIQUID 800 ML","140","135","119.04","11.82","13.41","5","15.96","","","","","","","","","","","","","","","","",""
"8901781002424","9109912","SUNRISE  WHOLE METHI 50 G","12","10","8.09","19.1","23.61","2","1.91","","","","","","","","","","","","","","","","",""
"8901781000536","9109990","SUNRISE ALOO DUM MASALA 50 G","47","45","35.81","20.42","25.66","2","9.19","","","","","","","","","","","","","","","","",""
"8901781000048","9109990","SUNRISE BRIYANI MASALA 7 G","10","10","7.62","23.8","31.23","0","2.38","","","","","","","","","","","","","","","","",""
"8901781000574","9109990","SUNRISE CHAAT MASALA 50 G","45","40","33.52","16.2","19.33","5","6.48","","","","","","","","","","","","","","","","",""
"8901781000055","9109990","SUNRISE CHAAT MASALA 7 G","5","5","3.81","23.8","31.23","0","1.19","","","","","","","","","","","","","","","","",""
"8901781000581","9109990","SUNRISE CHANA MASALA 50 G","47","40","29.71","25.73","34.63","7","10.29","","","","","","","","","","","","","","","","",""
"8901781000062","9109990","SUNRISE CHANA MASALA 6 g","5","5","3.81","23.8","31.23","0","1.19","","","","","","","","","","","","","","","","",""
"8901781000598","9109100","SUNRISE CHICKEN CURRY MASALA 50 G","48","45","36.57","18.73","23.05","3","8.43","","","","","","","","","","","","","","","","",""
"8901781000086","9109100","SUNRISE CHICKEN CURRY MASALA 6 G","5","5","3.81","23.8","31.23","0","1.19","","","","","","","","","","","","","","","","",""
"8901781000611","9092200","SUNRISE DHANIYA POWDER 10 G","5","5","2.86","42.8","74.83","0","2.14","","","","","","","","","","","","","","","","",""
"8901781000321","9092200","SUNRISE DHANIYA POWDER 100 G","38","30","24.76","17.47","21.16","8","5.24","","","","","","","","","","","","","","","","",""
"8901781000376","9092200","SUNRISE DHANIYA POWDER 50 G","20","15","12.38","17.47","21.16","5","2.62","","","","","","","","","","","","","","","","",""
"8901781000123","9109100","SUNRISE FISH MASALA 6 G","5","5","3.81","23.8","31.23","0","1.19","","","","","","","","","","","","","","","","",""
"8901781000109","9109990","SUNRISE GARAM MASALA 5 G","5","5","3.81","23.8","31.23","0","1.19","","","","","","","","","","","","","","","","",""
"8901781000635","9109990","SUNRISE GARAM MASALA 50 G","51","45","38.86","13.64","15.8","6","6.14","","","","","","","","","","","","","","","","",""
"8901781000314","9109990","SUNRISE JEERA MASALA 100 G","76","60","47.6","20.67","26.05","16","12.4","","","","","","","","","","","","","","","","",""
"8901781000369","9109990","SUNRISE JEERA MASALA 50 GM POUCH","38","30","23.8","20.67","26.05","8","6.2","","","","","","","","","","","","","","","","",""
"8901781002189","9109990","SUNRISE JEERA MASALA 500 G","370","280","228.5","18.39","22.54","90","51.5","","","","","","","","","","","","","","","","",""
"8901781000697","9109990","SUNRISE JEERA MASALA 6 G","5","5","3.81","23.8","31.23","0","1.19","","","","","","","","","","","","","","","","",""
"8901781001557","9109990","SUNRISE JEERA POWDER 15 G","10","10","7.23","27.7","38.31","0","2.77","","","","","","","","","","","","","","","","",""
"8901781000505","90411","SUNRISE KALI MIRCH 6 G","10","10","7.62","23.8","31.23","0","2.38","","","","","","","","","","","","","","","","",""
"8901781000567","90411","SUNRISE KALI MIRCH POWDER 50 G","95","75","64.71","13.72","15.9","20","10.29","","","","","","","","","","","","","","","","",""
"8901781000215","9042211","SUNRISE KASHMIRI MIRCH 7 G","10","10","7.62","23.8","31.23","0","2.38","","","","","","","","","","","","","","","","",""
"8901781000659","9042211","SUNRISE KASHMIRI MIRCH POWDER 50 G","70","65","53.33","17.95","21.88","5","11.67","","","","","","","","","","","","","","","","",""
"8901781001328","9109990","SUNRISE KASURI METHI 25 G","27","25","20.57","17.72","21.54","2","4.43","","","","","","","","","","","","","","","","",""
"8901781000307","9042211","SUNRISE LAL MIRCH 100 G","57","45","33.3","26","35.14","12","11.7","","","","","","","","","","","","","","","","",""
"8901781001595","9042211","SUNRISE LAL MIRCH 15 G","10","10","7.23","27.7","38.31","0","2.77","","","","","","","","","","","","","","","","",""
"8901781000352","9042211","SUNRISE LAL MIRCH 50 G","29","25","16.6","33.6","50.6","4","8.4","","","","","","","","","","","","","","","","",""
"8901781000529","9042211","SUNRISE LAL MIRCH 7 G","5","5","3.6","28","38.89","0","1.4","","","","","","","","","","","","","","","","",""
"8901781000680","9109990","SUNRISE MEAT MASALA 50 G","49","45","37.33","17.04","20.55","4","7.67","","","","","","","","","","","","","","","","",""
"8901781000390","9109990","SUNRISE MEAT MASALA 7 G","5","5","3.81","23.8","31.23","0","1.19","","","","","","","","","","","","","","","","",""
"8901781000727","9109100","SUNRISE PANEER BUTTER MASALA 50 G","52","50","39.62","20.76","26.2","2","10.38","","","","","","","","","","","","","","","","",""
"8901781000147","9109100","SUNRISE PANEER BUTTER MASALA 7 G","5","5","3.81","23.8","31.23","0","1.19","","","","","","","","","","","","","","","","",""
"8901781001045","2103","SUNRISE PASTA MASALA 10 G","5","5","3.81","23.8","31.23","0","1.19","","","","","","","","","","","","","","","","",""
"","","SUNRISE POPPY SEED POSTA 8 G","25","25","19.5","22","28.21","0","5.5","","","","","","","","","","","","","","","","",""
"8901781000291","19059040","SUNRISE PURE HALDI POWDER 100 G","38","30","23.8","20.67","26.05","8","6.2","","","","","","","","","","","","","","","","",""
"8901781001137","19059040","SUNRISE PURE HALDI POWDER 200 G","74","60","46.6","22.33","28.76","14","13.4","","","","","","","","","","","","","","","","",""
"8901781001588","19059040","SUNRISE PURE HALDI POWDER 30 G","10","10","6.67","33.3","49.93","0","3.33","","","","","","","","","","","","","","","","",""
"8901781000338","19059040","SUNRISE PURE HALDI POWDER 50 G","19","19","11.9","37.37","59.66","0","7.1","","","","","","","","","","","","","","","","",""
"8901781000222","19059040","SUNRISE PURE HALDI POWDER 500 G","185","150","114.28","23.81","31.26","35","35.72","","","","","","","","","","","","","","","","",""
"8901781000239","19059040","SUNRISE RED CHILLI GROUND 500 GM POUCH","262","195","161.9","16.97","20.44","67","33.1","","","","","","","","","","","","","","","","",""
"8901781000758","9109990","SUNRISE SABJI MASALA 50 G","39","35","29.71","15.11","17.81","4","5.29","","","","","","","","","","","","","","","","",""
"8901781000154","9109990","SUNRISE SABJI MASALA 6 g","5","5","3.81","23.8","31.23","0","1.19","","","","","","","","","","","","","","","","",""
"8901781001304","9109100","SUNRISE SHAHI GARAM 25 G","70","65","53.33","17.95","21.88","5","11.67","","","","","","","","","","","","","","","","",""
"8901781000475","9109100","SUNRISE SHAHI GARAM 3 G","10","10","7.62","23.8","31.23","0","2.38","","","","","","","","","","","","","","","","",""
"8901781000178","91091000","SUNRISE TADAKA 6 G","5","5","3.81","23.8","31.23","0","1.19","","","","","","","","","","","","","","","","",""
"8901781000802","91091000","SUNRISE TADKA MASALA 50 G","47","45","35.81","20.42","25.66","2","9.19","","","","","","","","","","","","","","","","",""
"8901781002257","19059040","SUNRISE WHOLE AJWAIN 50 G","26","25","18.66","25.36","33.98","1","6.34","","","","","","","","","","","","","","","","",""
"8901781002301","19059040","SUNRISE WHOLE JEERA 50 G","33","30","21.42","28.6","40.06","3","8.58","","","","","","","","","","","","","","","","",""
"8901781002356","19059040","SUNRISE WHOLE KALA JEERA 50 G","30","25","18.57","25.72","34.63","5","6.43","","","","","","","","","","","","","","","","",""
"8901781002479","19059040","SUNRISE WHOLE PANCH FORON 50 G","30","20","16.19","19.05","23.53","10","3.81","","","","","","","","","","","","","","","","",""
"8901781002523","12119090","SUNRISE Whole Posta 50 G","150","95","85.71","9.78","10.84","55","9.29","","","","","","","","","","","","","","","","",""
"8901781001076","12119090","SUNRISE Whole Posta 8 G","25","20","19.05","4.75","4.99","5","0.95","","","","","","","","","","","","","","","","",""
"8901781002721","19059040","SUNRISE WHOLE SAUNF 50 G","40","30","24.28","19.07","23.56","10","5.72","","","","","","","","","","","","","","","","",""
"8901781002622","19059040","SUNRISE WHOLEMUSTARD SEED BROWN 50 G","14","10","6.9","31","44.93","4","3.1","","","","","","","","","","","","","","","","",""
"8901781002677","19059040","SUNRISE WHOLEMUSTARD YELLOW 50 G","14","10","7.61","23.9","31.41","4","2.39","","","","","","","","","","","","","","","","",""
"","","SUNRUSE GARAM MASALA 15 G","10","","8","0","20","100","-8","","","","","","","","","","","","","","","","",""
"8909106023758","33051090","SUNSILK  BLACK SHINE SHAMPOO 180 ML","158","150","124.82","16.79","20.17","8","25.18","","","","","","","","","","","","","","","","",""
"8909106034037","33059090","SUNSILK  THICK & LONG  CONDITIONER 180 ML","265","250","214.11","14.36","16.76","15","35.89","","","","","","","","","","","","","","","","",""
"8909106067233","33059090","SUNSILK BLACK SHINE 5.5 ML","1","1","0.76","24","31.58","0","0.24","","","","","","","","","","","","","","","","",""
"","","SUNSILK BLACK SHINE CONDITIONER  180 ML","222","222","189.71","14.55","17.02","0","32.29","","","","","","","","","","","","","","","","",""
"8909106034068","33059090","SUNSILK BLACK SHINE CONDITIONER 80 ML","106","100","85.64","14.36","16.77","6","14.36","","","","","","","","","","","","","","","","",""
"8909106023772","33059090","SUNSILK BLACK SHINE SHAMPOO 350 ML","370","340","298.95","12.07","13.73","30","41.05","","","","","","","","","","","","","","","","",""
"8909106023789","33059090","SUNSILK BLACK SHINE SHAMPOO 650 ML","840","550","471.3","14.31","16.7","290","78.7","","","","","","","","","","","","","","","","",""
"8909106023741","33059090","SUNSILK BLACK SHINE SHAMPOO 80 ML","54","50","42.66","14.68","17.21","4","7.34","","","","","","","","","","","","","","","","",""
"8901030827440","33051090","SUNSILK NOURISHING SMOOTH SHAMPOO 80 ML","57","55","45.02","18.15","22.17","2","9.98","","","","","","","","","","","","","","","","",""
"8909106034082","33059090","SUNSILK SILK SMOOTH CONDITIONER 180 ML","265","240","214.11","10.79","12.09","25","25.89","","","","","","","","","","","","","","","","",""
"8909106025073","33051090","SUNSILK SILK SMOOTH SHAMPOO 180 ML","166","150","131.14","12.57","14.38","16","18.86","","","","","","","","","","","","","","","","",""
"8909106025080","33051090","SUNSILK SILK SMOOTH SHAMPOO 350 ML","390","360","315.1","12.47","14.25","30","44.9","","","","","","","","","","","","","","","","",""
"8909106025097","33051090","SUNSILK SILK SMOOTH SHAMPOO 650 ML","882","600","494.87","17.52","21.24","282","105.13","","","","","","","","","","","","","","","","",""
"8901030687938","33059090","SUNSILK SUPER SHINE SERUM 20 ML","60","55","43.09","21.65","27.64","5","11.91","","","","","","","","","","","","","","","","",""
"8909106023802","33059090","SUNSILK SUPER SHINE SERUM 45 ML","135","115","96.95","15.7","18.62","20","18.05","","","","","","","","","","","","","","","","",""
"8909106047099","33051090","SUNSILK THICK & LONG + 5.5 ML","1","1","0.76","24","31.58","0","0.24","","","","","","","","","","","","","","","","",""
"8909106034167","33051090","SUNSILK THICK & LONG SHAMPOO 180 ML","158","150","124.82","16.79","20.17","8","25.18","","","","","","","","","","","","","","","","",""
"8909106034150","33051090","SUNSILK THICK & LONG SHAMPOO 80 ML","54","50","42.66","14.68","17.21","4","7.34","","","","","","","","","","","","","","","","",""
"8909106034174","33051090","SUNSILK THIK & LONG SHAMPOO 350 ML","370","350","298.94","14.59","17.08","20","51.06","","","","","","","","","","","","","","","","",""
"8909106034181","33051090","SUNSILK THIK & LONG SHAMPOO 650 ML","840","600","471.3","21.45","27.31","240","128.7","","","","","","","","","","","","","","","","",""
"8904250307945","291421","SURABHI PURE CAMPHOR 50 G","100","80","60","25","33.33","20","20","","","","","","","","","","","","","","","","",""
"8909106026346","34029011","SURF EXCEL 500 G EAST MINUS NESA PD BVI","71","65","60.06","7.6","8.23","6","4.94","","","","","","","","","","","","","","","","",""
"8909106047242","3401","SURF EXCEL BAR FW 84 G","10","10","9.06","9.4","10.38","0","0.94","","","","","","","","","","","","","","","","",""
"8909106025554","34025000","SURF EXCEL EASY WASH 1KG","140","135","120.13","11.01","12.38","5","14.87","","","","","","","","","","","","","","","","",""
"8909106011038","34025000","SURF EXCEL EASY WASH 3 KG","390","370","332.33","10.18","11.34","20","37.67","","","","","","","","","","","","","","","","",""
"8909106071117","34025000","SURF EXCEL EASY WASH 70 G","10","10","8.77","12.3","14.03","0","1.23","","","","","","","","","","","","","","","","",""
"8909106007314","34025000","SURF EXCEL EASY WASH 75 G","10","10","8.77","12.3","14.03","0","1.23","","","","","","","","","","","","","","","","",""
"8901030725685","3402","SURF EXCEL EASY WASH LIQUID 1 LTR","205","200","187.44","6.28","6.7","5","12.56","","","","","","","","","","","","","","","","",""
"8901030732331","3402","SURF EXCEL EASY WASH LIQUID 500 ML","105","103","97.22","5.61","5.95","2","5.78","","","","","","","","","","","","","","","","",""
"8909106035980","34025000","SURF EXCEL EW POWDER 750 G (6T} BVI","99","95","83.27","12.35","14.09","4","11.73","","","","","","","","","","","","","","","","",""
"8909106051102","3402","SURF EXCEL MATIC FRONT LOAD 1L","169","169","136.34","19.33","23.95","0","32.66","","","","","","","","","","","","","","","","",""
"8909106006478","3402","SURF EXCEL QUICK WASH 1 KG","230","225","210.3","6.53","6.99","5","14.7","","","","","","","","","","","","","","","","",""
"8909106006485","3402","SURF EXCEL QUICK WASH 500 G","115","110","105.15","4.41","4.61","5","4.85","","","","","","","","","","","","","","","","",""
"","","SURF EXCEL STAIN ERASER BAR 145 G","20","20","18.69","6.55","7.01","0","1.31","","","","","","","","","","","","","","","","",""
"8901030523878","3402","SURF EXCELL MATIC FRONT LOAD 1 KG","290","280","265.16","5.3","5.6","10","14.84","","","","","","","","","","","","","","","","",""
"8901030523861","3402","SURF EXCELL MATIC TOP LOAD 1 KG","270","265","246.87","6.84","7.34","5","18.13","","","","","","","","","","","","","","","","",""
"","","SWEET BREAD 150 G","10","10","9","10","11.11","0","1","","","","","","","","","","","","","","","","",""
"","","SWISS ROLL BOX","60","60","45","25","33.33","0","15","","","","","","","","","","","","","","","","",""
"8909106079519","2101","TAAZA ELAICHI CHASKA 28 G","10","10","7.29","27.1","37.17","0","2.71","","","","","","","","","","","","","","","","",""
"8909106024434","902","TAAZA LEAF 33 G","10","10","8.58","14.2","16.55","0","1.42","","","","","","","","","","","","","","","","",""
"8909106026186","902","TAAZA LEAF 90 G","25","25","22.44","10.24","11.41","0","2.56","","","","","","","","","","","","","","","","",""
"8909106010949","902","TAAZA MASALA CHASKA 30 G","10","10","7.29","27.1","37.17","0","2.71","","","","","","","","","","","","","","","","",""
"","8041010","TAJ  ROYAL DATES 500 G","90","70","50","28.57","40","20","20","","","","","","","","","","","","","","","","",""
"8901030631009","9024040","TAJ MAHAL TEA BAGS 47.5 G","80","75","64.32","14.24","16.6","5","10.68","","","","","","","","","","","","","","","","",""
"","","TARGET PUBLICATIONS 76","28","28","24","14.29","16.67","0","4","","","","","","","","","","","","","","","","",""
"8904043908120","25010090","TATA BLACK SALT 70 G","10","10","8.2","18","21.95","0","1.8","","","","","","","","","","","","","","","","",""
"","","TATA GLUCO LEMONY ZING 200 ML","10","10","7.91","20.9","26.42","0","2.09","","","","","","","","","","","","","","","","",""
"","","TATA GLUCO ORANGE 200 ML","10","10","7.91","20.9","26.42","0","2.09","","","","","","","","","","","","","","","","",""
"8904043905389","28363000","TATA I SHAKTI COOKING SODA 70 G","10","10","6.78","32.2","47.49","0","3.22","","","","","","","","","","","","","","","","",""
"801541513710","17011310","TATA OI JAGGERY POWDER 500 G","110","105","83.1","20.86","26.35","5","21.9","","","","","","","","","","","","","","","","",""
"19/05/2026","25010010","TATA SALT 1 KG","30","30","25.9","13.67","15.83","0","4.1","","","","","","","","","","","","","","","","",""
"","","TATA SALT LITE 1 KH","50","","42.4","0","20","100","-42.4","","","","","","","","","","","","","","","","",""
"8904043902326","11041900","TATA SAMPANN POHA 500 G","57","50","43.1","13.8","16.01","7","6.9","","","","","","","","","","","","","","","","",""
"8901052006021","902","TATA TEA AGNI ELAICHI 30 G","10","10","7.6","24","31.58","0","2.4","","","","","","","","","","","","","","","","",""
"8901052000920","902","TATA TEA GOLD 100 G","45","40","31.74","20.65","26.02","5","8.26","","","","","","","","","","","","","","","","",""
"8901052000937","90240","TATA TEA GOLD 19 G","10","10","8.09","19.1","23.61","0","1.91","","","","","","","","","","","","","","","","",""
"8901052000807","90240","TATA TEA GOLD 250 G","130","125","114.28","8.58","9.38","5","10.72","","","","","","","","","","","","","","","","",""
"8901052000944","90240","TATA TEA GOLD 9.5 G","5","5","4","20","25","0","1","","","","","","","","","","","","","","","","",""
"8901052004652","9023020","TATA TEA PREMIUM 250 G","100","95","89.04","6.27","6.69","5","5.96","","","","","","","","","","","","","","","","",""
"8901052004645","9023090","TATA TEA PREMIUM DESH KI CHAI 100 G","30","35","26","25.71","34.62","-5","9","","","","","","","","","","","","","","","","",""
"8909081009457","2106","TEDHE MEDHE XTRAA TEEKHA","10","10","8.5","15","17.65","0","1.5","","","","","","","","","","","","","","","","",""
"","","TEJ PATA","10","10","5","50","100","0","5","","","","","","","","","","","","","","","","",""
"8901052087785","902","TETLEY GREEN  TEA 10 S","75","75","63.81","14.92","17.54","0","11.19","","","","","","","","","","","","","","","","",""
"8901052008834","902","TETLEY GREEN TEA  25 TEA BAGS","195","185","161.9","12.49","14.27","10","23.1","","","","","","","","","","","","","","","","",""
"8901052087808","902","TETLEY GREEN TEA 100 G","170","165","142.85","13.42","15.51","5","22.15","","","","","","","","","","","","","","","","",""
"","","THE DERME CO 1% HYALURONOC SUNSCREEN AQUA GEL WITH SPF 50 PA+++50 G","499","449","399.2","11.09","12.47","50","49.8","","","","","","","","","","","","","","","","",""
"8901764042904","22029990","THUMBS UP 2.25 L","100","100","91.77","8.23","8.97","0","8.23","","","","","","","","","","","","","","","","",""
"8901764042911","22029990","THUMBS UP 250 ML","20","20","17.53","12.35","14.09","0","2.47","","","","","","","","","","","","","","","","",""
"8901764042270","22029990","THUMBS UP 750 ML","40","40","36.7","8.25","8.99","0","3.3","","","","","","","","","","","","","","","","",""
"8901764972065","22029990","THUMBS UP XFORCE 250 ML","10","10","8.53","14.7","17.23","0","1.47","","","","","","","","","","","","","","","","",""
"8901764042812","22029990","THUMS UP 740 ML","35","35","32.12","8.23","8.97","0","2.88","","","","","","","","","","","","","","","","",""
"8000500426029","17049090","TIC TAC INTENSE MINT 13 G","18","18","15.41","14.39","16.81","0","2.59","","","","","","","","","","","","","","","","",""
"","","TIC TAC MINT","18","","15.41","0","20","100","-15.41","","","","","","","","","","","","","","","","",""
"","17049090","TIC TAC MINT 13 G","18","18","15.41","14.39","16.81","0","2.59","","","","","","","","","","","","","","","","",""
"8000500411018","17049090","TIC TAC ORANGE 13 G","18","18","15.41","14.39","16.81","0","2.59","","","","","","","","","","","","","","","","",""
"8000500165607","17049090","TIC TAC SPEARMINT 13 G","18","18","15.41","14.39","16.81","0","2.59","","","","","","","","","","","","","","","","",""
"8000500410974","17049090","TICTAC  STRAWBERRY 13 G","18","18","15.41","14.39","16.81","0","2.59","","","","","","","","","","","","","","","","",""
"","","TILL POP","20","20","0","100","0","0","20","","","","","","","","","","","","","","","","",""
"","","TOILET BRUSH","140","120","90","25","33.33","20","30","","","","","","","","","","","","","","","","",""
"8909106002159","33059090","TRESEMME HAIRFALL DEFENSE CONDITIONER  190 ML","290","275","234.31","14.8","17.37","15","40.69","","","","","","","","","","","","","","","","",""
"8909106026490","33059090","TRESEMME HAIRFALL DEFENSE SHAMPOO 180 ML","172","160","135.88","15.08","17.75","12","24.12","","","","","","","","","","","","","","","","",""
"8909106068452","33059090","TRESEMME HYDRA MATRIX  SHAMPOO 340 ML","440","400","335.75","16.06","19.14","40","64.25","","","","","","","","","","","","","","","","",""
"8909106068445","33059090","TRESEMME HYDRA MATRIX 185 ML","195","175","145.3","16.97","20.44","20","29.7","","","","","","","","","","","","","","","","",""
"8909106068476","33059090","TRESEMME HYDRA MATRIX CONDITIONER 190 ML","325","295","247.99","15.94","18.96","30","47.01","","","","","","","","","","","","","","","","",""
"8909106069169","33059090","TRESEMME HYDRA MATRIX CONDITIONER 80 ML","133","125","101.49","18.81","23.16","8","23.51","","","","","","","","","","","","","","","","",""
"8909106085251","33059090","TRESemme KERATIN 5.5 ML","2","2","1.46","27","36.99","0","0.54","","","","","","","","","","","","","","","","",""
"8909106045651","33059090","TRESemme KERATIN 7 ML","4","4","3.13","21.75","27.8","0","0.87","","","","","","","","","","","","","","","","",""
"8909106026117","33059090","TRESEMME KERATIN SMOOTH + SHAMPOO 180 ML","172","160","135.88","15.08","17.75","12","24.12","","","","","","","","","","","","","","","","",""
"8909106001442","33059090","TRESEMME KERATIN SMOOTH CONDITIONER 80 ML","131","125","105.84","15.33","18.1","6","19.16","","","","","","","","","","","","","","","","",""
"8901030928574","33059090","TRESEMME KERATIN SMOOTH SERUM 25ML","99","85","71.1","16.35","19.55","14","13.9","","","","","","","","","","","","","","","","",""
"8909106026100","33059090","TRESEMME KERATIN SMOOTH+ SHAMPOO 340 ML","435","410","351.46","14.28","16.66","25","58.54","","","","","","","","","","","","","","","","",""
"8909106006546","33059090","TRESEMME LAMELLAR GLOSS SHAMPOO 185 ML","181","175","142.99","18.29","22.39","6","32.01","","","","","","","","","","","","","","","","",""
"8909106006553","33059090","TRESEMME LAMELLAR GLOSS SHAMPOO 340 ML","437","410","353.07","13.89","16.12","27","56.93","","","","","","","","","","","","","","","","",""
"8909106006539","33059090","TRESEMME LAMELLAR GLOSS SHAMPOO 85 ML","70","65","55.3","14.92","17.54","5","9.7","","","","","","","","","","","","","","","","",""
"8909106026209","33059090","TRESEMME SMOOTH SHINE + SHAMPOO  180 ML","172","160","135.88","15.08","17.75","12","24.12","","","","","","","","","","","","","","","","",""
"8909106001398","33059090","TRESEMME SMOOTH SHINE CONDITINER 190 ML","318","300","256.93","14.36","16.76","18","43.07","","","","","","","","","","","","","","","","",""
"","17049090","TTIC TAC  STRAWBERRY 13 G","18","17","5.56","67.29","205.76","1","11.44","","","","","","","","","","","","","","","","",""
"","","TYLEXA TOIET CLEANER  500 ML","250","95","70","26.32","35.71","155","25","","","","","","","","","","","","","","","","",""
"8904362507257","33049990","UBTAN NIGHT CREAM 50 G","300","270","216","20","25","30","54","","","","","","","","","","","","","","","","",""
"","","UNV HOME WARE WATER BOTTLE","250","","147","0","20","100","-147","","","","","","","","","","","","","","","","",""
"8904362507134","3304","UTBAN FACE MASK 50 G","275","245","198","19.18","23.74","30","47","","","","","","","","","","","","","","","","",""
"8904362507165","33049990","UTBAN FACE WASH 120 ML","249","210","179.28","14.63","17.14","39","30.72","","","","","","","","","","","","","","","","",""
"8904362507387","33049910","UTBAN LIGHT DAY CREAM 50 G","275","240","198","17.5","21.21","35","42","","","","","","","","","","","","","","","","",""
"8904362534888","8507","UTBAN POWER 5 G","10","10","7.9","21","26.58","0","2.1","","","","","","","","","","","","","","","","",""
"8901030815911","34022020","V WASH 100 ML","200","180","144.44","19.76","24.62","20","35.56","","","","","","","","","","","","","","","","",""
"8904482801112","3303","VANESA TOUCHE DEO MIST 150 ML","175","145","105","27.59","38.1","30","40","","","","","","","","","","","","","","","","",""
"8904482801129","33072000","VANESA WHISPER DEO MIST 150 ML","175","145","105","27.59","38.1","30","40","","","","","","","","","","","","","","","","",""
"8901030650314","21050000","VANILLA SUPREME  CUP 90 ML","18","20","14.28","28.6","40.06","-2","5.72","","","","","","","","","","","","","","","","",""
"8901396040606","34022090","VANISH LIQUIT 180 ML","80","78","72.1","7.56","8.18","2","5.9","","","","","","","","","","","","","","","","",""
"8901030916250","33049990","VASELINE  SKIN PROTECTING JELLY 40 G","95","90","81.02","9.98","11.08","5","8.98","","","","","","","","","","","","","","","","",""
"8901030515521","33049990","VASELINE ALOE FRESH LTN 90 ML","125","120","103.24","13.97","16.23","5","16.76","","","","","","","","","","","","","","","","",""
"8901030997280","33041000","VASELINE DAILY BRIGHTENING BRIGHT 400 ML","565","470","317.01","32.55","48.26","95","152.99","","","","","","","","","","","","","","","","",""
"8901030978227","33049930","VASELINE LIGHT HYDRATE LTN 90 ML","99","95","81.76","13.94","16.19","4","13.24","","","","","","","","","","","","","","","","",""
"8909106056251","33049930","VASELINE MOISTURE  LOTION 85 ML","90","85","74.33","12.55","14.35","5","10.67","","","","","","","","","","","","","","","","",""
"8901030916267","27121090","VASELINE SKIN PROTECTING JELLY 20 G","57","55","48.61","11.62","13.15","2","6.39","","","","","","","","","","","","","","","","",""
"","27121090","VASELINE SKIN PROTECTING JELLY 5.5 G","5","5","4.26","14.8","17.37","0","0.74","","","","","","","","","","","","","","","","",""
"8901030916236","27121090","VASELINE SKIN PROTECTING JELLY 85 G","174","170","148.39","12.71","14.56","4","21.61","","","","","","","","","","","","","","","","",""
"8909106048683","33049930","VASELINE SOFT CLOUD LIGHT MOISTURISER 25 ML","55","55","47.64","13.38","15.45","0","7.36","","","","","","","","","","","","","","","","",""
"8909106048270","33049930","VASELINE SOFT CLOUD LIGHT MOISTURISER 50 ML","130","125","112.61","9.91","11","5","12.39","","","","","","","","","","","","","","","","",""
"8901030827310","33049910","VASELINEPETROLEUM JELLY 42 G","100","95","85.28","10.23","11.4","5","9.72","","","","","","","","","","","","","","","","",""
"","","VASLINE ALOE FRESH SERUM IN LOTION 85 ML","125","125","92.04","26.37","35.81","0","32.96","","","","","","","","","","","","","","","","",""
"8901030862717","33041000","VASLINE LIP CARE 10 G","49","45","32.92","26.84","36.7","4","12.08","","","","","","","","","","","","","","","","",""
"8909106068032","33041000","VASLINE LIP CARE 5 G","20","20","0","100","0","0","20","","","","","","","","","","","","","","","","",""
"8901207038471","33059019","VATIKA ENRICHED COCONUT HAIR OIL 150 ML","90","85","78.33","7.85","8.52","5","6.67","","","","","","","","","","","","","","","","",""
"8901396601807","33079090","VEET 30 G","109","105","94.01","10.47","11.69","4","10.99","","","","","","","","","","","","","","","","",""
"8901595851218","19021900","VEG HAKKA NOODLES","28","28","24.29","13.25","15.27","0","3.71","","","","","","","","","","","","","","","","",""
"8904086302114","5601","VEGA COTTON BALLS","85","80","51.85","35.19","54.29","5","28.15","","","","","","","","","","","","","","","","",""
"8904086302107","96162000","VEGA COTTON PADS 50 PADS","141","130","86.01","33.84","51.15","11","43.99","","","","","","","","","","","","","","","","",""
"21237661","30049011","VICJS VAPORUB CLASSIC","23","23","18","21.74","27.78","0","5","","","","","","","","","","","","","","","","",""
"4987176356178","17049090","VICKS DOUBLE POWER","2","2","1.29","35.5","55.04","0","0.71","","","","","","","","","","","","","","","","",""
"","","VICKS INHALER 0.5ML","60","60","50","16.67","20","0","10","","","","","","","","","","","","","","","","",""
"","3304","VICTORIA BRAND","15","15","8","46.67","87.5","0","7","","","","","","","","","","","","","","","","",""
"8909106066434","34011990","VIM  MAHA TUB BER 00 G","49","49","41.25","15.82","18.79","0","7.75","","","","","","","","","","","","","","","","",""
"8909106018006","3402","VIM 100+ ODOURS & GREASE GONE IN 1 WASH LIQUID 500 ML","135","130","119.72","7.91","8.59","5","10.28","","","","","","","","","","","","","","","","",""
"","","VIM BAR LEMONS 480 G","50","50","44.44","11.12","12.51","0","5.56","","","","","","","","","","","","","","","","",""
"","3401","VIM LEMONS 240 G","28","28","23.89","14.68","17.2","0","4.11","","","","","","","","","","","","","","","","",""
"8901030535697","34011990","VIM MAHA 110 G","10","10","8.86","11.4","12.87","0","1.14","","","","","","","","","","","","","","","","",""
"","","VIM NEW 100+ ODOURS & GREASE 190 ML","25","","22.22","0","20","100","-22.22","","","","","","","","","","","","","","","","",""
"8901030538421","34029099","VIM NEW 100+ ODOURS & GREASE GONE IN 1 WASH LIQUID  200 ML","25","25","21.03","15.88","18.88","0","3.97","","","","","","","","","","","","","","","","",""
"8909106017993","34029099","VIM NEW 100+ ODOURS & GREASE GONE IN 1 WASH LIQUID  250 ML ML","60","60","53.21","11.32","12.76","0","6.79","","","","","","","","","","","","","","","","",""
"8909106017924","34022090","VIM NEW GONE IN 1 WASH 115 ML","15","15","11.65","22.33","28.76","0","3.35","","","","","","","","","","","","","","","","",""
"8909106004528","34025000","VIM POWER OF 100 LEMONS","5","5","4.54","9.2","10.13","0","0.46","","","","","","","","","","","","","","","","",""
"8909106066441","34025000","VIM POWER OF 100 LEMONS BER 250 G","27","27","22.5","16.67","20","0","4.5","","","","","","","","","","","","","","","","",""
"8901030987618","34011942","VIM POWER OF LEMONNS  BER 110+50 G","10","10","8.83","11.7","13.25","0","1.17","","","","","","","","","","","","","","","","",""
"8909106083707","34011990","VIMBAR 240 G","28","28","0","100","0","0","28","","","","","","","","","","","","","","","","",""
"8905267812583","3822","VIRINDA DENGUE ATTACK","15","10","6","40","66.67","5","4","","","","","","","","","","","","","","","","",""
"8904362505451","33049990","VITAMIN C GEL CREME 50 G","280","250","201.6","19.36","24.01","30","48.4","","","","","","","","","","","","","","","","",""
"8901725937386","34011190","VIVEL ALOE VERA BUY 4 GET 1 FREE","105","100","87.58","12.42","14.18","5","12.42","","","","","","","","","","","","","","","","",""
"8901725931995","34011190","VIVEL ALOE VERA SATIN SOFT SKIN 48.5 G","10","10","8.61","13.9","16.14","0","1.39","","","","","","","","","","","","","","","","",""
"8901725931827","34011190","VIVEL COOL MINTT BUY 3 GET 1 FREE","120","105","89.07","15.17","17.88","15","15.93","","","","","","","","","","","","","","","","",""
"8901725917821","34011190","VIVEL GLYCERIN AND PURE ALMOND OIL SOFT MOISTURIZED SKIN  60 G","17","17","15.03","11.59","13.11","0","1.97","","","","","","","","","","","","","","","","",""
"8901725931117","34011190","VIVEL GLYCERIN BUY 3 GET 1 FREE","114","114","100.85","11.54","13.04","0","13.15","","","","","","","","","","","","","","","","",""
"8905110008453","34011190","VIVEL LIME + ALOE VERA SOFT FRESH SKIN 48.5 G","10","10","8.7","13","14.94","0","1.3","","","","","","","","","","","","","","","","",""
"8905110009122","34011190","VIVEL LIME AND ALOE VERA BUY 4 GET 1","110","100","81.34","18.66","22.94","10","18.66","","","","","","","","","","","","","","","","",""
"8901725937249","34011110","VIVEL LOTUS  OIL + ALOE VERA  SOFT GLOWING SKIN 39 G","10","10","8.62","13.8","16.01","0","1.38","","","","","","","","","","","","","","","","",""
"","","VIVEL LOTUS OIL + ALOE VERA SOFT GLOWINGG SKIN","95","95","81.83","13.86","16.09","0","13.17","","","","","","","","","","","","","","","","",""
"8905110009108","34011110","VIVEL RED AV & WR SHOWER GEL 200 ML","80","70","50.91","27.27","37.5","10","19.09","","","","","","","","","","","","","","","","",""
"8905110009306","34011110","VIVEL SANDAL BUY 4 GET 1 FREE","135","120","99.83","16.81","20.2","15","20.17","","","","","","","","","","","","","","","","",""
"8905110009313","34011190","VIVEL SANDAL GLOWING AND SOFT SKIN 45.5 G","10","10","8.58","14.2","16.55","0","1.42","","","","","","","","","","","","","","","","",""
"","","VOKKA THAI AQUA LUXURY 100 ML","1149","","300","0","20","100","-300","","","","","","","","","","","","","","","","",""
"","","VOKKA THAI OUD LUXURY 100 ML","1149","","300","0","20","100","-300","","","","","","","","","","","","","","","","",""
"8901296067505","30049069","VOLINI  PAIN RELIEF  20 G","110","105","90","14.29","16.67","5","15","","","","","","","","","","","","","","","","",""
"8901296024690","30049069","VOLINI  PAIN RELIEF SPRAY 15 G","83","83","76.2","8.19","8.92","0","6.8","","","","","","","","","","","","","","","","",""
"","","WATER MELON CUTTER","100","","60","0","20","100","-60","","","","","","","","","","","","","","","","",""
"8901808000013","21023000","WEIKFIELD BAKING POWDER 50 G","24","24","19.5","18.75","23.08","0","4.5","","","","","","","","","","","","","","","","",""
"8901808000785","18050000","WEIKFIELD COCOA  POWDER 50 G","98","95","81.66","14.04","16.34","3","13.34","","","","","","","","","","","","","","","","",""
"8906015540116","21039020","WEIKFIELD GREEN CHILLI SAUCE 200 G","60","55","45","18.18","22.22","5","10","","","","","","","","","","","","","","","","",""
"8909106035102","21031000","WEIKFIELD SOYA SAUCE 220 G","60","55","45","18.18","22.22","5","10","","","","","","","","","","","","","","","","",""
"8909106035102","40169320","WHEEL LMN & ORING PWD A+400 G","31","30","26.6","11.33","12.78","1","3.4","","","","","","","","","","","","","","","","",""
"4987176321152","96190010","WHISPER CHOICE  REGULAR","37","37","31","16.22","19.35","0","6","","","","","","","","","","","","","","","","",""
"","","WHISPER CHOICE ALLL DAY XL","45","45","38","15.56","18.42","0","7","","","","","","","","","","","","","","","","",""
"4987176318428","96190010","WHISPER CHOICE COTTONY SOFT","50","50","45.03","9.94","11.04","0","4.97","","","","","","","","","","","","","","","","",""
"4987176319432","96190010","WHISPER CHOICE NIGHT XXL","55","55","43.09","21.65","27.64","0","11.91","","","","","","","","","","","","","","","","",""
"","","WHISPER CHOICE NIGHTS XXL","150","","121","0","20","100","-121","","","","","","","","","","","","","","","","",""
"4987176319517","96190010","WHISPER CHOICE ULTRA XL","50","50","42.5","15","17.65","0","7.5","","","","","","","","","","","","","","","","",""
"4987176319159","96190010","WHISPER CHOICE XL","45","45","37.5","16.67","20","0","7.5","","","","","","","","","","","","","","","","",""
"8908001158077","33049110","WHITE TONE FACE POWDER 30 G","65","60","48.41","19.32","23.94","5","11.59","","","","","","","","","","","","","","","","",""
"8908001158299","33049110","WHITE TONE FACE POWDER 50 G","85","75","62.33","16.89","20.33","10","12.67","","","","","","","","","","","","","","","","",""
"8904238303259","33049110","WHITE TONE FACE POWDER 80 G","115","110","92.44","15.96","19","5","17.56","","","","","","","","","","","","","","","","",""
"8908001158381","33049910","WHITE TONE SOFT & SMOOTH 25 G","75","75","61.81","17.59","21.34","0","13.19","","","","","","","","","","","","","","","","",""
"8908001158374","33049910","WHITETONE SOFT  SMOOTH 15 G","48","48","40","16.67","20","0","8","","","","","","","","","","","","","","","","",""
"","21039090","WILLIAMS KASUNDI 700 GM","77","50","35","30","42.86","27","15","","","","","","","","","","","","","","","","",""
"","22090010","WILLIAMS VINEGAR 350 ML","35","30","17","43.33","76.47","5","13","","","","","","","","","","","","","","","","",""
"","","WILLIAMT","32","30","20","33.33","50","2","10","","","","","","","","","","","","","","","","",""
"","","WOMANICA PREMIUM XL","85","","58","0","20","100","-58","","","","","","","","","","","","","","","","",""
"","","YIPPEE MAGIC MASALA PENCIL WORTH FREE","10","10","9","10","11.11","0","1","","","","","","","","","","","","","","","","",""
"8901725005856","19023010","YIPPEE NOODLES 25.1 G","5","5","4.65","7","7.53","0","0.35","","","","","","","","","","","","","","","","",""
"8901725018016","19023010","YIPPEE NOODLES MAGIC MASALA 51.2 G","10","10","8.81","11.9","13.51","0","1.19","","","","","","","","","","","","","","","","",""
"8901725017958","19023010","YIPPEE NOODLES WOW 51.2 G","10","10","8.81","11.9","13.51","0","1.19","","","","","","","","","","","","","","","","",""
"8901248701129","30049011","ZANDU ULTRA POWER BALM 8 ML","48","45","42","6.67","7.14","3","3","","","","","","","","","","","","","","","","",""